row,narrative
4000,"Follow up to my previous Consumer finance XX/XX/XXXX complaint Proof of Deed of Reconveyance, per Real Time Resolution creditor response This notice is a CEASE AND DESIST Real Time Resolution a debt collector for XXXX XXXX XXXX ( company no longer in business ) recorded a Second Trust Deed Default XX/XX/XXXX in the amount of {XXXX} on behalf of XXXX XXXX XXXX. 

I have told this company many times I DO NOT OWE DEBT to XXXX XXXX XXXX and that I received a Deed of Reconveyance in XXXX, and I have not obtained any loans after XXXX. 

On XX/XX/XXXX, the first available appointment at XXXX XXXX XXXX XXXX Registrar-Recorder/County Clerk office at XXXX XXXX XXXX, XXXX CA XXXX, records show for XXXX XXXX XXXX, XXXX XXXX CA XXXX "" No!!!! Deed of Trust owning any debt WAS NEVER FILED from XXXX XXXX XXXX after XXXX '' However, I did obtain from XXXX XXXXXXXX XXXX  XXXX XXXX Registar Recorder/County Clerk office, that On XX/XX/XXXX, XXXX XXXX XXXX filed a "" Deed of Reconveyance ''. See attachments I'm asking Cease and desist all liens and/or Defaults affiliated with XXXX XXXX XXXX be removed from property located at XXXX XXXX XXXX, XXXX XXXX XXXX CA XXXX"
4001,"This complaint involves a fraudulent rental debt resulting from identity theft. I did not apply for, authorize, or sign any lease agreement associated with this account. I have never lived at the property and have no connection to the lease. I have filed a police report confirming that I am a XXXX XXXX XXXX XXXX. I contacted the apartment management company multiple times to resolve this issue. Initially, I was told that documentation had been sent internally and that it would be handled. However, when I followed up, the individual they claimed had the documentation confirmed that she had not received anything. After that, the management contradicted their prior statements and admitted that no documentation existed. Despite being notified of the identity theft, they refused to investigate, correct the account, or provide documentation confirming that the account is fraudulent. Their final response was that they are unable to assist and directed me to the collection agency. I also contacted the collection agency, and they confirmed multiple times that they can not take any action without documentation from the apartment management confirming that the account is fraudulent. As a result, I am being held responsible for a debt I did not create, and I am unable to resolve it because the apartment management refuses to cooperate or correct the error."
4002,There rates our extreme and even if you pay more than the monthly installment the rate is set so high you make no impact on the principal - Original loan amount XXXX dollars Normal Monthly Payment XXXX per month Made payment over 6 months on time XXXX x XXXX = XXXX Made 2 payments of XXXX x XXXX = XXXX Total payments XXXX Loan Balance on the original XXXX XXXX Even after making more than XXXX dollars above original loan amount - they are predatory in nature and set so you will be in debt with them for longer term
4003,"I'm trying to open an online account with Citizens Bank. It asks for personal information - Social Security number, birthday, etc. But when I enter my the information, it does NOT hide my typing with *** asterisks *** as it should. I don't have internet at home and use library computers where anyone walking by can see what I'm typing ; also, librarians can see my screen from their computers in the office. 

This is VERY insecure and puts the customer at risk of having his identity stolen. And it's probably illegal. Doesn't the law require banks to safeguard customers ' private information? 

When Citizens informs me that this problem has been fixed, I'll open an account online. 

If Citizens refuses to fix this problem, or tells me that I must waste my time going into a branch to open an account, I will file further complaints with the XXXX  and AG."
4004,"On XX/XX/year>, American Express unilaterally closed all of my credit cards and checking accounts, including personal and business accounts, without providing any valid reason or prior notice. I contacted customer service several times, but I have not received a clear explanation for the closures. I have never misused my accounts, and my credit history and transaction records with American Express have always been in good standing. 

Additionally, I requested refund for annual fees as required under Massachusetts law. However, American Express has refused to process any refund or provide adequate assistance, which I believe is a violation of consumer protection laws. 

The closure of my business account has caused major disruptions to my operations. I have never misused my accounts, and no violations were cited. 

I am also concerned that this action may be part of a broader pattern of discriminatory targeting of XXXX American cardholders according my observation and sharing from social media. I believe this may constitute unfair and discriminatory practices. 

I have attached some of my accounts closure notices by American Express by email and the online chat with American Express customer service seeking solutions."
4005,"I have been trying to use the mobile check deposit with chime since XX/XX/XXXX and once you take the photo of check hit submit it continues to give error "" we can not read numbers on bottom of check '' yet before you accept the photo it says "" if you can not read this, then we can not read this '', sent email to chime support XX/XX/XXXX XXXX response XX/XX/XXXX XXXX a nut shell i as told to uninstall/reinstall app which i did take more photos dark background with more light which i did if still did not work screen shot error and reply back which i did. 
XX/XX/XXXX XXXX no response to reply-sent another email no response-sent another email XXXX. 
called XXXX XX/XX/XXXX asked for supervisor XXXX XXXX was told to take more photos because of shadows would stat on line to see but call dropped. 
XXXX called back XXXX XXXX who told me creases on check along with shadows-take more pics. also told me to iron the check! then call dropped. I then got idea to get personal check from old bank acct that is closed, I took pic of the front of check only hit submit and it sent!!! now it was a blank check but it fit in the photo box perfect. that check measured 6 '' and real check is 8 1/2 '' long! 
called back s/w XXXX and was told check is pending review to which i explained that is blank check and the app took that but not the real one ... ... he started laughing because he couldn't believe it along with he couldn't believe how many pics of this check there was and said he couldn't understand why it would not send because what he was looking at all looked clear! he even called off all the numbers of this check and of course call dropped. i live in the country service is wonderful. 
called again this time got XXXX at XXXX who was just a smart XXXX ( sorry ) told me same old take new pics-I explained the above and he said well sorry nothing we can do you will have to take check elsewhere. I asked to speak with someone higher he said there is no one above him!"
4006,"Commencing on or about XXXX XX/XX/year>, I fell victim to a multi-layered scam operation run by a group of scammers ( the Company ), which involved me making deposits for a total amount of XXXX USD from my Kraken account to a fraudulent investment firm ( s )."
4007,XXXX XXXX  sent a last payment of XXXX after the loan was paid off and closed. The payment reached Bridgecrest last Tuesday. The payment cleared the bank on XXXXXXXX XXXX. I have been calling Bridgecrest Every day and have been lied to again and again.
4008,"Subject : Dispute Regarding Late Payment Entries on Credit Report To who it may concern, I am writing to address a significant issue concerning my credit report, which indicates late payment on my account with your company. This reported late payment is negatively impacting my credit score and affecting my ability to obtain new credit. 

The credit report reflects late payments on XX/XX/year>. 
XXXX XXXX XXXXXXXX XXXX I believe there may be inaccuracies in these records. It is crucial that your company complies with legal requirements to ensure the accuracy of reported information. This includes correctly sending statements and bills to my current address, processing address changes promptly, and recording payments accurately and on time."
4009,"XXXX XXXX XXXX  has been calling me almost 2X 's a day ( or every other day ) for the past 2 months. I've spoken to 2 agents. I spoke with an agent about a debt they have stated was owed to Speedy Cash-loan company. The agent stated that they bought my information from Speedy Cash. He couldn't tell me the year the so called debt was unpaid. I advised that I have used this agency before many times & paid my loans. They have started sending me letters & stated that they will keep reporting this as a debt on my credit. I asked how did they by my information, the agent did not know. I kept telling the agent that this is incorrect. I called the Speedy cash that I went through on XXXX XXXX, in XXXX, Tx & they no longer have anything on me that is passed due. I am a regular person & have also been hack around XXXX from my XXXX account. I have deleted that account & submitted a complaint about being hacked to the XXXX site along with documentations on the hacking. The agent also mentioned to me my current banking association & I informed him that the bank he mentioned was incorrect, so I hung up the phone as I realized that this might be another scammer/hacker trying to steal more personal information from me."
4010,"This complaint involves XXXX, XXXX XXXX, and XXXX XXXX. 

I have held an XXXX credit card for several years, and historically it was associated with an account at XXXX XXXX. I had automatic payments set for that account and never had a late payment. 

In 2022 XXXX switched providers to XXXX XXXX. I do not recall receiving any notice of this change, and the first I heard of it was when I received an alert that my credit score had dropped by nearly XXXX points. This change was made before I received a new credit card showing any kind of XXXX XXXX logo, and the automatic payments that I had set up at XXXX XXXX  did not transfer to XXXX  XXXX. 

I brought the account up to current in early XXXX immediately after learning about the issue, and in XXXX I mailed a letter to XXXX XXXX describing the issue and requesting to have the late payments removed from my credit history. XXXX XXXX responded on XX/XX/XXXX that they were unable to do so. 

I am requesting to have the late payments removed from my credit history. The change between credit providers was made without any input on my part, and had it not taken place my automatic payments would have prevented the issue from occurring."
4011,"XXXX - Complaint Number where your company stated, Our office is not reporting this account to any credit bureau XXXX 

Your company is furnishing information to my consumer report and it is harming my reputation and ability to move in commerce. You all are aware of my CEASE AND DESIST and I wish that you reframe from communication with me. Communication under the FDCPA means the conveying of information regarding a debt directly or indirectly to any person through any medium. 15 USC 1692a ( 2 ). 

I have attached proof of what was sent by mail."
4012,late XX/XX/XXXX i requested money be moved from my ira to my checking account i called the bank and they said to scan the request in i did so but i did not here anything i called the bank in early XX/XX/XXXX and the bank said they do not take scans the request and to be made by fax or in person i faxed the request on XX/XX/XXXX i did not here any thing so i called in late XX/XX/XXXX the bank said they had received the fax and it would be 6 to 10 weeks i told them i needed the transfer in XXXX for tax purposes the bank said they could back date the transfer if necessary on XX/XX/XXXX i called to check when i was going to get the money the bank on XXXX said the transfer was denied because my birthdate was not on the fax this not true my birthday was on form i faxed and that i would have to start all over i now have a tax problem for my XXXX return and i can not get money XXXX
4013,"XX/XX/XXXX. 
Midland credit management. 
Amount XXXX Have already paid XXXX XXXX XXXX  almost XXXX XXXX for a debt I didn't owe. 
My identity was stolen from me without my knowledge my XXXX XXXX  used all my personal information to do all these debts. At the time I was married to him I was a XXXX and was a XXXX XXXX XXXXXXXX XXXX XXXX XXXX XXXX XXXX XXXX He took care of the financial matters. I didn't have a steady job. Inspite of reporting to the credit bureau XXXX XXXX and XXXX, I still am repeatedly harassed by getting letters in the mail that I owe all this debt .and phone calls asking to verify my personal information.my credit has been affecting me to even rent a place to live. I am a single mom trying to take care of my child with needs and can not hold a full time job because of XXXX XXXX XXXX XXXX XXXX

I barely pay my bills with my part time job XXXX hours a week. I have no family or any support. 

In XX/XX/XXXX. My identity was stolen by a scammer online pretending to be an XXXX customer service representative.stole my identity this was reported to the law enforcement agency in XXXX XXXX WA. 
The reference number for the police report is XXXX. 
And for the identity theft reference number is XXXX. 

Please help ASAP. 
Thank you."
4014,"I began my mortgage shopping on XX/XX/XXXX. 

on XX/XX/XXXX i spoke with XXXX XXXX with Sammamish Mortgage I asked him to pull my credit to see if i qualify. XXXX refused, said he could do it the following day. I told him i didn't want to do it after today because i will be leaving the 14 day window for shopping. Outside of 14 days, if he pulls my credit it will have a hard ( negative ) impact on my vantage score. XXXX told me i have 45 days, but he is not aware that the 45 day window is only for XXXX, not XXXX. If i took steves advice, i would have a second hard incquiry on my XXXX XXXX which will affect my credit worthiness. 

It's important to properly educate customers that the 14 day shopping window is only for XXXX and the 45 day window is for XXXX. This can be indicator of XXXX, misleading the customer to get them to purchase a product."
4015,"A dispute was submitted with Experian on or around XX/XX/23 regarding 9 accounts from XXXX that showed factually incorrect payment history. Attached to this dispute was a document from the reporting creditor ( XXXX  ) showing that the accounts were in deferment or forbearance during the specified dates. 

Experian completed their "" investigation '' and noted that accounts were reporting correctly on or around XX/XX/23. Experian was called regarding this issue on the same date and informed me that there was nothing I could do regarding this situation. I asked to speak to a supervisor and this same information was parroted to me regarding my issue. 


The dates in question are : XXXX and XXXX for all XXXX XXXX Accounts listed on my credit report."
4016,"I am getting repeated robo-calls from XXXX - Harris and Harris Ltd . They ask me to call back at XXXX. 

I don't have any outstanding debts, and this is just a harassing scammer that won't stop calling."
4017,"I 'm writing to complain about what I think are excessive Late Fee charges over time. After deferring payments on this private loan for the maximum time, a year, because I was n't earning enough income to make my payments, I had to start making payments. I was fortunate enough to get a XXXX job so I could do that but my payments were still often late over a period of XXXX years, so I was charged many late payment fees. Those fees have totaled over {$350.00} so far and I think those are QUITE UNFAIR AND EXCESSIVE, especially considering my interest rate on this private student loan is over 12 %. Congress needs to write laws regarding the maximum late fees allowed yearly on private student loans. Having these private loans has certainly discouraged me from getting more education, something that would certainly benefit me in the job market. So my question is, is that what excessive LATE FEES and ridiculously high student loan INTEREST RATES are supposed to do? Are they supposed to DISCOURAGE people from pursuing graduate degrees? Is that what Congress thinks will be BEST for the economy, or do n't they think in those terms?"
4018,"Dual Tracking and Foreclosure violation by Caliber Homes Loan. We applied for loan modification due to unemployment and underemployment before XXXX XX/XX/XXXX and more than 37 days from the XXXX XXXXXX/XX/XXXX foreclosure, sale date on my home. However, although, our modification process is still currently going on, Caliber Home Loans, has simultaneously, scheduled a foreclosure date for XXXX XXXX, XX/XX/XXXX ( now, roughly, 2 wks from today ). 
Please, Help Now."
4019,"I had a personal loan with a company named XXXX for {$11000.00}. I paid off {$3600.00} of which {$1100.00} was interest. I took out the loan on XX/XX/XXXX. I made XXXX payments and unfortunately, I had to file for bankruptcy in XXXXXXXX XXXX XXXXXXXX, to save my home from foreclosure. A company named XXXX XXXX XXXX, then bought the debt and has been sending threatening letters from lawyers to me and is also trying to take me to court. They have also threatened to have me incarcerated if I don't show up to the court hearing."
4020,"Constant barrage of emails that youre invited to apply, special access numbers, the allurement of XXXX just to apply. All the while knowing they dont have loans for minorities. Never have, never will."
4021,"The following companies withdrew money from my savings account with Citi Bank : XX/XX/2019 XXXX XXXX Remittance  {$1400.00} XX/XX/2019 XXXX XXXX {$6800.00} and {$6500.00} XX/XX/2019 XXXX XXXX XXXX {$7200.00} XX/XX/2019 XXXX {$4200.00} All transaction were done fraudulently and I have never had combinations with any of the above Companies until I started contacting the companies to report the transactions as fraud. 

Citi Bank not once contacted me to make me aware these transaction were being processed nor did Citi Bank ever return any of my calls when we would get disconnected. the letter Citi Bank sent me gave me incorrect information on how to contact XXXX XXXX and made me contact XXXX  XXXX XXXX to get the merchants correct phone number. Citi bank did not conduct an accurate investigation on their end is making myself do the investigation for them. I am their client and been their client for over eleven years and I am appalled of their customer service and lack of disregard for their clients. I informed the bank in XXXX to not further allow any company that tried removing money from accounts and they did do their job. They allowed 5 fraudulently transactions to post on my account from 4 different companies with out properly alerting or questioning the third party. 
When the incidents first occurred a representative informed me to go to my nearest branch and close accounts I had and to reopen new accounts. I did so and had to drive to XXXX, CT on XX/XX/2019 to do so. However once I opened my new account the wire transfer occurred again and once again without any communication from the bank."
4022,A number of loans take it out unauthorized {$92000.00} for XXXX year program then it says XXXX year program then charge me for a room and board took out loans for technology fees and things like that and wouldnt give me a breakdown of such payments as well as charges I keep getting cash advance request to Sign XXXX receipts sent payment deducted and received loans being taken out without my knowledge.
4023,"Between late XXXX and early XXXX, I was defrauded by a group impersonating a legitimate XXXX web development company. Over several months, I was coerced into sending a total of {$39000.00} via XXXX to multiple recipient accounts tied to this fraudulent operation. Once I realized the scam, I submitted a fraud claim to Bank of America under Claim # XXXX. 

Despite providing supporting documentation, messages, and receipts proving the fraud, my claim was denied on XX/XX/XXXX. The reason given was that the dispute fell outside the timeframe but this denial fails to acknowledge that XXXX  XXXX under the Electronic Fund Transfer Act ( XXXX ) requires financial institutions to investigate and resolve unauthorized electronic transfers, even if the fraud is reported after standard timeframes as long as it was reported in good faith after discovery. 

I acted immediately upon discovering the fraud. I also formally requested Bank of Americas rationale, including how the denial complied with XXXX XXXX I was not provided any information beyond the denial letter. 

This was a clear case of unauthorized fraud via XXXX and as a consumer, I am seeking full reconsideration of my denied claim in accordance with federal protections. I am prepared to provide a detailed timeline, all evidence, and correspondence to assist the CFPB and Bank of America in correcting this outcome."
4024,"I received a copy of my XXXX  credit report and the company is reporting a collection that I have no knowledge of. I have never received any written proof from them validating the debt with my written signature, a contract or a document showing I owe them money. I sent a certified letter to the collection agency and it was returned undeliverable. This inaccurate information should be deleted. I contacted XXXX  with a certified letter and XXXX  responded with saying it was accurate but with no written proof of who was contacted, written information or a verifiable source"
4025,"I refused to commit fraud at their request and my loan modification was cancelled. My son is on the deed and they requested he sign a release he did and they refused it stating it had to be in cursive, my son has always printed his name. I disputed this multiple times on phone Filed complain with OCC they referred to CFPB. I was threatened with foreclosure during the entire call. Chase said to send in copy of drivers license on XX/XX/2019 and XX/XX/2019. I was told I would receive a letter of confirmation so I could send in a copy of his license. During that call chase also stated they sent loan modification out to all and every borrower who was behind on their payments, I questioned this because I had been trying to get one for  the last three years and was denied for miscellaneous reasons. I attempted to make payment of {$230.00} several times in XXXX but it was refused finally the Executive office contacted me on XX/XX/2019. Said my modification defaulted XX/XX/2019 for failure to send in fraudulent document. She advise me I would have to bring loan current no other options. I advise her of previous conversations and I never received notice it had been cancelled but my XX/XX/2019 reduced payment amount was accepted. I told her I was not going to commit fraud. She said she would research but I would have to bring the loan current or be foreclosed upon. The reduced payments have made the loan even more delinquent."
4026,I had 90 dollars stored inside my Cash App account While I was asleep it was hacked and a unknown person sent the money to themselves I live alone so i dont know who this person was or is I request it back and they denied it I asked cashapp to request refund they denied it I just want my money returned to me
4027,"I attempted to file a dispute about an inquiry on my Equifax credit report. They referred me back to the company that made the inquiry, XXXX credit. I disputed the inquiry with them and they sent me a letter stating they could not remove the inquiry and referred me back to Equifax. XXXX claims it 's for some type of credit I applied and was approved for, {$1500.00}, but provided me no proof of such application. XXXX states the lender for pay pal credit accounts is XXXX XXXX XXXX. I never received information from them about the alleged account. This account was opened without my knowledge and not by me. I want the alleged account closed and the inquiry removed. XXXX and Equifax have the date of the inquiry."
4028,ZIONS DEBT is falsely reporting on my credit. I have never had any accounts with them. Per my research ZIONS DEBT is a debt collector. They are falsely reporting on my credit!! Account number is XX/XX/XXXXXXXX is falsely reporting to my credit file and is against my rights and fair credit act. Under U.S CXX/XX/XXXXe XXXXd - Disclosure of investigation consumer report ; you are in violation.
4029,"On XX/XX/2023 I opened a dispute with Chime Financial regarding a {$350.00} charge from XXXX XXXX. The insurance company overcharged me and I needed to have Chime step in to recover my money. On XX/XX/2023 I called for an update on my dispute and was informed by a live agent, that I needed to have my dispute re-categorized. I agreed to having the dispute re-categorized and thats when the problem started. Chime does not answer questions, they just read or send the same script to any and all questions. I contacted the XXXX XXXX Accounting Department regarding my dispute. XXXX provided me with a letter stating the charge for {$350.00} had been reversed to my canceled debit card. I uploaded the letter and a screenshot of the reversal to chimes customer service portal, as I had not been issued a provisional credit or refund after my initial filing. My frustration is that Chime does NOT communicate with its customers or answer intelligent questions. I was told to email my questions to Chime support. However, I am not getting answers to my questions. Im simply getting the same form letter with the authors name changed. Chime is not transparent with their customers, they do not protect their customers, nor is it easy to get any questions answered."
4030,I was trying to help out friend sending money through PayPal.This was first time sending money to my friend and the name popped for a person I dont know with similar email I can see if knew the person. I called PayPal less than 5 minutes after the incident and let them know I made a mistake the rep told me that that the customer didnt speak English. I really need the money which put me in a hardship. I am demanding my money be refunded to me or I am going file small claims court.My credit union will not return the money because they said it was a PayPal issue.The email was supposed to be a XXXX and not XXXX.The name pops up which makes it confusing and the system doesnt allow you to manually type in name.
4031,I see there are two accounts open in my XXXX  credit report that someone use services with Klarna INC and opened those account in XX/XX/year> with amount of {$420.00} and then XX/XX/year> with amount of {$970.00}. I tried to contact customer service of Klarna and they give me some informations not belong to me. I also disputed with XXXX
4032,"I started an FHA streamline refinance sometime around XXXX of XXXX. Between XX/XX/XXXX and now XX/XX/XXXX I have been scheduled to close 3 differnt times and 2 have been cancelled without notice from the mortgage company because of title or documents not being turned over on time on their end or from attorneys. This third time I received a cancellation now due to unable to verify income. Income documentation was never requested from me and mortgage has always been paid since being a customer with Freedom Mortgage. I called Freedom Mortgage this morning and also spoke to a representative that read some notes that stated it was because I was removing my parents off of the loan, which once again I never told them to remove anyone and months back I made Freedom Mortgage aware of that as well. This was an issue I was told about months back as well. I have emails and proof where I have been dealing with this issue for months. It seems like they have been falling out of compliance as well."
4033,"Before opening a checking account for a promotion, I needed to make sure I understand the limitation correctly. The limitation was : You are ineligible for the respective bonus if : You have received a bonus for opening a Wells Fargo Premier Checking account within the past XXXX XXXX 
You have received any other consumer savings offer bonus or promotional rate that required a bonus offer code within the past XXXX XXXX 
I needed to find out specifically, when the 12 months period starts, as it was not clearly and explicitly stated In the clause, compare to other banks, which use the same limitation and clearly state in the clause, when the 12 months period starts ( XXXX XXXX, for example ) ( Exhibit 6 ). 

Today, on XX/XX/year>, at XXXXXXXX XXXX XXXXXXXX, I spoke to XXXX XXXX customer service banker, Premier customer service at : phone : XXXX She did advise that the branch is the best to find out all the details, however, when specifically asked, expressed full confidence that she can explain the interpretation of the clauses, and even stated when asked that I can reference her interpretation as legally binding for Wells Fargo as stated by its representative. 

She clearly, multiple times confirmed on recorded line that the 12 months period mentioned in both clauses STARTS from the day of OPENING of the previous account, I.e. 12 months between the dates of OPENING of the previous account and the next one. The conversation was recorded and can be confirmed. 

I request Wels Fargo to CLEARLY address, whether the statements above made by the Wells Fargo representative mentioned are correct specifically that the 12 months limitation period begins from the date the previous account was opened. 

."
4034,I have a cash app account which I mostly use to receive and send money. On XX/XX/XXXX I went into my account it told me I could not use my account due to the fact that I violated terms. Which I was confused because all I do is use to receive a send money. I then try to appeal it which it declined. I also didnt understand when it took me off of my parental thing because I am still only XXXX and wont be XXXX until XXXX. It also asked for forms of identification which I don't have because I am XXXX. I have also had issues before which my account was hacked and I had to request a new card. Its been very difficult to get my account back which I need for when I go to college to get money.
4035,"Hi, I had previously submitted a complaint in XXXX  of XX/XX/XXXXwith Sallie Mae - who has since sold my loan to Navient. The previous complaint case number was : XXXX.

The complaint was centered around raising my payments after doing an interest only repayment. I settled on an agreement with Sallie Mae - which was to an extension of 3.5 years to help keep the payment at the original payment amount of XXXX per month.

Upon checking on the status of these loans - it looks like they have extended my loan to XX/XX/XXXX. I graduated in XX/XX/XXXXand was told that my Master Promissory Note shows a 10 year repayment. This means that I should be done paying these loans in XX/XX/XXXXor XX/XX/XXXX at the absolute latest. My monthly payments have also steadily increased from {$620.00} a month to {$670.00} a month currently ( and to be clear the total interest being paid a month is actually less than it was in XX/XX/XXXX).

I tried calling Navient and asking for the agreement and original master promissory note. I was told they would get them to me by Friday of last week ( XX/XX/XXXX ) and they have still not been sent.

I have been paying these loans for over 11 years at this point. I took a short period of time where I paid interest only and I'm aware that this extended my payment - but I did not agree to have this extend to a 19 year repayment. This is unacceptable and I'm hoping you will be able to assist me."
4036,"I am very devastated of the way Ditech has handle my loan. I submitted all documents needed to be review for a Deed in Lieu. However I have an active sale date for XX/XX/2017. I confirmed with the Ditech Foreclosing Attorneys "" XXXX '' and they have not received any request from Ditech to push my sale date BACK or to have it canceled until my Deed in Lieu is finish. I recently received a letter from Ditech dated XX/XX/2017, they have a complete packet and that they will respond within 30 days. However, I am XXXX because my sale date is still active with the Foreclosing Attorneys. I am tired that Ditech keeps prolonging my case. I am XXXX years old and it has been very difficult to move around. I am just waiting on my Deed in lieu so I can live in peace. I am too old to start all over. I have tried to negotiate a modification however ; I was not "" eligible '' based on Ditech. Therefore, my last option will be a Deed in Lieu. Please help me I do not want to die before I can resolve this issue."
4037,"I received an email on XX/XX/XXXX that my card was closed due to a review of my account. I was told that my card was being closed due to delinquent activity ( from XX/XX/XXXX which was a card I never opened in the first place ) and a high credit utilization for my overall credit. I opened this card in XX/XX/XXXX after the "" delinquent activity '' took place. I also had a higher credit utilization when I applied for the card then what I have now. I do not understand why it was ok for me to be approved, but now I receive a review ( which I did not ask for in any capacity ) in a better situation then when I applied and I all of a sudden lose my account. This is extremely unfair and frustrating. Now, my overall credit utilization will be a higher percentage and will lower my credit score. I also have never missed a payment and by the end of every month I have a XXXX  balance on the card. I tried to call to reopen my card and was told that it was closed and there is nothing that can be done, however, I can apply for a new card. How they can even recommend that is absurd to me as they just closed my account for "" credit reasons ''. Miserable and unfair treatment."
4038,I modified my loan XX/XX/XXXX. I have been making my regular contractual monthly mortgage payments each month since then. In XX/XX/XXXX I noticed that my web access was cut off and called to find out why. I was advised on the phone that my mortgage was 1 month delinquent. I reviewed my checking account statements and I made very single monthly payment on time. I wrote to the mortgage company for an explanation and I received the attached letter dated XX/XX/XXXX which stated that prior to the modification on XX/XX/XXXX they mistakenly applied {$660.00} to my loan. on XX/XX/XXXX my modification and new loan agreement took effect and I made my payments timely. In XX/XX/XXXX they took my monthly mortgage payment reveresed it took {$660.00} and placed {$1500.00} in a suspense account thus making my mortgage delinquent one month. They did this without ever notifying me of their actions. I am now being threatened with foreclosure for their error.
4039,"This complaint is submitted by XXXX XXXX XXXX, XXXX, through its authorized representative XXXX XXXX, on behalf of XXXX XXXX, against BESTBUY/CBNA for violating the Fair Credit Reporting Act ( FCRA ). Despite multiple disputes, including a formal second notice dated XX/XX/year>, BESTBUY/CBNA continues to report an account without providing any proof of ownership or supporting documentation. Marking the account as verified without evidence is a willful and negligent act that disregards federal law. The companys refusal to comply has caused serious harm to the consumers credit, reputation, and financial standing. 

The complainant demands that BESTBUY/CBNA immediately provide full verification of the alleged account or permanently delete it from all credit reports. The CFPB is urged to take swift enforcement action to ensure compliance and hold BESTBUY/CBNA accountable for its continued violations of the FCRA."
4040,My account on Robinhood got hacked after I deposited XXXX XXXX XXXX XXXX XXXX  they restricted my account while hackers gained full acccess to my account which I cant because their security is working on my end but not hackers Robinhood claims they have my money in tact but on my end its depleted I have proof on website of log ins from other states fraud buying purchasing and fake staetments
4041,"My BofA business card had fraudulent charges placed on it. I have made multiple attempts to get through to BofA to handle this by phone ( as they do not offer any online dispute requests for their business cards ), to report the fraud, to close the card, etc. Interminable hold times and often after waiting on hold just get an automated voice stating that no representatives can answer the call and to try again later. It is apparently impossible to get through to BofA by phone and they offer no other way to deal with the issue. 

I have not used this card in months. Any charges on it ( currently one charge and one credit from XXXX which doesn't even operate in XXXX XXXX ) are fraudulent and I want them removed. And I want the card closed as I do not wish to do business with BofA any longer."
4042,"When I was trying to get my mortgage modified they told me that I '' would n't get a modification unless I was three months behind and that they could not except partial payments, but I continued with filling out the paperwork anyway. I was then told that I might want to stop making payments. I submitted the paperwork and they took 7 months to review it and denied me a modification.We were devastated, then I hired XXXX 's for {$3000.00} and a few months later we recieved our loan modification. What we did n't realize is that we would still be on the hook for the arrears, so it 's like we did n't pay anything for all the years prior to the modification. ( XXXX original loan amount, current balance is {$120000.00} plus the arrears of XXXX = {$140000.00} ) Our loan was originated on XX/XX/2007 with payments of {$1500.00} /month until we recieved the loan mod. Now they giving us monthly statements with the XXXX mortgage amount added to the modified amount which makes the monthly payment say more that it is. ( Please see attached ) I talked to a "" XXXX '' and I asked the to put the to numbers separate and they refused to do so. This is concerning because it will make it impossible to get our PMI removed ( $ XXXX/month ), they could be charging interest on the the arrears, and it makes the monthly payment more. Please see what you can do they are NOT practicing fair business, it 's more like predatory lending. Thank you, XXXX XXXX"
4043,"I'm reporting about Cash App ( Block , Inc . ) because of their unjust methods and poor customer service, which are against the Consumer Financial Protection Act ( CFPA ). In particular, Cash App left my account exposed and unsafe by failing to take prompt and appropriate action to stop and handle fraud on their platform. Additionally, because they failed to adhere to the Electronic Fund Transfer Act 's ( EFTA ) and Regulation E 's error resolution criteria, their dispute resolution procedure was unfair and misleading. I demand adequate remedies for these infractions, which have resulted in significant financial loss and inconvenience."
4044,LexisNexis searched for negative information pertaining to me which is an invasion of my right to privacy. This company did not have permissible purpose or my written consent to search for negative information pertaining to me.
4045,"This is XXXX XXXX who is submitting this CFPB complaint myself. Upon reviewing my updates, incorrect information was found in my reports. The Transunion Credit Bureau has not complied with the Fair Credit Reporting Act, 15 USC Sections 1681i, and continued reporting as unverified information without any proof provided, within the time allowed by law, is not authorized. Below are the accounts that are reporting on my Credit Reports : XXXX XXXX XXXX XXXXXXXX )"
4046,"I am writing to express my concerns regarding Zelles handling of disputes, particularly in light of recent CFPB lawsuit highlighting significant issues with the platform. Despite using Zelle numerous times and reporting discrepancies, my financial institution and Zelle failed to investigate my claims adequately. They informed me that recovering lost funds was impossible and tracking these transactions was unfeasible. The CFPBs findings indicate that Zelle has not only neglected to protect consumers but has also allowed repeat offenders to exploit the system, leaving users vulnerable to scams."
4047,"After Chase approved me for an XXXX card but then did a soft pull and closed my accounts. Because I have good credit, pay my bills on time and do not make them lots of money on interest ( only interchange fees ) I was a risk bc I use my good credit for the many perks all of the banks offer with their credit cards. I can not help that their cards are not worth spending money on, and that the perks of paying the annual fees are the only reason to keep a card open, short of their UR earning cards. I am not a risk, my husband earns enough to justify our spending, yet Chase closed all of my cards bc they felt we were a risk ( not profitable enough which is a shame ). The real problem here is that I am not profitable to them, as I do not pay interest in their scheme and am able to pay my bills on time. I want the opportunity to earn the XXXX bonus ( the fruit that they hang to the poor consumer that doesn't know any better ) or I want every annual fee refunded."
4048,"I have not heard back from my my communication on XX/XX/year> concerning, a debit mailed on XX/XX/year> and identified the debt as XXXX XXXX XXXX XXXX. I do not have any responsibility for the debt youre trying to collect. You provided me documentation, however, there are multiple duplicate charges and as stated on the documentation it states that THIS IS NOT A BILL. My account has been and still is listed as active, which is a clear violation of FDCPA. 

If you have good reason to believe that I am responsible for this debt, mail me the documents that make you believe that. I still have not received a copy of an actual bill from XXXX XXXX XXXX XXXX."
4049,"Synchrony Bank changed Customer Service handling at some point and stopped eBilling to my credit union without ever sending a statement for XXXX through XXXX XXXX. They sent me to collections in XXXX. while on vacation. I never received a statement for the card usage. I tried in XXXX, XXXX, XXXX and XXXX to get the statements, but each time I got secure emailed a letter saying my balance was XXXX for the period and no statements were generated. To date, I have 20+ of these letters. They did waive fees and interest through XXXX XXXX while acknowledging the problem was theirs, but still refuse to fix anything. I've spent XXXX hours on the phone and they've hung up on me a number of times, usually while on HOLD for an Acct. Manager. Last hangup was by and Acct. Manager reviewing my acct. so she knew what was happening. I've requested disputes on several occasions and they were all either not submitted or closed summarily with no actions. They also sent a letter accepting the mistake but continued to not resolve the problem. I would like the statements to verify the accuracy of the charges as there is a Chevron discount for my purchases not reflected in the receipts. They are in BAD FAITH every time I call. 

I've got many additional & similar documents beyond what I submitted below."
4050,I had a scammed charge on my account on cash app. I reported all the info supporting my claim as well as opened a dispute with them. Which they have denied. I immediately reported the card stolen when I saw the charge. Cash app was the one who allowed the company to falsely withdraw the money. I never recieved any product or service for the money. The charge was XXXX $ i would like for someone to hold them accountable to the safety of my own account while my money was in thier possession. Can someone help me get this scammed money back?
4051,"On XX/XX/year>, I received a notice from Wells Fargo stating that my credit limit had been reduced from {$18000.00} to {$15000.00} without advance notice. I have been a long-time customer with a consistent on-time payment history. 

I called Wells Fargo to understand why the limit was reduced and whether it could be reversed. The first representative told me she could not reverse the decision, stated it was computer-generated, and said the only way to request reinstatement was to authorize a new credit inquiry. She did not provide specific reasons for the reduction. She then transferred me to the department that processes credit limit increase requests. 

The second representative did not provide any further explanation about why the reduction occurred. She only asked whether I wanted to proceed with the credit increase request and submitted it after I said yes. 

The written notice I received did not include clear or specific adverse action reason codes as required under the Equal Credit Opportunity Act ( ECOA ). The credit score factors included in the letter came from the credit bureau and did not explain Wells Fargos internal decision. As a result, I was not given complete or understandable information about why the credit limit reduction occurred. 

Because my limit was lowered to an amount close to my existing balance, my credit utilization increased abruptly, which may negatively impact my credit despite having a positive payment history."
4052,"I was approved for a {$1500.00} loan through One Main Financial. And when I was able to provide all the required documents, I was told the loan was denied. Waste of time and inquiry on my credit report. Why call someone and say they're approved and have them allowing you to view personal information to slap them in the face.

This company is a fraud."
4053,"I recently received a letter from XXXX XXXX XXXX to validite the debt on my mortgage. I've requested a mortgage modification with Caliber Home Loans and I have not received a modification documents. I did speak Caliber customer service regarding my modification request. I was told they made a private mortgage insurance claim for over {$20000.00} I questioned why were they making that claim when I was only a few months delinquent I was told by customer service, Caliber Loans they were going to escalate this issue to upper management because they should not be making a claim for that amount when I was only delinquent for a few months."
4054,Asking for validation of debt and verification of debt be provide as i dont recall this debt. I have email them with request for more documentation but I have received no communication. Need all documentation in order to be able to verify if this is debt is valid and lawful.
4055,"Since XXXX XXXX, I was in an active modification review with XXXX. As of XXXX/XXXX/XXXX, XXXX had a full package with the underwriting team and prior to that we were informed that the loan would be transferred to Shellpoint on XXXX/XXXX/XXXX. Prior to the transfer from XXXX, XXXX assured that I had a full package which meant that the sale date would postpone and that Shellpoint would take on the file just as it left. After speaking to XXXX in XXXX, they stated it would take time for the documents to be reviewed and only on XXXX XXXX, XXXX were we told that ALL documents had to be in on their forms. We provided Shellpoint all new documents with corresponding proof only to be told on XXXX XXXX, XXXX that more docs were needed. I provided all documents and today I was told tht my income of {$10000.00} does not qualify for HAMP?! HAMP is not even an approved program then the point of contact said I do not qualify for any programs, so I mentioned will I receive a DENIAL letter so I can appeal the decision and he stated NO. This is classic example of dual tracking how cn this servicer take a file from another servicer as a full package then take 4 weeks to review and just on the eve of the sale state I dont qualify for any programs including a NON-EXISTENT program like HAMP? Please help I have over XXXX equity in my home and they are not playing fair I have complied with all that was requested of me"
4056,"I was charged {$2500.00} on XX/XX/XXXX at XXXX for a service that was never recieved called XXXX to XXXX. XXXX refused to provide the service due to "" not having a valid ID ''. 

I was then prompted to show my Chase debit card to receive an instant refund that should have showed back to my balance within 24 hours. But the funds never were refunded back to my card, so I disputed the transaction with Chase.

Chase denied the claim because "" my pin # was used in the transaction '' which has nothing to do with anything. I am not claiming my card lost/stolen, simply that I did not receive the service I paid for, nor did the funds get refunded back to my Chase account.

Chase also closed my account because somehow disputing the transaction was "" a security risk '' and so now I am out of {$2400.00} and I also have no checking account. 

Thanks Chase."
4057,"XXXX XXXX on my credit report ( XXXX, XXXX, equifax ) that open on XX/XX/XXXX, it was a result of an identity thief, someone use my infos to open these accounts and I requested that they blocked these infos immediately and didnt get any results for the last 2 years after I sent ftc report 3 times also theres an address that end with the zip code XXXX that its not mine on my XXXX I want to be remove immediately XXXX XXXX XXXX that open on XX/XX/XXXX without my permission that must be remove off XXXX, Equifax and XXXX. 

XXXX XXXX that open on XX/XX/XXXX, they claimed I had 6 late payments and thats not accurate, I want the late payment remove from XXXX, XXXX and equifax XXXX XXXX XXXX open on XX/XX/XXXX, XXXX and Equifax removed but XXXX still didnt remove it"
4058,"Received a call from XXXX XXXX. At first he said he was from XXXX solutions and then he said he was from XXXX XXXX XXXX and he was calling from XXXX XXXX XXXX. He said I obtained a loan in XXXX. I did not receive any loans or credit in XXXX of any kind. He had my previous address and social security number. He threatened to call my employer and file a lawsuit. I asked him for his address and he refused to give it to me, told me I was being uncooperative and said I would be hearing from him. I reported this to the FBI who informed to contact the CFPB."
4059,"Medical bills from XXXX XXXX was sent to Credit Collection Services. XXXX company did not contact me about these bills. I did not know they had been sent to collections until I pulled a credit report. I was not contacted as to how to resolve this debt. When I contacted the Credit Collection Service, they told me they did attempt to contact via mail even though I did not receive notification. Theses medical bills incurring during the Coronavirus pandemic. Anyhow, under the CARES ACT I didn't think medical bill could be reported to collections. Please advise as to how to resolve this."
4060,I called today to get my pay off amount on XX/XX/2017 and was given {$8.00} pay off with a per diem of {$4.00}. When I reviewed my financial statements I noticed some discrepancies. When I asked for a ledger from AC Autopay I was informed that they do not provide that and that I can request a payment history via email. The payment history I received is still deficient approximately {$40.00} in payment accounting and the total amount financed is incorrect per the truth in lending statement signed by me and my husband. XX/XX/2017 and spoke with XXXX who stated the latest supervisor notes in my account were from you notating that the finance charge and amount were correct when loaded into the system. I requested that they research this further because in my original copies from XXXX and the XXXX agreements my records are showing {$9800.00} loan amount with a {$810.00} XXXX XXXX charge for a total amount financed of {$9000.00}. I have spoken with XXXX XXXX on XX/XX/2017 and he was going to research this further for me but in the converstation I had with him today XX/XX/2017 he stated that the finance charge of {$5400.00} was were the {$810.00} was deducted from and that he encouraged me to have someone take a look at my agreement. They changed my APR and total amount owed several times and the XXXX XXXX is continuously interjecting in my account without supervision. I feel she has a personal problem with us and continues to make trouble and do fraudulent activity on our account and I am unable to get anyone in a managerial position to look at her activities.
4061,"I am filing this complaint against First National Bank of Omaha ( FNBO ) for a failure to conduct a "" reasonable investigation '' and a failure to provide requested documentation under Regulation E ( 12 CFR 1005.11 ). On XX/XX/XXXX, I initiated a transaction for {$94.00} via XXXX XXXX to a merchant XXXX XXXX XXXX XXXX XXXX ) for engine mounts. I provided FNBO with a written admission from the merchant dated XX/XX/XXXX, explicitly stating that the goods were never delivered and that they had sent them to the wrong address. FNBO summarily denied my claim ( XXXX XXXX ) on XX/XX/XXXX and again on XX/XX/XXXX, stating they have "" no chargeback rights '' and that the transaction was with a "" XXXX party ''. This automated response ignores XX/XX/XXXX CFPB guidance which requires banks to investigate fraudulent inducement in XXXX transfers. Furthermore, I have requested the "" XXXX XXXX '' and investigation logs for this decision XXXX separate times ( XX/XX/XXXX, XX/XX/XXXX, and XX/XX/XXXX ). As of today, XX/XX/XXXX, the bank has issued a "" final resolution '' without providing these documents, which is a procedural violation of 12 CFR 1005.11 ( d ) ( 2 )."
4062,"I recently submitted a request for investigation of the above noted accounts, which you denied. I submitted sufficient information for you perform a reasonable investigation of my dispute. Unfortunately, you neglected to do so. If you had investigated properly the results would have proven that I have never been late on these accounts though your company claims to have verified these. Depending solely on your flawed e-Oscar system has proven to produce less than accurate and fair information. I request that you take a more active and accurate approach to investigate this for me. 

As in XXXX XXXX TransUnion, XXXX XXXX XXXX ( XXXX ), and XXXX XXXX XXXX, XXXX, et al, the courts ruled each and every time that the CRA couldn't merely "" parrot '' information from the creditors and collection agencies ... that they have to conduct an independent REASONABLE investigation to ensure the validity of the debt and the honesty/integrity of the creditor/CA in question. Sending out a generic form letter through the e-Oscar system that does not even contain my reasons for the dispute is by no ones measure reasonable. 

XXXX XXXX XXXX XXXX XXXX XXXX XXXX XXXX XXXX XXXX XXXX XXXX"
4063,"I opened an account with First Horizon Bank on XX/XX/year>. The promotion was {$450.00} bonus when you direct deposit {$2000.00} within the first 90 days of opening account. I completed this and had well over that amount direct deposited from XXXX XXXX, which only offers payment via direct deposit. Only XX/XX/XXXX I contacted support asking when I would receive my bonus as I knew I had met all the requirements. Support even stated I had met the deposit requirements when they replied and that I should be getting my bonus in 10-15 business days. I contacted support again after I didnt receive the bonus within that time and this time was told I didnt meet the deposit requirements. I met all the requirements and First horizon bank is now refusing to honor the {$450.00} bonus."
4064,"When I spoke with XXXX XXXX - he didn't believe he had any obligation to send me the documents I was requesting and told me that they were public record and that I would be required to request them via public record. He did send an incomplete payment ledger, the original contract and the small claims money award. When I asked him for the judgement related to the money award- he said he wasn't required to send that information and asked me under what authority I was requesting that information."
4065,"For XX/XX/XXXX my lender said I had an escrow shortage of XXXX for this year up to XXXX XXXX, I paid the shortage amount. Now the lender says I have a shortage XX/XX/XXXX of XXXX which is from XXXX XXXX till XXXX XXXX. There are no increases in homeowners or Taxes however they are lowering my escrow amount because of my PMI reducing. Now if I pay the shortage it will lower my monthly payment but we will have more shortage down the road. Why is my loan being paid off but my escrow is a higher payment."
4066,"My credit card payment from discover for {$6000.00} has not been credited to my bank of america credit card account. Bank of america cashed the check on XX/XX/XXXX which is endorsed on the copy of the check that discover sent me. I called XX/XX/XXXX, XXXX, XXXX and XX/XX/XXXX. Bank of america would not open a claim until XX/XX/XXXX when I had a XXXX way call with XXXX. They refused to talk to discover directly I then called XX/XX/XXXX and they told me to call back following week to expedite the claim. I called back XX/XX/XXXX and they finally expidited the claim. I called XX/XX/XXXX and they said the claim was resolved on XX/XX/XXXX but the money still wasn't in my account so I was told it would be in my account in 2 days. I still don't have it in my account today so I called today and was told a letter was sent that they reopened the claim. This is unfair and they are making interest on this money and on me. I've wasted probably over XXXX hours on this. This is wrong and ridiculous that it is not solved yet."
4067,"On XX/XX/23 I applied for an Income Driven Repayment Plan with my student loan provider, Ed Financial. I chose a graduated extended payment plan. They usually application approval period is 2-4 weeks. They told me it could take up to 25 business days to process. I have checked my online account and called them to follow up. It has been over 6 weeks since the application was submitted and I still do not have an answer as to why or not I have been approved."
4068,"We have called have emailed the documents that they requested and keep asking for the escrow to be removed. We pay our own taxes, and insurance policy. 
called once a month for the last 6 months. 
. Emailed the company XX/XX/XXXX { attached 2 ( two ) pages showing the following. The XXXX notice of assessment from XXXX XXXX, XXXX Wyoming to the county assessor that this property is not real property, we are asking again the escrow charges be removed from this loan we pay taxes on the land only and separate taxes on the trailer house XXXX XX/XX/XXXX asking for the escrow charges be removed, because we pay our own taxes and insurance policy information. The emailed included 4 { four } documents per their request and they still refuse all of our requests to set loan Straight. 
This loan was FOR LAND ONLY ( loan opened in XXXX ) by XXXX XXXX for the total amount of XXXX ( XXXX ) This loan has been sent to 10 ( ten different creditors since we opened ) Now today Fay Servicing has added escrow charges for taxes and insurance. 
every month on top of interest and principal. My XXXX is a XXXX Veteran, so our taxes are exempt, reducing the amount we pay on the Land Only and our XXXX XXXX,. Our total amount our loan is now {$91000.00}. We pay {$600.00}. dollars every monthly, never late always on time. 
This loan has caused a finial burden on our family, and we can not continue PAY FOR THE ESCOW CHARES. We have always provided any document they requested."
4069,"To Whom It May Concern : This is my second time writing you to update my personal information. 15 USC 1681 ( a ) ( 4 ) There is a need to ensure that consumer reporting agencies exercise their grave responsibilities with fairness, impartiality, and a respect for the consumers right to privacy. I demand a deletion of all personal identifiable information from my consumer credit report with the exception of 1. My Full Legal XXXX XXXX XXXX XXXX XXXX XXXX XXXX XXXX XXXX XXXX XXXX XXXX XXXX XXXX XXXX I can not receive mail or any correspondence nor do I have access to any of these addresses please delete these outdated addresses and update the address with the one above. Delete any and all other phone numbers. I demand my social security number and date of birth be removed from being displayed on the credit file for privacy reasons. Delete all information in the employer section. Pursuant to the FAIR CREDIT REPORTING ACT 15 USC 1681 ( a ) ( 4 ), I am a federally protected consumer and I have a right to privacy. Not granting me my rights is in direct violation of 15 USC 1681 and all its subsections. Please send an updated credit report once the changes are complete to my contact information listed. My contact information is as follows : XXXX XXXX XXXX XXXX XXXX XXXX XXXX XXXX XXXX XXXX XXXX XXXX XXXX XXXX XXXX XXXX XXXX XXXX XXXX XXXX XXXX XXXX XXXX XXXX XXXX XXXX XXXX XXXX XXXX XXXX XXXX XXXX XXXX XXXX XXXX XXXX XXXX XXXX Pursuant to the FAIR CREDIT REPORTING ACT 15 USC 1681 ( a ) ( 4 ), I am a federally protected consumer and I have a right to privacy. Not granting me my rights is in direct violation of 15 USC 1681 and all its subsections. Please send an updated credit report once the changes are complete to my contact information listed. My contact information is as follows : Name : XXXX XXXX XXXX XXXX XXXX XXXX XXXX XXXX XXXX XXXX XXXX"
4070,"Good Evening, I XXXX XXXX have paid a debt of {$190.00} to XXXX XXXX, Convergent, and I told them I need of a deletion letter in which they told me don't give, so it shows as paid on my Credit but I need it to be deleted. 
Thank You XXXX XXXX XXXX XXXX"
4071,I am a reference on an auto loan and I am called XXXX 3 times a day. Also they leave messages that are very personal. If this was my loan I would not want them to tell people what they tell me. I am feeling really harrassed by this company and they need to stop. Thanks for the help.
4072,"The persistent presence of fraudulent, inaccurate, and misleading information on your consumer report remains unresolved despite your numerous attempts to address it. This situation has significantly impacted your life, causing considerable stress and anxiety. You emphasize that you did not authorize or consent to the association of this information with your name, as you have been a victim of identity theft."
4073,"Transaction Date : XX/XX/2021, XXXX XXXX  Amount transferred : XXXX  XXXX from XXXX ( through XXXX ) to my account in coinbase. 

The amount was confirmed to be sent out from my account, and payment already confirmed to my bank account with coinbase ( attached is the outgoing payment Proof of Deposit from the partner of XXXX ). 

However coinbase insisted they can not see this transaction. The sending bank requested a statement of my account from coinbase before they can proceed with further investigation. However, coinbase can not issue me a proper statement. ( see attached email conversation."
4074,"I am filing a complaint against Cash app ( block , inc ) due to inadequate customer service and unfair practices, which violate the consumer financial protection act CFPA specifically Cash app failed to take timely and effective measures to prevent and address fraud on their platform, leaving My Account, vulnerable and unprotected furthermore their resolution process was unfair and deceptive as they did not comply with the error of resolution requirements under electronic fund transfer act EFTA and regulation E these actions have cause significant inconvenience and financial loss and I seek appropriate redress for these violations."
4075,M & t bank has been charging me overdraft fees XXXX i have done the math where the deposits an credits only equal XXXX there math says that it is XXXX. There math is wrong an shaky also i was sent a letter about a substitute check policy where u can claim a refund for a returned check i did the legwork sent the letter to the XXXX new york office i got a letter today that is untruthful. Whst can i do
4076,"In XX/XX/XXXX, I have tried to access my credit report online. When I try going through the verification process, Im presented with a number of questions that does not apply to me. After answering the questions and imputing the correct answers from my credit report, Im told the information that Id enter doesnt match the record Equifax has on file for me. This problem is only with Equifax. I contacted Equifax and they told me the computer only generate questions thats on my credit file. I explained to them that, thats impossible because none of them applied to me or my credit file. They offered to send out a free credit report to help me answer the questions in the future, for when I try again. I received the report and tried again in XX/XX/XXXX. When trying to verify my identity through Equifax, Im told it doesnt match their records. Despite me going by exactly whats on my credit report they sent. I contacted Equifax and was told they will send out a new report because the information may have changed. I received the new report that had the same exact information as the first report. I contacted Equifax once again in XX/XX/XXXX. I was told they are not able to do anything about it because the computer is the one that generates the questions. I repeated the same process in XX/XX/XXXX, XX/XX/XXXX, and XX/XX/XXXX with no solution or any corrections. There is inaccurate information on my credit report that Im not able to dispute because I dont have any access and the computer generates questions that does NOT apply to me nor my credit file, AT ALL!"
4077,I have emailed this company numerous times and asked for them to stop taking unauthorized payments from my account. I do not do business with this company and I did not authorize these transactions. They responded to my email and said I dont have an account XXXX them but yet they are still taking money out of my account each month
4078,"Aldous and Associates purchased a debt that was not valid or able to be paid by the consumer ( myself ) and made collection actions including credit reporting without verifying debt validity based on individual circumstances from the original company. There are currently collection efforts being made based on an amount of {$330.00}. In XXXX of XXXX I was burglarized at this establishment that forwarded my alleged debt to collections. Sensitive items including financial information was stolen from me and then reported to XXXX police. Mountainside fitness management was made aware of this issue immediately. Mountainside fitness management made no attempts at restitution or customer complaint resolution and further declined my attempts to cancel my membership over the phone. They maintained a policy that you could not cancel the membership without appearing in person, despite a XXXX, AZ detective instructing me not to revisit the place of business while investigations were ongoing and the suspect was about to be apprehended. I was unable to settle a consumer dispute with mountainside fitness and they denied my ability to cancel without any written communication, so I pursued a dispute process with XXXX XXXX XXXX and ultimately had to issue a stop payment order because of an inability to resolve the issue with the original company. Mountainside fitness continued to bill for months after despite being made aware of this and accrued their own invalid log of failed debits."
4079,"Incorrect reporting of my status to the following credit bureau, XXXX, XXXX and XXXX. 

The status under federal law needs to be reported as Mortgage included in Bankruptcy. 

Bank of America XXXX XXXX XXXX, XXXX, FL XXXX Mortgage Loan # XXXX United States Bankruptcy Court for the XXXX District of Florida Bankruptcy Chapter XXXX Case Number XXXX Filed XXXX Debtor : XXXX XXXX XXXX SS # XXXX Bank of America needs to correct my account status as Mortgage included in Bankruptcy."
4080,"Credence Resource Management has contacted me regarding a debt collection. I requested verification of the debt, but after 30 days, I received no response and a return to sender mail ( the mail I sent out for verification ). I subsequently sent another letter informing them that it is against the FDCPA for them to continue collection efforts or report the debt on my credit report without proper verification, to this I received no response. The debt is currently on my credit report with no change. My first mail I sent out on XX/XX/2024 and the second I sent out on XXXX XXXX XXXX"
4081,"Seriously, it's been months since I investigated my credit report, and I realized that some of the information was still erroneous. Transunion is required to authenticate this item under Sections 609 ( a ) ( 1 ) ( A ) and 611 ( a ) ( 1 ). ( A ). It is not acceptable to treat this reporting item as unconfirmed information without producing proof within the legal time range. Sections 609 ( a ) ( 1 ) ( A ) and 611 ( a ) ( 1 ). ( A ), please investigate the unverifiable item and update it immediately in my report : XXXX XXXX Balance : {$210000.00}"
4082,"Thank you for the prompt answer my last inquiry, I am sorry, I was n't being specific what forms I was asking for. I am attaching this time with this email a sample of the form I need from you, I hope that will help. I have three forms from Bank of America, XXXX form from XXXX and Sample from XXXX XXXX website. Three of these forms will show the principle reduction you made to my account. If you disagree on authenticity of these document please state for me the reason. Exhibit # 1. my tax statement XXXX form XXXX. ( XXXX pages ). What that documents show are the balance of {$4500.00} and escrow balance of {$28000.00}, which have been transferred to fay servicing ( no deferred balance ). Please read carefully the important notice of information on page XXXX. Exhibit # 2 from my loan payment history document page XXXX, also shows the last balance from Bank of America which is {$4500.00} and escrow balance of {$28000.00}. Exhibit # 3 from XXXX ( the new servicer ) also confirms that, the balance you transferred is {$4500.00} and escrow balance of {$28000.00}. Exhibit # 4 from my loan payment history document page XXXX shows that you have written off ( the deferred balance ) {$280000.00}. If you disagree please give me full explanation what this reductions is. After long investigation, I have concluded that you are missing XXXX document to sent XXXX, which could clarify all this confusion. and that is Exhibit # 5. Would you please sent me a copy of that form to me and XXXX. Remember, you have sold my house by giving a fraudulent misrepresentation information about my account to XXXX XXXX, if this issue do n't resolve immediately, I have no choice but to take my case to the federal court. remainder the principle reduction program will be run out by XXXX/XXXX/XXXX. 

Thank you XXXX, XXXX"
4083,"( I am filing a complaint against Cash App ( Block , Inc. ) due to inadequate customer service and unfair practices, which violate the Consumer Financial Protection Act ( CFPA ). Specifically, Cash App failed to take timely and effective measures to prevent and address fraud on their platform, leaving my account vulnerable and unprotected. 
Furthermore, their dispute resolution procer was unfair and deceptive, as they did not comply with error resolution requirements under the Electronic Fund Transfer Act ( EFTA ) and Regulation E. These actions have caused significant inconvenience and financial loss, and I seek appropriate redress ( Block, Inc. ) due to inadequate customer service and unfair practices, which violate the Consumer Financial Protection Act ( CFPA ). Specifically, Cash App failed to take timely and effective measures to prevent and address fraud on their platform, leaving my account vulnerable and unprotected. 
Furthermore, their dispute resolution process was unfair and deceptive, as they did not comply with error resolution requirements under the Electronic Fund Transfer Act ( EFTA ) and Regulation E. These actions have caused significant inconvenience and financial loss, and I seek appropriate redress? for these violations."
4084,"On XX/XX/2021 I initiated a transaction with another user in PayPal. The transaction amount was {$2500.00}. I had the user refund the money through the PayPal interface. The balance of the transaction that was from my PayPal account was refunded but the remaining {$2400.00} was not refunded back to my account. Since the initial transaction I have worked with PayPal and my bank to get the refunded money ( {$2400.00} ) back into my checking account. PayPal keeps saying the card issuer has to find the money but the bank has traced all the IDs provided by PayPal and concluded that PayPal issued and then recalled the refund. PayPal keeps saying it is a hold on the money and the bank has to release the hold. The bank, XXXX XXXX, has provided PayPal with confirmation that the money is not on hold nor was it refunded to my account on several occasions now. The bank even provided a contact in the executive office for PayPal to confer with in regards to this issue. It has been over 4 months now since the transaction and PayPal has not made any headway on this much less resolved the whole issue. A previous CFPB complaint ( XXXX-XXXX ) was submitted for XXXX XXXX  to confirm that all actions that could be taken were taken on their part. The bank has confirmed there are no further actions they can take and that PayPal is responsible and liable for this transaction."
4085,"I paid off the loan on through a XXXX XXXX service on XXXXXXXX XXXX 2023, {$12000.00} which was XXXX XXXX XXXX and have a letter of confirmation of this from XXXX XXXX and was sent to ( Bank of the West ) which is a trade name for BMO Bank N.A. I have made several calls to them asking for the release of my title. They are saying since the merger of Bank of the West to BMO they are so far behind that they are at least 30 -45 days from even finding my payment and releasing my title. They told me the last time I called to not call again because they were to far behind to look for my payment and they would release my title when they got caught up from the merger. This is a court ordered issue for me and I need the title as soon as possible to prove to the courts that it is paid off."
4086,"I am submitting a formal complaint against Capital One Auto Finance for inaccurate and potentially unlawful reporting of a joint auto loan account that is damaging my credit file. 

According to my XXXX  credit report dated XX/XX/XXXX, the account is marked as Paid, Closed with a reported repossession and charge-off in XX/XX/XXXX. However, this is misleading and conflicts with documented payment history and delinquency records. Key Issues : My first late payment occurred in XX/XX/XXXX, not XX/XX/XXXX. Under FCRA 623 ( a ) ( 5 ), Capital One is required to report this original delinquency date to begin the 7-year reporting window. Anchoring the charge-off to XXXX may constitute unlawful re-aging of the account.

The payment history contains multiple months marked ND ( No Data ) or missing entries, including the period surrounding the reported repossession. This violates FCRA 1681e ( b ), which requires maximum possible accuracy in credit reporting.

The account reflects a repossession status despite being labeled Paid, Closed. There is no verified payment activity, and Capital One has failed to supply documentation supporting the repossession or account closure timeline.

I have previously disputed this account and received a generic response stating investigation complete, reported by data furnisher, but I was never provided documentation, payment records, or a reasonable reinvestigation per FCRA 1681i ( a ).

The tradeline misrepresents my financial history and is inconsistent with other collection agency records related to this account, further suggesting improper data handling or furnishing."
4087,"I spoke to Best Buy Credit Cards department on XX/XX/XXXX, XX/XX/XXXX and XX/XX/XXXX to ask if they could please restore my credit limit to what Ive had for over 2 years as I had not had a history of any late payments during the life of that account up until XX/XX/XXXX which was a Sunday on a holiday weekend and I had honestly forgotten that I had a payment due. They immediate penalized me by severely reducing my credit limit the very next day and slammed me with interest and late fees. Theyve refused to reconsider to restore my credit limit despite my clean payment history with them and my plead for them to reconsider. I understand Citibank is the issuing bank for their credit cards, I especially find it appalling that Citibank has such a predatory and punitive policy towards their customers despite Citibank having been bailed out with taxpayer dollars during the XXXX recession."
4088,"I was scammed into making a money transfer to another bank account. I was told my account was frozen and I needed to transfer money to make the funds available while my accounts was cleared. After realizing what happened, I reached out to my bank and explained. They said there was nothing they could do, but to reach out to the federal trade commission. They said if the FTC reached out to them, they would have information but they were not able to stop, or return the transfer. After filing a claim with the FTC, they recommended talking to my bank, and if I had, to file a claim here if they did not help me."
4089,"I am absolutely disgusted with American Express, and they should be absolutely ashamed with themselves. 

I applied for a card for the sole purpose of balance transferring. On the website, there is no area to indicate how much of a balance transfer limit is needed. I was "" approved '' for {$1500.00}, which is {$6500.00} less than what I needed. 

I contacted the "" customer care '' department and after waiting 25 minutes to speak to someone in a US based call center, the woman was rude and abusive. She said that I had to wait for the card to come before requesting a balance transfer increase. I then asked why I was hearing a "" beeping '' in the phone, and she stated that I was being recorded. I then said that I will turn on my recording device on my phone ( as is legal under Utah state law ). The woman became even more abusive saying I had no right to record, yet she had a right to record me. The woman hung up the phone. 

I called back yet again and waited 15 minutes to be transferred to a US call center. The agent there said that as soon as the card arrived, it would take "" a few minutes '' to do the balance transfer limit increase. I waited for 13 days with no card arriving. Finally, I demanded a new card be overnighted, to which it was. I finally called back and gave the "" supervisor ' my card number, who then told me it would take an additional 2 weeks to get an approval back on the balance transfer request. 

I said that this kind of behavior is atrocious and how dare they treat clients this way. I asked to have the balance request cancelled. I then received an email stating my card and account was closed, an action not authorized or approved by me."
4090,"I contacted Consumer Real Estate Finance Co about obtaining a USDA loan to purchase a home. I was told I qualified and we started the process. I signed a contract on a house on XXXX XXXX, 2015. Since that time we have not closed, I have spent {$1800.00} for deposits, appraisals, inspections, etc and the mortgage company has not given us any closing date. We have had to extend the contract date XXXX and my latest expiration is XXXX XXXX. As of today my file still has not moved out of Underwriting and the mortgage company is not returning my phone calls or emails. They are also not returning my real estate agents calls or emails."
4091,PayPal closed and banned my account without any reason stating I had violated the terms of service. I use this account to purchase and send money to my friends and family. I have not done anything to warrant a ban. I have been using this account for over 10 years.
4092,"For approximately a {$500000.00} loan, which had both statutory and loan provision arrangements for restructuring, the bank reported unnecessary and harmful reports that it did not have to make to damage credit. It then reclassified borrower into a customer tier that prevents refinancing of the loan, that other customers can do. It then failed to update credit reports that all obligations of customer were in conformity with loan provisions or statutory provisions and instead reported and continued to report delinquent. The loan was also fully cured. The report and treatment and exclusion from products the bank has in place now for other customers with similar properties continues to be denied and extract some {$2000.00} per month in punitive improper interest. This rate penalty and product exclusion have been ongoing for at least two years and continues without redress. The report limits alternatives to this lender."
4093,Ingo allowed a check to submit twice when it was only submitted once on my end. This rejected the check failing it into be bounced & then into collections. The company proceeded to lock up my cards and making me uneligible for using cash a check feature on my XXXX account. XXXX couldn't tell me any of this information as they could not see it on their end. Ingo would explain to me much of anything as they just said I would be contacted by email in a few business days. Which I did but never to explain what to do to make this problem stop. As I haven't been able to open any other bank accounts due to high risk nor pay my bills as they have gone up in price because of this matter. I have not been able to survive because of this issue
4094,"On XX/XX/2023 I submitted an Income-Driven Repayment Plan application on XXXX. XXXX shows that after reviewing my application, my monthly payment should be {$0.00}, due to having no income. It also shows that this information was sent to and reviewed by my loan processer ( XXXX  ) on XXXX XXXX, XXXX. My profile on XXXX  has never shown this updated information and instead says that I owe {$340.00} by XX/XX/2023. Over the past XXXXXXXX XXXX XXXX XXXX XXXX I have continuously attempted to contact XXXX. I have sent XXXX e-mails that never recieved a response, even though the website stated they would be responded to within 4 days. I have called multiple times and due to wait times of XXXX hours, I opted for a callback option. I recieved a callback twice and each time nobody was on the other end of the call. I finally recieved a successful callback and spoke with a representative who stated that my Income-Driven Repayment Plan wasn't fully transferred to XXXX and if it is not transferred by the due date, my payment would automatically go into forbearance and I would not be penalized for a late payment. Today is XX/XX/2023 and I see no evidence on my account of my payments entering forbearance and it appears that my payments are considered overdue and I will be penalized. I have never made a late payment and due to having absolutely no income, I can not pay {$340.00} per month. Now I have to deal with the negative effects on my credit score due to XXXX not processing a payment plan that was submitted almost 2 months ago."
4095,"I closed on the refinance of my home on XX/XX/2021 with XXXX XXXX XXXX. 
On XX/XX/2021 I received a call from Loandepot ( the original loan holder ) saying that the payoff was in the wrong amount which was not accurate because I have documentation of closing. Loan depot was saying the payoff statement/check was sitting in suspense on XX/XX/2021. On XX/XX/2021 I received another call from Loandepot and a service representative said it was resolved but when I am looking on the online portal with Loan Depot the loan amount is still not XXXX out and they've had several people calling me to collect a debt when i have already refinanced and closed with a different lender. On XX/XX/2021 I was still seeing a balance online and i gave Loan Depot a call and they said it was resolved after she spoke to her supervisor and that i should see it clear on the online portal in the next week. On XX/XX/2021 I spoke with Loan Depot again and the representative was trying to collect a debt for the mortgage that seems to be overdue and she confirmed the payoff is still sitting in suspense and is not being processed because it is in the incorrect amount but I am seeing the correct amount. In between these documented dates, i have received numerous missed calls from them, automated voicemails in attempt to collect a debt. I have had my lender call them but they will not give him authorization. My lender has also sent out an email on XX/XX/2021 with proper documentation of closing and payoff statement and received no response. It has been over a month trying to get this resolved and settled. Can I please get some assistance? I've called Loan Depot many times and they've called many times to collect a debt and I have to speak to a new representative every time. 

Thank you so much!"
4096,"From XX/XX/XXXX to XX/XX/XXXX I was in the custody of the XXXX XXXX XXXX. I was incarcerated in XXXX California. During this time, unknown persons tried to and have obtained credit using my information. An XXXX XXXX credit card was opened and a XXXX was purchased. I have already spoken to both companies, XXXX XXXX and XXXX regarding this and they are working with me to resolve the matter. When I was released from prison I filed a police report on XX/XX/XXXX after discovering the issue. I then proceeded to contact the 3 credit bureaus and sent in a letter explaining what had happened and to please assist me in removing these items from my credit report. I received a letter from Equifax stating they did an investigation and found the items to be mine, even after I sent them my police report, FTC report, and a copy of my intake and release documents from the XXXX XXXX XXXX."
4097,"i have applied with mortgage broker, he send me the CD has Jet direct funding corp .     his origination charges are {$6100.00}. the loan officer took {$25.00} K check from me as down payment to my attorney. he chose the attorney and did not give me his info. i have never spoke to my attorney or know who he is.     loan  officer  is refusing to cancel my deal, i wanted to go to another bank and will not give my my {$25.00} K back."
4098,"We paid {$200.00} to the Discover Card Account on XX/XX/2018. Months ago, we were told by Discover customer service that in order for a payment to post immediately, we must pay through an authorized bill payment system. We did the payment through XXXX bill payment, and had decided to pay that way henceforth because Discover do not take payments from a debit card. That payment did not post until four days later. One week after making the payment, we were informed that the account was closed. We did not receive any type of notice. Two weeks later, we finally received the letter stating the account was closed due to payment issues. Its not our fault that Discover only takes checks. That is old and they need to change their payment acceptance policy to take debit card payments from the checking account. Times are changing, and they need to change with it. We did not receive anything in the terms and conditions that states they can close the account due to payment issues. We were late only once."
4099,"My Capital One credit card ( ending in XXXX ) had a fraud alert on XXXX XXXX XXXX XXXX. I contacted Capital One by phone and verified that I had my card in my hand and the charges were in fact fraud. During the call, I was informed that my credit card was now canceled and I would receive a new card in two ( 2 ) business days, which would be XX/XX/XXXX XXXX   Less than two hours after that phone conversation I received another fraud alert ; this time it was for a card ending XXXX. That number was unfamiliar so I looked at my remaining XXXX credit cards but that number did not match them. I dismissed the alert because I don't have a card with that number. 
I could not stop thinking about that new alert ( XXXX ) so Sunday XXXX, XX/XX/2023 I reached out to Capitol One regarding that alert and told them I do not have a card with that number. The person on the phone said it had been issued YESTERDAY, XXXXXXXX XXXX XXXX I asked them, how is it possible for someone to get this NEW credit card number, less than two ( 2 ) hours after it was issued to me, when it hasn't even been mailed out? They said they didn't know but the new card ending in XXXX has now been canceled and ANOTHER new card would be issued to me. 
I strongly believe there has been a major security breach at Capitol One and it needs to be investigated."
4100,"On XX/XX/2024 I was on XXXX and a friend posted that he was selling some items. I messaged him asking the price of a enclosed trailer, around XXXX. We agreed on a price with a deposit. He gave me a Venmo to send money. He stated that he was out of town and his cousin was handling the money and that he was sending me his Venmo info. I sent to agreed on {$200.00} at around XXXX. He asked for a screenshot of the transaction. After that he started messaging me that he had full price offers for the trailer and could I send the rest of the money. I then called my friend and found out that his XXXX page had been hacked and he was locked out of it. At XXXX I called Venmo customer service to alert them of the fraudulent transaction. They told me they would open a complaint and someone would get back to me by email. They told me to ask for the money back, but I was already blocked. I was able to get screen shots of everything before I was blocked. On XX/XX/XXXX I received an email response from Venmo stating that there was nothing they could do. I was again advised to ask for the money back. Venmo states that they will look into that acct, but nothing could be done about the money being gone."
4101,"My credit report includes an account that I never authorized or applied for. I have no relationship with the reporting creditor, and this account is the result of identity theft or misuse of my personal information. This inaccurate reporting is damaging my creditworthiness."
4102,"XXXX XXXX XXXXRe: Cash App account closure. XXXXTo whom it may concern, \XXXX XXXX XXXX has had a Cash App account since XXXX XXXXIve never violated any terms or had anything suspicious with my account activity. XXXXRecently, I was attempting to send my stepson money as Ive always done. (Attached transaction history included) and was informed my account was closed. Ive never received any communication alerting me of this closure or false violation of terms. Ive reached out to customer service since noticing this XXXX XXXX and have yet to hear anything back. Ive reached out 3 more times since and the automated response indicates the same script. XXXXI have a never had any issues so why my account would suddenly be closed. Ive asked for what the alleged violation was, and no response is ever provided. The customer service is very lacking and not helpful as its all via automated scripted prompts. XXXXCan someone please assist me with getting this matter resolved. XXXXMy transaction history and contact information is provided below. XXXX XXXX XXXX XXXX XXXX XXXX  are one in the same email addresses with XXXX XXXX XXXX XXXX XXXX XXXX"
4103,"On XX/XX/XXXX I sent a Notice of dispute and demand for validation, with 15 days to respond, Navy Federal Credit Union failed to respond. On XX/XX/XXXX I sent a second Notice of Dishonor and Opportunity to Cure, with 15 days to cure the default and Navy Federal Credit Union again failed to respond. On XX/XX/XXXX I sent another Notice of Dishonor and Opportunity to Cure, with 10 days to respond and Navy Federal Credit Union ignored and did not respond. Finally on XX/XX/XXXX I sent Certificate of Dishonor and Default, Navy Federal Credit Union has no proof of ownership of the alleged auto debt. Navy Federal Credit Union is in direct violation of the FDCPA. Navy Federal Credit Union is collecting on a debt, with threats of seizure of property ( auto ) for non payments, they have continued to collect even when I lawfully requested the debt to be validated/certified, I been making payments under duress, not to loose my auto."
4104,"They have been holding my money after they cashed my check. Chase put my money into a different account one that I dont have access to. Not once did I receive a letter stating what was going on with my money or that my account was being partially closed because my account isnt fully closed I still have access to it. I can log in like I have an account. 

Please refer to the following Federal Regulations ; According to Regulation CC ( Expedited Funds Availability Act ), banks are generally required to make funds from deposited checks available to customers within a specified timeframe. If a bank is unable to verify a third-party check through their own investigation, they are still obligated to follow the guidelines outlined in Regulation CC regarding funds availability. If a bank is unable to verify a third-party check but has no reason to suspect fraud, they may release the funds according to the standard funds availability schedule outlined in Regulation CC. The maximum number of days a bank can withhold funds is determined by federal regulations outlined in Regulation CC ( Expedited Funds Availability Act ). Under Regulation CC, banks generally must make funds from deposited checks available to customers within specific timeframes. If a bank 's investigation does not uncover any wrongdoing, they are generally expected to release the funds back to the consumer promptly. Failure to do so could potentially violate Regulation E and result in regulatory action."
4105,"I would like equivalent to remove any unauthorized or incorrect inquiries from my credit report and provide written confirmation once the correction is completed. 

Additionally, I want equifax to ensure that my credit file is secured from future unauthorized access."
4106,"I HAVE BEEN WITH THIS COMPANY FOR 3 YEARS. MY INTEREST RATE IS OVER 20 %, I HAVE FEES ASSOCIATED WITH MY ACCOUNT OVER {$800.00} WORTH OF FEES THAT CA N'T BE EXPLAINED, THEY TELL ME THEY CHARGE INTEREST PER DAY YOU ARE LATE, CAUSING ALL KIND OF EXCESS DEES ON MY LOAN, I HAVE HAS THIS VEHICLE SINCE  XXXX   XXXX , ORIGINAL BALANCE WAS  XXXX  AND IT 'S NOW  XXXX   XXXX , MY BALANCE IS STILL  XXXX  AND NO ONE AT THIS COMPANY CAN EXPLAIN TO ME WHATS GOING ON. THEY CLAIM IT 'S DUE TO LATE PAYMENTS, I GOT EXTENTIONS WITH THIS COMPANY AND FOR THAT TIME, THE PAYMENTS WAS SUPPOSE TO BE PUT ON THE END OF THE LOAN, DATES ARE  XXXX ,  XXXX . HOWEVER, THE LATE ITS 'S SHOWING LATE PAYMENTS FOR THE MONTHS I GOT EXTENTIONS FOR, I HAVE ASKED THIS COMPANY TO REMOVE THE LATE PAYMENTS FROM MY ACCOUNT ON SEVERAL OCCASIONS AND THEY ARE RUDE AND ALL THEY TELL ME IT 'S NOTHING THEY CAN DO, THIS IS SHOWING UP NEGATIVE ON MY CREDIT REPORT AND I WOULD LIKE TO HAVE THIS RESOLVED."
4107,"On the morning of XX/XX/18, I deposited four checks at Bank of America, three for $ XXXX {$13000.00} each, and one for over {$300000.00}. The funds were put on hold for processing, but within 24 hours, BofA released all my money. My "" available balance '' reflected the full amount of the deposits, there were no holds, the money had been withdrawn from the two accounts on which the checks were made ( which were also my accounts ), and so I paid some bills. 

After 8-10 hours, BofA RETROACTIVELY placed a hold on the full amount of all four checks. And my account was suddenly overdrawn. ( Some of the bills were immediate cash transfers to credit cards. ) When I called customer service, I was told that while BofA indeed indicated the funds had been released, I should have known better than to believe it, because it was such a large amount. Additionally, I should n't have deposited the smaller checks ( checks I deposit with the bank every month ) with the large one, because that was the only reason those funds were also subject to a nine-day hold. 

Now I have an overdrawn checking account and many checks and transfers that will now bounce. And several BofA customer-support staff and managers say it 's all beyond their control. 

What 's not beyond my control is finding a new bank, which I will do the moment the funds clear. I 've been a BofA customer all my life, I have a checking account, a money market account, two credit cards and an IRA, and all will be closed. Also, these checks were from my own accounts, and several were regular deposits that had never been held up previously and, again, BofA simply tells me I should have known not to deposit them simultaneously. I also should have known everything would be held for nine days, even AFTER BofA 's own website reflected the funds as cleared for the entirety of one business day."
4108,"Chase charged a {$95.00} annual fee on my Chase Sapphire XXXX credit card. The card was never used for any purchases.

The annual fee was paid from my checking account via autopay. After noticing the charge, I contacted Chase and requested a refund, explaining that the card was unused and that I closed the account.

Chase refused to refund the annual fee, citing an internal 41-day policy, even though the card had XXXX transactions and the fee had already been paid. I made multiple attempts to resolve this directly with Chase, but they consistently denied the refund.

I am requesting a refund of the {$95.00} annual fee charged on an unused credit card."
4109,"Santander continues to furnish inaccurate information on my consumer report. Santander claims to have to information on alleged debt and has refused to send me any statements, audit trails, on/off ledgers of this alleged debt. This alleged debt remains unverified and inaccurate."
4110,"I was shocked when I reviewed my credit report and found late payments on the dates below : 30 days past due XX/XX/2015 I am not sure how this happened, I believe that I had made my payments to you when I received my statements. My only thought is that my monthly statement did not get to me or the payments were misapplied."
4111,"Received an uncilicted US BankReliacard debit card. Card # XXXX XXXX XXXX XXXX. Flyer inside envelope states that "" Colorado Department of Labor and Employment automatically issues a Reliacard to every claiment who files for and is approved to receive unemployment benifits ''. 
I have not applied for unemployment. 
Is someone using my identity to file for benifits?"
4112,"Yes I got these funds send through a program that got originally send to hyperwallet, I contacted them to locate the funds they provided me a tracking number which led me to cashapp.Hyperwallet is not a bank it's a finical technology company that provides global payment .I contact cashapp and provide them information and they told me my funds was there I have PROOF of my funds being send to them and how much I receive this been going on for a year now"
4113,"I would like additional informantion in regards to who I escalate this Discrimination claim to against Citi Simplicity. I have a letter and a recorded statement from a Supervisor that Citi Simplicity closed my account due to the fraudulent activity. The supervisor supplied me with information that I have had this card for 7 years, and that I have never had one late payment. This card had a {$13000.00} credit line dropped to {$0.00} after I filed a fraud claim. I was directed to call the ADA department of Justice for the XXXX. My credit score is based on Debt to income ratio and I am being discriminated against for a fraud case and for filing a complaint? Who do I go to from here? Their response is untrue as per the recorded statement from someone who actually cared about the victims"
4114,"XXXX XXXX XXXX XXXX XXXX XXXX XXXX XXXX XXXX XXXX XXXX XXXX XXXX XXXX XXXX XXXX XXXX XXXX XXXX XXXX Trans , Union XXXX XXXX XXXX XXXX : Recently, I did an investigation on my credit report and found several items on there to be inaccurate. 
Under 15 U.S. Code 1681e ( b ) Accuracy of report Whenever a consumer reporting agency prepares a consumer report, it shall follow reasonable procedures to assure the maximum possible accuracy of the information concerning the individual about whom the report relates.

15 U.S. Code 1681i ( 5 ) Treatment of inaccurate or unverifiable information ( A ) In general if, after any reinvestigation under paragraph ( 1 ) of any information disputed by a consumer, an item of the information is found to be inaccurate or incomplete or can not be verified, the consumer reporting agency shall-i ) promptly delete that item of information from the file of the consumer, or modify that item of information, as appropriate, based on the results of the reinvestigation; and ( ii ) promptly notify the furnisher of that information that the information has been modified or deleted from the file of the consumer. 
Please remove the following items from my credit, please XXXX XXXX XXXX XXXX XXXX XXXX XXXX XXXX XXXX XXXX"
4115,"On XX/XX/18 American Express called my roommate 's parents house looking for me. 
Ironically, I had stopped by for a brief 30 minute visit. When I was handed the phone the rep told me they were calling in regards to a missed payment that I was about 2-3 weeks late on of XXXX dollars. 

Shocked, I told the rep I would call back from my phone. After over 45 minutes on the phone American Express could not give me answers on how they obtained my roommate 's parents number. They stated I possibly had called from that number before, which I have never used.

I believe there is a possibility they could be getting 3rd party tracking data from my XXXX XXXX XXXX cellular device. I wasn't answers on how they even obtained the number and how they knew I was there at that random moment."
4116,"Just pulled update of my credit report and I dont see any changes. I already sent few rounds of dispute about them. I see I have another 2 accounts, I dont understand where you get from them I believe that someone have my personal information. I m disappointed!"
4117,"My mortgage company, XXXX serviced by Nationstar Mortgage LLC continues to misapply my monthly payments. 

I have always paid my mortgage payment twice a month. This service provider recently purchased my servicing rights and sends me a past due notice every month stating that they have n't received my payment. After I call, they then find my XXXX payments and apply these to the mortgage. Every month I 'm told it has been corrected and wo n't happen again. I 'm tired of this run around. I believe this is a violation of the Prompt Payment section of the Dodd Frank act. 

This monthly call is a nuisance. My fear is that I 'm going to forget to call XXXX month and Nationstar will report negatively to the credit reporting agencies. Also, I 'm unsure that my payments are actually being processed correctly since I have not received a statement showing payments applied since Nationstar took over servicing rights."
4118,"I am submitting this complaint regarding JPMorgan Chase Bank, XXXX, specifically the XXXX, Michigan branch, for improper refusal of a Chase-issued check, repeated account handling errors, and unresolved privacy concerns. 
During an in-branch visit, I attempted to cash a check issued by Chase. Despite the check being drawn on Chase and my presence with valid identification, branch staff refused to cash the check without providing a clear or consistent policy-based justification. 
During this same transaction, the teller was wearing XXXX smart glasses and appeared to scan or capture the check using this device. I was not notified that any recording, scanning, or data capture was occurring, nor did I provide consent. This raises concerns regarding unauthorized data collection, customer privacy, and compliance with banking and consumer protection standards. 
This event is part of a broader pattern of account mishandling and staff errors at this location that have required correction and caused financial disruption.

I am requesting that Chase be required to : Provide a written explanation for the refusal to cash a Chase-issued check Disclose its policies regarding wearable technology or recording devices used by branch staff Confirm whether any images, recordings, or data from my transaction were retained or transmitted Address systemic issues at the XXXX, MI branch I am submitting this complaint to seek transparency, corrective action, and assurance of compliance. I reserve all rights available to me under applicable law. 
XXXX XXXX"
4119,"In the month of XX/XX/2017 with reasons for the hurricane that afflicted Florida, I was unable to work, for that reason. Immediately I contacted ALLY Financial, in search of help from them, when the Governor of Florida asked all of them the institutions with which the residents of Florida had credit accounts, loans, etc. That at least they will grant to the borrowers, three ( 3 ) months free of payments as well as also that the interest will not be increased. 
Bearing this in mind, I spoke with a man from ALLY and very cordially answered me that as they did not help me and he told me that he could not send me anything in writing, but that he was free of payments during the months of XXXX and XXXX and that the XXXX payment was to pay only {$220.00} of the {$390.00} I usually pay. 
Then in the month of XXXX I started receiving calls demanding a back payment of {$170.00} and when I called to clarify that situation, they answered me at that time that they did not have to give three months as the Governor had requested, that they were two and nothing more. 

To all the above, you can add, that for reasons of my age and health I have tried on many occasions to take into account my situation and help me in some way, to lower the interest of the loan, and have not accepted. 
And this location comes from XX/XX/2017 to which we add fees for tardies until this month."
4120,"Between XX/XX/XXXX and XXXX a person with the username XXXX XXXX on XXXX somehow got my account information and made 14 transactions in those two days to send money from me to them for a total of XXXX. I immediately contacted XXXX XXXX XXXX and XXXX about this. Bank XXXX XXXX frozen two payments that had not been cleared for a total of XXXX. The customer service rep at Venmo I talked said that it was obvious that the person had hacked my account and filed a claim. XXXX then denied my claim stating that these transfers followed my normal habits, when in my history with them, my peak usage is about one transfer a week and no more than once every two weeks to the same person. Despite this claim XXXX went ahead and paid XXXX XXXX the XXXX that XXXX XXXX XXXX blocked, that person then deleted their account and now Venmo is not only refusing to refund me the XXXX dollars that XXXX XXXX managed to clear, but they are wanting me to pay them back the XXXX that they paid out to the person. I receive the same copy and paste email from XXXX every couple of days saying I can not revisit this claim until I pay them the XXXX. I replied to the first couple of them, but it was obvious they were ignoring them."
4121,"I am filing a complaint against cash app ( block , inc ) due to inadequate customer service and unfair practices which violate the consumer financial practices act ( CFPA ) specifically cash app failed to take timely and effective measures to prevent and address fraud on their platform on there platform leaving accounts leaving my vulnerable and unprotected.

Furthermore, their dispute resolution process was unfair and deceptive, as they did not comply with error resolution requirements under the Electronic Fund Transfer Act ( EFTA ) and Regulation E. These actions have caused significant inconvenience and financial loss, and I seek appropriate redress for these violations."
4122,"Collector XXXX did not preform any due dalliance. Did not verify that the debt was mine before contact. Creditor ( Desert XXXX XXXX XXXX did not communicate with the my medical provider XXXX XXXX XXXX NV XXXX who requested in house the x-ray for a covered wellness visit. Under my XXXX XXXX thru XXXX this is a covered procedure as a senior citizen. Neither XXXX XXXX or XXXX Partners billing offices communicated between each other.. Neither asked for or passed along my basic insurance information. Neither would talk to the other. I never received a bill or statement. XXXX told me they did n't have to produce a bill. 
Desert Radiology went straight to collections they never contacted the XXXX XXXX EVEN THOUGH THEY ARE THE SAME OFFICE. 
I reiterate this is a totally covered procedure by Humana."
4123,"Every two weeks since XX/XX/2020 I have received a text message from RP Funding asking me to call or text their office to learn more about their mortgage products. I requested that they stop texting me on XX/XX/2020 ; XX/XX/2020 ; and XX/XX/2020, and also told them that I would report any additional unwanted texts to the FTC on XX/XX/2020. However, RP Funding will not stop contacting me regarding a mortgage application. 

For what it's worth, I purchased a house in XX/XX/2020."
4124,"XXXX XXXX XXXX XXXX XXXX and claims counsel of XXXX XXXX XXXX XXXX XXXX are a big fraud, Corrupt and a big liar. 

XXXX XXXX XXXX XXXX I recently made a complaint to the headquarters spoke to XXXX XXXX was told I did not have thr correct claim number and were corrected. 

I made complaint to the headquarters on Thursday spoke to XXXX XXXX and I told him I 've never received anything in writing from XXXX XXXX. He said that I have a claim open. HE CALLED XXXX XXXX AND TRANSFERRED ME, NO ANSWER. 

She immediately sent me an email lying in it. Of a response letter dated XXXX XXXX, XXXX just a XXXX XXXX. This is the first that I 've seen of the letter but she lies and says she is sending me the corrected letter from XXXX XXXX, XXXX no such letter is on my email returns. XXXX XXXX. 

At the top is the first time she has provided me the claim number in addition she put a fake consumer financial protection bureau number as cfpb # XXXX which would be XXXX/XXXX/XXXX proves the letter was back dated from at least that date. 

In the letter she continues to lie and are determined to claim 1. That XXXX is a mortgage broker company. 2.  That XXXX were my mortgage servicer and I got XXXX from XXXX. She absolutely will not mention 1. My mortgage servicer XXXX XXXX XXXX provided me a lien release. 2. I were victimized by XXXX and mers of mortgage deed fraud register XXXX/XXXX/XXXX. 

Please provide that letter to the consumer financial protection bureau for their review."
4125,"This account has showed up on my credit reports, I do not owe this amount to any XXXX XXXX XXXX 
I contacted the XXXX and the social they have on file for this account is NOT my social security number. 
This account was first delinquent in XXXX, I arrived in XXXX a few months ago. How could I have attended this school? Please delete this from my records. I am attaching my work permit so you can see I have been in the country since XX/XX/XXXX. 
I want this deleted"
4126,"In XX/XX/year>, someone used my social security number and business address but with wrong email address, wrong/fake phone number, wrong signature, wrong drivers license number. They got money from "" First Tech Federal Credit Union ''. Then later I got collection messages. Now my credit score is being affected. I was sent to collections at "" XXXX XXXX XXXX. '' I have filed a complaint with the company."
4127,"Filed a dispute for unauthorized charges on XX/XX/XXXX with Chime Bank, was denied on XX/XX/XXXX for no apparent reason. Opened a rebuttal with the bank and requested evidence for why it was denied. The bank sent me photos that only contained my original disputes, indicating that they didnt have any evidence that led them to deny it initially. After my rebuttal was put in, I was told by XXXX different agents on the phone that I would receive a provisional credit within XXXX business days. After not receiving the credit after the XXXX business day I called again and was then told my dispute didnt qualify under regulation e. They state that charges more than 60 days out do not qualify, however these charges were only more than 60 days out for my rebuttal due to them denying the first claim. This seems like it was blatantly done intentionally to string along this process and Ive now been months without my money."
4128,"XXXX XXXX XXXX has been advertising to come and see her at her office to get prequalified this was in XX/XX/XXXX when i asked her if she was a licensed Loan Officer she said no and that a license was not needed to go over rates and payments and to see if i was able to get qualified for a fha loan. Since XX/XX/XXXX her company has changed to a couple of different names. When i asked her if i was qualified all she told me is that she would get back to me and i still have not received a decision back from her. She told me that because I'm self employed she was going to have to prepare my XX/XX/XXXX taxes for me so that i could qualify when i have asked if she was a CPA she said no but she has prepared a lot of buyers taxes so they could qualify for a home loan. This has me very concerned that a person who is not a licensed Loan Officer or CPA is preparing taxes for people so they can "" qualify '' for a mortgage."
4129,My student loans have always been auto debited from my accounts. Aidvantage is not accurately deducting my account and I continue to get notices that I am delinquent due to them not deducting the full balance. I requested a manager and the manager spoke to the agent and would not come to the phone. This was my third time calling them trying to get assistance. They are threatening me with late fees and credit reporting when I have attempted to get them to resolve their system issue. I am incurring additional interest and I do not believe they are accurately reflecting my payments. I am in fear that my credit report will continue to be affected as now I received a notification that my balances are increasing instead of decreasing
4130,"On XX/XX/XXXX I placed a dispute with the company Comenity - XXXX XXXX due an account activity mail I received of a credit that someone fraudulently opened in this institution using my personal information, they made purchases for XXXX USD onXX/XX/XXXXbut I didn't received any letter before of that. I sent this company a dispute onXX/XX/XXXX, and they responded on XX/XX/XXXX denying my dispute. I need this company to cancel all the debt and close the account linked to my personal information that was opened doing a fraud using my personal information."
4131,"On XX/XX/XXXX, I was paid {$2500.00} to my XXXX XXXX  account, which by default was set to send to my debit card within 24 hours. The money never arrived. First, I reached out to the sender to confirm the money was withdrawn from his bank account and sent, which he confirmed the money successfully withdrew on XX/XX/XXXX. 

Then, even without $ deposited in my bank, XXXX XXXX transaction status listed "" completed ''. So I called Chase who maintains they DECLINED the transaction due to an address discrepancy, which has since been fixed. Yet XXXX maintains that even though Chase declined it, they held the money and Chase provided XXXX with bank transaction # XXXX. 

Over the next 10 days was a back and forth between XXXX XXXX  and Chase Bank customer service, where my money still has not come. Chase maintains they have no way to track back transaction # XXXX ( which is hard to believe ) and still insists they don't have my money. While XXXX insists that they do. 

Bottom line, I need my money ASAP, and this process has only been more infuriating that Chase has horrible phone support and no online support. And XXXX has no phone support and only online. So I can't even get the parties on the phone together! 

Please help me resolve this."
4132,"On XX/XX/XXXX XXXX, I received a legal settlement of approximately {$56000.00} that was deposited into my Bank of America checking account. It was from a XXXXage discrimination case due to me having XXXX XXXX. Bank of America immediately debited approximately {$23000.00} from that account to pay the entire balance on my XXXX Visa card that was on a payment plan. No communication happened from Bank of America prior. 

Bank of America claims I personally secured the corporate Visa Platinum card, and accessed my Social Security number from my personal account. I would NOT personally secure it to the extent such would be like a personal loan, secured by my checking account. My corp. had a FEIN number that is most likely what I used. Otherwise, why have a corporation. And why would Bank of America give me a platinum card with a $ XXXX limit had my credit score not justified it. 

My neighbor is a XXXX XXXX bank auditor, and stated what B of A did to me was illegal."
4133,"Paypal offers a purchase protection. I purchased a new ultrasonic cleaner on eBay and paid with Paypal. The item was dead on arrival. I contacted eBay and they told me I am covered under Paypal 's purchase protection. I checked the policy and I saw that I qualify for protectin under their policy. I called them and they filed a claim. However, they denied my claim. When I called back, they said they need the proof that the item was broken when it arrived. I told them I have the dead item and could send any proof they need ( e.g. the item if they want, a video, etc ). They said they will file a appeal and will tell me what proof to send. However, they have denied it again without specifying what kind of proof they need. It seems like Paypal 's Purchase Protectin is a scam. They keep filing and denying you for no good reason until you give up. In this case, have a dead item that I paid full price for trusting I was covered if things go wrong and now have no recourse. Paypal are not standing behind their promise. 
I expect Paypal to stand behind their Buyer 's Purchase Protection. It states they 'll reimburse for the full purchase price plus any original shipping costs. This is a seller that they have certified and if they are fraudulent they need to deal with directly. I placed this order based on the fact that I would be covered if things go wrong."
4134,"I purchased a XXXX stay advertised as Modern Home with PRIVATE Pool & Jacuzzi. I made a partial payment to AMEX and the remaining on a Citicard totaling over {$10000.00}. I did not receive the item as it was described. The jacuzzi did not heat which I have correspondence between the host and I to document. But the worst part is, IT WAS NOT PRIVATE! There was a camera hidden inconspicuously and was not disclosed. Not only did the merchant falsely advertise his product as private but he also committed a crime recording individuals and minors in the XXXX without their consent. I have done everything AMEX and Citibank has requested in order to resolve this dispute. AMEX closed the dispute in my favor. Citibank retaliated against their consumer, me, by lowering the credit line immediately after making the dispute making the entire amount become due vs. a regular revolving account. As a result, they have been negatively been reporting on my credit which has caused great detriment. I have complained several times of constantly being disconnected when I call in. I have several reps who I've spoken to and made promises admitting that Citibank shouldn't have made the whole amount due while in dispute. They have ruined my life, scarred me, failed to protect me and I will let everyone know who will listen until this mistake is reversed!"
4135,I submitted my loan application to Wells Fargo back in XXXX or XXXX. I was told to sell my existing primary residential home in order to qualify for mortgage from wells Fargo. I listed my house for sale trusting what I was told and sold it on XX/XX/XXXX. Finally I found a house in late XXXX and went in to contract with seller on XX/XX/XXXX. I submitted my loan application the following day and provided all requested documents and signed disclosures. Inspection and appraisal were done and waiting for a loan approval. I was notified by the loan XXXX that Wells Fargo is declining my application. Wells Fargo had my files for over 6 months and told me to sell my house and later declined my loan application. Luckily I had a very resourceful realtor who took me to a private mortgage company and got a loan and closed. The issue here is Wells Fargo made me sell my house in order to get a loan from them that did was denied later. I have a wife and XXXX kids. Wells Fargo almost made my family a XXXX. This is unacceptable and should nt happen to any borrower out there.
4136,On XX/XX/XXXX at XXXX CHIME which is banked by XXXX XXXXXXXX XXXX  XXXX Allowed someone to access to my account and take {$6800.00} from my account by linking another account to mines which was XXXX XXXX XXXXXXXX ( MI ) I have giving them all the information I have which included the ending of that account number screenshots and police report and filed a dispute. On XX/XX/XXXX they denied my dispute with no reason to inform me. I have called and called and no one has sent over anything nor has tried to help me figure out where my money has went. CHIME is giving me the run around and I would really like for someone to help me receive my money
4137,"The company Capital One Bank USA N has took action against me in hurting my consumer credit report by reporting wrong information. They are attempting to collect {$2700.00} dollars. They have continue to report charge off to my account. the company took action in calling every day of XXXX XXXX XX/XX/XXXX to attempt collect a debt owned to them, harassing and using aggressive tone matter on me, during a time where i was injury at work mentally and physically by court order for the XXXX to XXXX year. I ask them to please stop calling me till further notice, which violated my consumer rights under section 15 U.S.C 1692 having a debt collector harass, or use tactics that include trying to collect a debt. This issue should be resolve as it has step me from getting consumer credit, and have tarnish my credit report information."
4138,"Re : Marcus I was given different information about transferring an old cd account to a new one using the same joint owner. The joint owner is my daughter who doesn't live with me and travels a lot so its difficult to do a 3 way call. Because of the different information given to me. i decided to close my savings and cd account and transfer my monies to my XXXX XXXX checking. When i go on line it shows my savings as pending a transfer. i was told it can take a few days which is fine. However, no where shows the status of the cd account or the amount, my account just shows 0. I called and ask that i need some assurance my money is being transferred or at least pending. Marcus shows no reference to my cd or the bank I'm transferring it to, XXXX XXXX. i ask the supverisor why my money does not show pending or anything. Her response was once the transfer is completed i will be notified. That is of course obvious, i just want to see where my money is at this point and that it is still protected. i ask the sup if she could just email me that its pending a transfer she said she could'nt. The system shows my money in the saving is pending, why not my CD? 

My Marcus act # XXXX and XXXX"
4139,"To Whom It May Concern, I am submitting this complaint regarding First Merchants Bank and their failure to honor a promotional offer that I qualified for and completed all requirements within the specified timeframe.

The promotional terms stated that if I met certain requirementssuch as maintaining direct deposit and/or opening and funding a new account, and making qualifiable purchasesI would receive a promotional incentive during the designated payout month. I satisfied all of the requirements within the promotional period.

Despite my compliance, First Merchants Bank has failed to provide the incentive. When I contacted the branch, I was initially told the matter was a branch issue, and later they acknowledged an error. However, even after this acknowledgment, the bank has not corrected the situation. The deadline for payment has now passed, and I remain unpaid.

This is misleading and unfair to consumers, and I believe it may constitute a violation of consumer protection and banking compliance standards. 

I respectfully request that your office investigate First Merchants Banks handling of this promotional offer and take any necessary regulatory action to ensure compliance and consumer fairness. I also request assistance in obtaining the incentive that I rightfully earned.

Attachments : Promotional offer terms and conditions Account statements showing qualifying activities First Merchant Investigative XXXX # XXXX"
4140,"Tek Collect is reporting medical information to the credit bureaus and On XX/XX/year>, the CFPB finalized a rule prohibiting data furnishers and credit bureaus from reporting on medical bills and debt. 

It is against the law to report medical information. I contacted the bureaus requesting that they remove XXXX XXXXXXXX from my credit report and they did not. Not only is it prohibited but I also do not owe the amount they are stating I owe. 

I'm requesting that this is removed from my credit report."
4141,"DEAR REPRESENTATIVES, I am reporting a deception of 2 prepaid card banks that in the debit card contract do not show details of Limitations or restrictions that they have. 

After opening the account with the XXXX XXXX XXXX XXXX XXXXXXXX XXXX ( Member FDIC ) pursuant to a license from XXXX XXXX XXXX "" XXXX XXXXXXXX XXXX '' and "" XXXX '' are registered trademarks of XXXX XXXXXXXX XXXX. 

This card in the prepaid card contract and the consumer details the countries restricted for them and the services that are limited in certain countries. Neither in the debit card contract nor in the privacy policy do they state the countries with restriction of services or use. 

This caused me to lose time in my travel planning to the specific country that I wanted to travel to because I was going to use this debit card. I thought I could use this card in another country at the ATM to withdraw funds, after I have the card and review the contract and the privacy policies and everything they show on the website, I call customer service to perform the Travel alert and I find that they inform me that in the country where I am going they do not have access to ATM cash withdrawals, in this case the XXXX XXXX XXXX, XXXX. This detail is not written in the privacy policies or in the contract. Also there is not a single detail that says that there are limitations in different countries. 

Please I want to report this prepaid debit card bank because they are misleading customers and omitting information. 

Thank you, I hope for help and a prompt response from you please. other consumers need not to be deceived and be updated on this problem so that they do not make the same mistake as me and are not deceived."
4142,"Since XXXX, I have attempted to make my student loan payments to Aidvantage online. Every time, I get an email confirmation that the payment was successful, and a few days later another one that the payment has posted. A XXXX  or so will go by before I get a notice that my payment was rejected because my bank account could not be found. I called and was told it was my bank rejecting their attempts to withdraw the payment, I asked for documentation to provide to my bank and they would not give me anything. I have no issue paying every single other bill I have with my bank account online. I had to purchase checks to be able to make my student loan payment, and those were just stolen. Even making a payment over the phone doesnt work."
4143,"On XX/XX/XXXX, I requested documentation from Toyota regarding a fraudulent extension to a leased vehicle that extended through XX/XX/XXXX without my knowledge or consent. Below is the request to file a fraudulent report with Toyota along with a request for documentation to provide to the court. As of the filing of this complaint, I have not received any response from Toyota. Additionally, I also requested and received a copy of my vehicle registration information from the XXXX and this fraudulent lease and registration was for a XXXX  XXXX vehicle, the lease I had was for a XXXX vehicle ( photo attached ) Information sent to Toyota XXXX XXXX : On XX/XX/XXXX at XXXX, I spoke with a XXXX representative, representative number XXXX. At XXXX on my recorded line, the representative confirms that I did in fact return the vehicle ( VIN # XXXX ) on XX/XX/XXXX. At XXXX my recorded line, the representative stated that XXXX XXXX send me a letter, which I have not received. At XXXX on my recorded line, the representative stated that a fraud case would not be filed until this information was submitted. This is problematic since I am threatened with a license or registration suspension from the XXXX XXXX XXXX XXXX New York, New Jersey due to a parking ticket on a vehicle I no longer lease from XXXX and was returned at the end of the lease on XX/XX/XXXX. 

This is my official request for a fraud investigation of this situation. Below, please find the following documents attached to this email : XX/XX/XXXX : Odometer Reading Submission Form XXXX Certification of Driver License/Vehicle Registration Information Notice of Proposed License or Registration Suspension for XX/XX/XXXX Parking Ticket For the record, I would like a formal response to this request since I did not receive any correspondence following my call on XX/XX/XXXX. Let this email serve as my formal complaint and activation of my request for an investigation."
4144,"We have 3 valid complaints as follows please : 1. Client has an approved short sale under the HAFA program. The 1st lender XXXX had approved the file w/ escrow close date on XXXX/XXXX/2016, with {$12000.00} pay off to the 2nd loan, an equity line of credit. The assigned negotiator of the 2nd lender, Chase, wont approve the file under the HAFA insisting that XXXX approval letter should contain a specific HAFA verbiage. XXXX however refuses to issue a special letter as requested since the bank 's letter is auto generated. XXXX, to satisfy Chase 's request sent a letter with XXXX signature but still Chase 's refuses to honor the approval letter. The settlement statement ( HUD ) clearly shows that account is a HAFA short sale. We want to close escrow but Chase apparently is not cooperative and intentionally making the process too hard for every one unnecessarily. Our goal is to close the short sale as approved under the HAFA program. Account is delinquent with an active foreclosure process but since short sale is in progress, a sale date is put on hold. 
Please help our client. 
2. An incorrect account no. has been provided by Chase 's negotiator, speculatively was done in purpose so other departments can not have an access to the account, like the escalation department, or the supervisors. 
3. Numerous calls have been made to the 2 supervisors of Chase but no return calls. 
The author / person filing this complaint is assistant to the listing broker."
4145,"I had a mortgage with XXXX that originated in 2009. Earlier this year, XX/XX/XXXX, I understand my loan was sold to LoanCare ( a XXXX XXXX XXXX ). When I got notice of this change, I started paying LoanCare per their instructions. I have continued to make my monthly payments to LoanCare, but I have been receiving notice from LoanCare that they have not received my payment and that my mortgage has gone into default. This should be not the case because I have been paying my mortgage and the checks have been clearing my account. I have contacted customer services numerous times but have had no success in resolving the issue. I would like assistance in working with LoanCare to update my account to reflect the fact that I am not in default."
4146,"I attempted to resolve the issue about another payment amount and got refused and more money was added on. I have the right to make sure my private information isn't shared which is backed by 15 USC 6801 which states '' It is the policy of the Congress that each financial institution has an affirmative and continuing obligation to respect the privacy of its customers and to protect the security and confidentiality of those customers nonpublic personal information. '' the financial institution and the Consumer reporting agencies XXXX do not have my consent to furnish this information and they surely do not have my written consent. Any and all consent to XXXX, whether it be verbal, non-verbal, written, implied or otherwise is revoked."
4147,I had serval fraudulent credit cards opened in my name. I reported them 2 of the 3 were taken care of but the XXXX one citi bank hasnt resolved my issue. And I have called multiple times and reported on line multiple times and they are no help.
4148,I was work with XXXX ( debt consolidation company ) which is a debt consolidation company. They have been handling my payments to XXXX XXXX since XXXX. They had a glitch in their system which caused a few late payments. They paid off XXXX XXXX in XXXX and asked for the late payments to be removed. I have tried to talk to XXXX XXXX by phone and email. They refuse to talk to me about my own account. On my credit report they have reported different months for late payments. It was paid off in XXXX so there is no way that month should even be on the credit report. I called today because I believe I have a credit balance now and they owe me money due to overpayment by XXXX XXXX. They refuse to talk to me about my own account. The worst credit card company ever
4149,"My loan is being serviced by XXXX XXXX My original loan was approved with an appraisal on my home that was done on XX/XX/2018. As of XX/XX/2018 I had paid down my loan principal balance below the required 80 % LTV to remove PMI. 

On XX/XX/2018 I requested BankUnited in writing to remove the PMI and they said I can not remove the PMI unless I pay them {$600.00} dollars for a NEW appraisal when my original appraisal was only 101 days old. 

My complaint is that BankUnited is in violation of the "" The Homeowners Protection Act of 1998 '' by refusing to remove PMI with a valid appraisal on file with the Servicer. Requiring me to purchase a new appraisal for {$600.00} dollars is an attempt by the Servicer to prevent me from removing the PMI that I am entitled to cancel. 

I am asking that the CFPB investigate XXXX XXXX and my loan account to compel them to follow the law and remove my PMI as requested without having to pay them to do another appraisal as my current one is still valid. My loan # ends in XXXX at my property located at XXXX XXXX XXXX  XXXX, XXXX, WA XXXX. 

Thank you, XXXX XXXX Phone # : XXXX Email : XXXX XXXX"
4150,"In attempting to pay off the loan balance, I have repeatedly tried to contact Enerbank to find the loan payoff amount and process and have not been able to reach them for a response. The main problem I face is that, unlike any other financial product I have had, the loan payoff is not provided on written statements or online nor is an option to pay the whole balance."
4151,"On XX/XX/XXXX I wired {$3000.00} from XXXX  XXXX to bank of America. The wire was immediately returned due to an invalid account number. Here is the thing. They sent back only {$2900.00}. I am very upset. What gives them the right to do so. I entered under no agreement with them. Signed no contract yet it was reversed immediately probably electronically. And this justifies them to take my hard earned money. 

The fee, IMO, is arbitrary and not something I ever agreed to. To take their line of action to an extreme, what would stop them from keeping half of it, or all of it? I don't see what legal basis they have for keeping any of it. 

The fee is unreasonable considering they performed no service. Maybe, if they held the money and asked for account number clarification, given that they had the payee 's name, and could have seen the account number was off by one digit, I would have felt it more reasonable that they did diligence or provided some value. But {$45.00} just to reject it?"
4152,"This has been reported on my report XXXX  years from original date and collection has changed date of account to keep reporting instead of allowing it to be removed. It was reported to collections that I did not owe this. I am not one to not pay my bills ( check my report ). But I am not responsible or obligated to pay debt that I do not owe. 
I request this be removed from my report based on the incorrect date and information that is being reported by collections. It has been reported negatively on my report for XXXX  years. Again, remove because its not something I owe."
4153,"I monitor my credit with XXXX XXXX through XXXX and XXXX reports. On XX/XX/XXXX my FICO score with XXXX was XXXX, on XX/XX/XXXX it dropped to XXXX. On XX/XX/XXXX it was XXXX with XXXX, XX/XX/XXXX dropped to XXXX. There had been no significant changes to any of my credit accounts. On XX/XX/XXXX I used XXXX XXXX to check on personal loans to consolidate credit card debt. It states this does not affect your credit score. Several offers were returned. I received an email from one lender stating there was a negative account in my file and they were not offering a loan. On XX/XX/XXXX I received a credit monitoring alert from XXXX XXXX XXXX for which I had signed up due to their credit breach. I have a charge off /closed credit account with XXXX/XXXX from XX/XX/XXXX. This is the only negative on my report which was factored into my credit score 5 years earlier. I called XXXX. The representative told me Experian had made a remark on my report and that is why XXXX dropped my score and subsequently XXXX also. I filed disputes with all three agencies but they did not seem to understand my concern. Why did the soft inquiry that is not suppose to affect my credit do this? Why is my credit score being significantly dropped again when it was already affected by this 5 years ago? On both my credit reports I have 100 % payment history and 0 derogatory marks."
4154,"I was hit by hurricane Irma in XX/XX/XXXX and never recovered and applied for a loan modification and sent in a complete package of 31 pages on XX/XX/XXXX before there was a sale date scheduled. As the review went on a sale date of XX/XX/XXXX was set. I was not worried because I had already submitted my documents and knew in the past Ocwen was very helpful in loss mitigation options. I was asked to send in more documents and sent in 13 pages on XX/XX/XXXX then they asked for more documents and I sent in 3 pages on XX/XX/XXXX.

All was still well because on XX/XX/XXXX, XX/XX/XXXX, XX/XX/XXXX, XX/XX/XXXX I was being assured that once that package is complete the sale will be placed on hold so they could review my package for workout options.

On XX/XX/XXXX at XXXX XXXX I went to the escalations department and they confirmed my packaged was deemed "" complete '' I breathed a sign of relief.

On XX/XX/XXXX I call in and it's a whole different story, they claim I still need another document which was not asked for before and ignore the "" complete package '' determination I had the day before.

On top of that they claim since I was less than 7 business days from a sale date they were not going to review me anymore?

I escalated it to the Ombudsman department who is trying to resolve it now especially since I was deemed to have a complete package on XX/XX/XXXX at XXXX XXXX and assured my multiple agents the days prior that the sale would be stopped once I reached that designation."
4155,Due to identity thefts fraudulent paperwork tampering with records XXXXXXXX XXXX XXXX XXXX XXXXXXXX was on my credit report they refuse to pay a debt settlement agreement which was result in terminated they still using illegally operation never gave them permission to run any credit if the business owner of XXXX XXXX XXXX XXXX XXXX an they using an illegally business address with place of employment they not in title to use or run anyone credit or have permission to denied with the stock holder approved make it unconstitutional illegally violation consumer rights protection act TransUnion have opinion to investigate these employees or freeze all assets due identity thefts fraudulent activity they was on my credit report over 2000 unknown mortgage was open with this bank y'all deleted everything so want be possible to recover I will sue TransUnion credit report agency of I dont receive my debt settlement agreement
4156,"Dear PayPal team, On XX/XX/2025, my PayPal account was permanently deactivated. The only reason PayPal told me for the deactivation was that "" After a review, we found unusual activity on this account that we can't support. '' I use my PayPal account regularly to purchase products as well as pay my credit card bills. I've attempted to talk to support many times as well as submit a ticket. I've waited many months and the problem has unfortunately gone nowhere. 
I understand that routine reviews need to happen for the safety of the platform and that during such reviews mistakes can happen but I wish there was an easy way to resolve such mistakes with the right department. 
I hope that you can take a second look at the account and reinstate it, as I truly value PayPal 's convenience and services. 
All the best, XXXX XXXX"
4157,"I have all the info to log into my account such as username, email, and old phone number. I switched banks and phones so i no longer have old bank info or my old phone number to log back into my account. Over the phone I was rejected from accessing my account and refused from accessing my own finances in that account despite just needing to switch the old number to my new current one."
4158,"On XX/XX/XXXX I made a direct connection between Navy Federal CU >Navy Fed investment svs >Navy Fed Brokerage > XXXX et al. And so fourth. Based off the evidence that I have found leading to false information to leading me to different directions. This is not at all in good faith to lead a noteholder in misleading information. I am lead to believe there has been a breach in contract for all parties involved also securities, equities EFT fraud happening. When I found the company XXXX for the first time I so happened to click forgot user name and there was an account already opened up for me. Privacy violation # 1 I never gave NFCU et al or XXXX et al permission to do this. Not only that but to restrict access the securities and equities I have with rights to. J know that theres a certain process to this but with both parties telling absolute lies there can never be remedy without cpbf etc. so I am writing because it is time for CFPB to regulate and help because this can not go unjust. I havent received no dividends payouts for the treasury notes, no certificates of indebtedness past present or current. Navy Federal has taken unlawful money from me from debts that were already discharged. I want all of my treasury notes returned. That alone was an unfair process. CFPB I am here to work with someone on your end to get this resolved."
4159,"On XX/XX/year>, I transferred funds from my bank to my Chime account and sent a person-to-person payment of {$170.00} to an individual for speaker installation services. The agreed expectation was that the service would result in fully functioning speakers. During the installation, the individual informed me that my amplifier was blown, which was presented as the reason the system was not functioning properly. I expressed that I was not comfortable paying for an incomplete service; however, based on this explanation and acknowledgment of the labor performed, I proceeded with payment. After the service, I had the amplifier independently tested and confirmed that it is fully functional. I was also informed that the issue was due to incorrect wiring performed during the installation, not a defective amplifier. As a result, the service I paid for was not delivered as agreed. I contacted the service provider and requested a partial refund of {$75.00} due to the incomplete and incorrect service. My request was refused. I then contacted Chime to dispute the transaction and request a review, but I was informed that person-to-person payments are not eligible for dispute review. I am requesting that this matter be reviewed, as the payment was made based on inaccurate information that directly affected the outcome of the service, and I did not receive the agreed-upon result."
4160,I discovered that some of the information on my credit report was incorrect when I reviewed it. Sections 609 ( a ) ( 1 ) ( A ) and 611 ( a ) ( 1 ) require the 3 credit bureaus to validate these accounts ( A ). It is not permissible to fail to validate these reporting accounts as unverified information without providing any proof within the time frame specified by law. My credit report includes the following erroneous information that needs to be investigated and deleted : XXXX XXXX Balance : {$26.00}
4161,Truist Bank refuse to remove Unauthorized fraudulent charges are still not removed from this account.The creditor stated that they are going to close out my credit card and personal checking account with them. They have not given me a valid reason why they are closing my credit card or checking account I was told by a representative when I called in to come and get all of my money out of my checking account or they will mail me a check and they are closing my accounts with them. Them closing out the credit card will cause my credit to decline especially with the unauthorized fraudulent charges balance. This is retaliation against me for reporting them for not protecting my rights under FCRA laws as a victim of theft.
4162,Adding on to complaint # XXXX ... today I have made numerous calls trying to resolve this issue without it escalating. Customer service is absolutely horrible. I was put on hold on every call with every representative all stating that they work with consumer protection and the fraud department. I asked to speak with the investigations department and was told that there is no number to call them that I would have to wait for them to contact me. I was also told that investigations will not be back until Monday. The names of some of the representatives are XXXX and XXXX.I was told that I can go to the store to make a payment. I live in South Carolina and the store is currently closed due to hurricane Florence. The representatives cared less.
4163,"A {$1200.00} deposit was made into my checking account on XX/XX/2019. The same {$1200.00} deposit that has been made on the XXXX of the month every month for a year now. The day is was deposited, I saw {$400.00} was made available immediately. When I checked the account online the next day, however, the entire deposit was put on hold. The {$400.00} made available disappeared and no reason was given for the hold nor any time frame. This morning when I checked online, XX/XX/2019, XXXX days later now, an entry appeared that the hold was until XX/XX/2019. This entry was not there on the XXXX nor on the XXXX. 

We consumers are tired of Wells Fargo playing their games to the detriment of consumers. 

I've had this account and others at Wells Fargo since they bought XXXX and do not deserve to be treated with such disdain and disrespect and below the board behavior."
4164,"I've called XXXX spoke to a customer rep XXXX on XX/XX/XXXX regarding a refund of {$1200.00} sent from XXXX credit card XXXX with trace # XXXX on XX/XX/XXXX to BMO Harris Bank XXXX no one called me back after XXXX hours, I called again on XX/XX/XXXX, XX/XX/XXXX, XX/XX/XXXX, the reps XXXX XXXX XXXX and another lady ( forgot to ask her name ) told me that they did not know what to do and hanged phone call on me. 
I called again on XX/XX/XXXX with a conference call with XXXX credit card XXXX XXXX, was able to reach out to XXXX at XXXX ; however, XXXX said that she's unable to allocate the refund of {$1200.00} and that she would have to spend anotehr XXXX hours to reach. 
I would like to reqeust BMO Harris Bank to locate the refunds of {$1200.00} via their master car bill processor and adjust the 4 % bank transfer fees of $ original amount of {$2400.00} to XXXX, which is {$49.00} fee adjustment back to my credit card ASAP."
4165,"I am writing you to discuss my concerns about Zelles handling with disputes, particular in the light of the recent CFPB lawsuit, highlighting significant issues with the platform. Despite using Zelle numerous of times and reporting discrepancies, my financial Institute, including Zelle failed to investigate my claims adequately. They informed that recovering loss funds was impossible and tracking these transactions was unfeasible. The CFPB findings indicate that Zelle not only neglected to protect consumers but has also allowed repeated offenders to exploit the system leaving us users vulnerable to scams. This lack of accountability and transparency is unacceptable and raises serious concerns about consumer safety."
4166,"I am disputing inaccurate and unfair credit reporting by Bank of America on my closed credit card account. 

On XXXX XXXX XXXX I made a payment that was accepted. I continued making regular payments, including one on XXXX XXXX XXXX. However, Bank of America recently informed me that the XX/XX/XXXX payment was reversed on XXXX XXXX XXXX due to an issue with the external bank account. I had no knowledge of this until XXXX. Despite this, Bank of America reported me as 30 days late in XXXX and 60 days late in XXXX, and also increased my reported balance by over {$2000.00}. 

These late payment entries are inaccurate and misleading. I was not informed of the returned payment until months later, and I continued to pay during the affected period. I did not willfully miss or skip any payments, nor was I notified at the time of any failure. 

I spoke with a Bank of America supervisor who acknowledged the situation and submitted a dispute, but I later received a denial letter dated XXXX XXXX XXXX  ( case number XXXX ), refusing to correct the report. This letter is attached to this complaint."
4167,I was involved in a XXXX XXXX Scam. I sent over XXXX from my Coinbase XXXX to a Fake Trading Platform. I want to hold Coinbase accountable for not XXXX XXXX the transactions but the XXXX of Limitations have passed as the event took place in XX/XX/year>.
4168,I 100 % returned an item and confirmed receipt with a representative. I then received an email that the package was the wrong weight and they would not refund me. I explained I did not use the original packing but reiterated that all four curtain panels were returned. I have requested a phone call but they have not responded.
4169,"on XX/XX/year> i sent in the final insurance check after all had been completed and signed off my insurance company and lender. The lender returned the check to me without the endorsement saying i needed to endorse the check first. I proved to them that the check had been endorsed by the borrowers. All these details are in their online system. 
They sent a 2 day return envelope to send the check back. They received this check in their system XX/XX/year>. They continue to tell me its a 10 day turn around, but its XX/XX/XXXX and they still are holding my check. They keep telling me every week that I will receive the check next week. I was told it would be mailed no later than XX/XX/year>. Once again it is still not mailed. Today XXXX they are saying it must have management approval and it will be ANOTHER XXXX buisness days. Asked to speak to a manager, they stated I had to be added to a call back list, because they could not connect me directly with management. 

This lender NewRez is holding my funds for absolutely no reason causing me undue harm."
4170,"Dear Experian, I checked my personal credit report, which I acquired from your organization on XX/XX/XXXX and I noticed an unauthorized inquiry had been made XX/XX/XXXX. 
I contacted XXXX XXXX XXXX, who conducted the inquiry and asked them to remove their credit inquiry from my credit profile. 
I request that you initiate an investigation into XXXX XXXX XXXX ( XX/XX/XXXX ) inquiry on my credit report to determine who authorized the inquiry. If, once your investigation is complete, you find my allegation to be true, please remove the unauthorized inquiry and send me an updated copy of my credit report at the address listed above. 
Please note that although the inquiry shown on my credit report is a factual record of the company who accessed and reviewed my profile and although it is only logged on the report, when in fact, an inquiry was made ; a record of this activity, pursuant to federal law, must NOT remain a part of record if the inquiry was UNAUTHORIZED. 
If you find the inquiry referenced above to be valid, please send me a description of the procedures used in your investigation within 15 business days of the completion of the investigation. Thank you for your assistance in this matter Very Respectfully, XXXX XXXX"
4171,"On XX/XX/XXXX, received a notice that said the dispute was investigated and was found accurate. When I looked at the credit report the item was still inaccurate. The dispute resolution said that it was found accurate. However, this is not true. 

SUMMARY : I disputed the The XXXX XXXX XXXXXXXX account on XX/XX/XXXX because it was inaccurate. On my credit report it showed {$290.00} as a profit, loss, writeoff. But the balance should be XXXX and status should be included in bankruptcy that was filed XX/XX/XXXX. I was told that it would be investigated however, I received a quick response from credit bureau on XX/XX/XXXX, saying that they found it to be accurate. 

I contacted XXXX XXXX XXXX with the number listed, XXXX on credit report, and received the number has been disconnected. So I'm not sure how the credit bureaus validated or verified accuracy. 

I called Trans Union on XX/XX/XXXX to ask for verification and documents of how it was verified they couldn't provide me with that. Instead they said they can redispute it. That option didn't satisfy me because I have to wait 30 days till inaccuracies are cleared up from my credit report. This is affecting my credit more so, because the account is not listed in a bankruptcy that already had dropped my score."
4172,"I am filing a complaint against my federal student loan servicer, Sallie Mae, for wrongfully denying my application for an Income-Driven Repayment ( IDR ) plan. I was laid off in XX/XX/year> and have been experiencing financial hardship. Despite this, I made every monthly payment on time and in full. Due to ongoing financial difficulty, I requested a 2-month forbearance, which was granted. After the forbearance ended, I applied for an Income-Driven Repayment plan to make my payments more manageable given my current income. Sallie Mae denied my IDR application, stating that because I used forbearance, I am ineligible for IDR for one full year. I was not informed of this consequence when forbearance was offered to me. In fact, I was told to let my account default after 6 days in order to reach out to collections and learn about my IDR options. I called yesterday, 6 days after my loan was due as I was told and Sallie Maes XXXX department said I do not qualify. I believe this policy if it exists was not clearly disclosed, and I question whether it is consistent with federal student loan regulations, under which IDR is a protected repayment option for all eligible federal borrowers."
4173,"Im writing to formally express my concerns about Zelles handling of disputes, especially in light of the recent CFPB lawsuit that revealed significant problems with the platform. Despite using Zelle frequently and reporting discrepancies, my financial institution and Zelle failed to investigate my claims adequately. They told me that recovering lost funds was impossible and that tracking these transactions was impossible. The CFPBs findings show that Zelle not only neglected to protect consumers but also allowed repeat offenders to exploit the system, leaving users vulnerable to scams."
4174,"It occurs that my credit report has been compromised. Again, I was going through my files & noticed these items that do not belong to me. Since Im a stickler for research, I found that under section 605b of the FCRA you are required by law to remove & block any information or items which were found to be opened due to identity theft. The disputed items do not belong to my file. Im attaching the required FTC Report for you and the bank 's records ( learned through more research both parties require ). Please remove these items : XXXX XXXX ; XXXX XXXX XXXX XXXXXXXX XXXX XXXX, XXXX XXXX ; XXXX XXXX XXXX XXXX XXXX LA XXXX XXXX XXXX XXXX XXXX XXXXXXXX XXXX XXXX, XXXX XXXX XXXX XXXX XXXX XXXXXXXX XXXX XXXXXXXX, XXXX XXXX XXXX XXXX XXXX XXXX XXXX, LA XXXX XXXX XXXX XXXX XXXX XXXX, LA XXXX XXXX XXXX XXXX Balance : {$0.00} ; XXXX XXXX XXXX XXXX Balance : {$260.00} ; XXXX XXXX Balance : {$14000.00} ; XXXX XXXX XXXXXXXX Balance : {$720.00} ; XXXXXXXX XXXX XXXX XXXX Balance : {$0.00} ; XXXX XXXX XXXX XXXXXXXX Balance : {$0.00} ; XXXX XXXX Balance : {$1800.00} ; Medical XXXX Balance XXXX {$35.00} If you feel there is a possibility these items belong to me I will require all documentation which bear my signature ( another research item I found that requires you to verify with 100 % accuracy that these items are 100 % true, accurate, correct, complete & VERIFIABLE ). If you do not provide any records & claim the items are verified please understand I will seek legal action. I do not take kindly to games nor does my attorney. SO please comply with the law so this matter can be handled immediately."
4175,complaint against loan depot. Lender forced flood insurance on the property on XX/XX/XXXX and paid {$2500.00} causing an escrow shortage than now I'm repaying with a {$500.00} extra pmt per month. I provided several times an active flood policy to the lender showing enough coverage and no lapses and called them many times to see when the {$2500.00} will be refunded and deposited back on my escrow. They keep telling me over the phone that it will be soon refunded but still as ofXX/XX/XXXX i am repaying the mortgage
4176,I initially received a collections notice from Credit Collections Services ( CCS ) several months ago relating to an overdue balance from XXXX XXXX. I confirmed with XXXX that the balance was incorrect and in fact I had a XXXX $ balance. This was confirmed with multiple call with XXXX at the XXXX Executive headquarters ( ph : XXXX ). I informed the CCS caller multiple times what I had confirmed with XXXX and attempted to provide the number of XXXX. CCS attempted to still pressure me into paying over the phone even after I advised them of this. They informed me there was nothing that can be done about the debt or than get paid since it was submitted to them even though I confirmed it was incorrect.
4177,"i am filing a complaint against cash app ( Block , Inc ) due to inadequate customer service and unfair practices, which violate the consumer financial protection act ( CFPA ) .Specifically, cash app failed to take timely and effective measures to prevent and address fraud on their platform, leaving my account vulnerable and unprotected .Furthermore, their dispute resolution process was unfair and deceptive, as they did not comply with error resolution requirements under the electronic fund transfer act ( EFTA ) and regulation E.these actions have caused significant inconvenience and financial loss and i seek appropriate redress for these violations"
4178,"I opened a care credit card IXXXX XX/XX/2020. First two payments were made at the dentist office but then covid started and the office temporarily closed. However i never received any statements, bills, notifications nor was I given any account information. I had no idea I was being billed as i never recieved anything. My card closed out due to non payment."
4179,"On XX/XX/year>, I made a payment of {$5400.00} after being approved for a loan modification. Planet Home Lending later stated in writing that the loan modification was not updated in its system until XX/XX/year>. Planet also acknowledged reporting the account as XXXX days late for XX/XX/year> while simultaneously noting Partial Payment Agreement. XXXX XXXX XXXX The XXXX payment was made before XXXX updated the modification in its system, and the payment was applied under the prior loan status rather than under the modified loan terms. I dispute the accuracy of the XX/XX/year> late reporting because the payment was made and accepted during the loan modification transition period before Planet completed its internal system update."
4180,I deposited XXXX checks in the ATM before I can finish the transaction the machine started rebooting and went black screen I was left empty handed with nothing Causing multiple hardships and rent and bills delayed with late fees these recipients are on fixed income and XXXX The bank inside the bank said call this number and they will credit my acct that was a lie Im just sitting and waiting for I dont know what they didnt give a date funds will be available or nothing just a Sorry its nothing we can do at this time wait 10 days
4181,"I am filing a complaint regarding a {$1500.00} XXXX XXXX XXXX promotional bonus, payable after 90 days, associated with my Marcus by Goldman Sachs account. On XX/XX/year>, I contacted Marcus customer service by phone to confirm eligibility for the bonus and was informed that I was eligible but enrollment was required. I was not provided actionable instructions on how to complete the process and did not receive email reminders or see instructions available on the website. As a result, I did not complete the process at that time. On XX/XX/year>, I followed up with Marcus customer service regarding the status of my {$1500.00} bonus and was informed I would not receive it due to non-enrollment. The matter was escalated to a resolution representative for review of my eligibility. During that review, the representative acknowledged that the XXXX customer service representative did not provide the required instructions ; however, my request for the promotional bonus was still denied."
4182,LJ ROSS is falsely reporting on my credit. I have never had any accounts with them. Per my research LJ ROSS is a debt collector. They are falsely reporting on my credit!! Account number is XXXX is falsely reporting XXXX  my credit file XXXX  is against my rights XXXX  fair credit act. Under XXXX XXXX XXXX - XXXX of investigation consumer report ; you are in violation.
4183,"I find it incredibly disheartening and infuriating that despite adhering to every protocol in disputing this account, I am met with an outrageous level of negligence and indifference. I've diligently followed the necessary steps : reaching out to the bank, involving law enforcement, and filing a report with identitytheft.gov. XXXX, in compliance with legal requirements, has promptly removed the account from my records. However, Experian seems to operate in an alternate reality, questioning my diligence in following procedures. This is the sixth complaint I've filed against them, and every time, I am met with the same absurd response, claiming the validity of the documents I've submitted is in question. I refuse to believe that the consumer laws and courts are so lenient that they render filing a lawsuit futile. Having endured this ordeal for over six months, I am at my wit 's end. Experian 's blatant disregard for the severity of my case is beyond comprehension. XXXX XXXX XXXX XXXX Date Opened XX/XX/2014 Balance {$0.00}. Let it be clear that I, the person submitting this complaint, am unassisted by any third party. I implore you to treat this matter with the urgency it deserves."
4184,"There has been several transactions that has occurred that was not done or authorized by me. The only person that had access to my account through his email address was XXXX XXXX his email was XXXX and XXXX he is accessing PayPal account and other accounts, I got reports already on him for thefts at my home including XXXX and XXXX XXXX has been helping hack and steal"
4185,"On XX/XX/XXXX, I received a hard copy, paper notice in the mail about a supposed parking violation debt collection that supposedly is owed as of XX/XX/year> in the amount of {$85.00}. There is no specific date, location or any other evidence regarding the alleged violation. This written notice is from : "" Oxygen XL '' with a mailing address of XXXX XXXX XXXX, XXXX XXXX, FL XXXX, and listing a phone number of ( XXXX ) XXXX. Their website is listed as oxygenppm.com. The reference number for OxygenXL is shown to be XXXX They state they are attempting to collect the debt of {$85.00} owed to "" XXXX XXXX XXXX XXXX '' They list a "" Notice of Non-Compliance number '' of XXXX."
4186,"My cashapp account was closed and the reason given was I violate their TOS ( terms of service ) but they wont say how or what I did. I filed an appeal and they gave me the same vague answer. Ive had this account for a few years and I should know at least what happened. 

My account was cashtag XXXX XXXX email was XXXX."
4187,"In XXXX of XXXX I was approved for a modification to start payments by ocwen/PHH. They contacted me and told me it was an error. They would not allow the payment. 

I contacted the Hardest hit fund and was told I qualified for a {$50000.00} principle reduction. The counselor said she needed to speak to their contact at ocwen first to assure they would accept the terms. She needed to do this because the program was ending and she did not want to do all of the work if they were not going to accept the money. She contacted me a couple of weeks later and said Ocwen advised her they would accept the payment. After all the work was completed and she submitted the paper work to ocwen they refused to accept the {$50000.00} payment. The program has since ended but I have my documentation. 

This caused me to go into XXXX XXXX XX/XX/XXXX to save my home. During the pandemic I lost my Job and Business. 

Therefore, I could not make the payments and loss my bankruptcy in XXXX of XXXX. I approached Ocwen/PHH for a Modification they denied saying no more modifications. But modifications were not truley approved. Only as a documentation for the record but never completed. 

Also during bankruptcy according to the trustee I paid {$30000.00} on my mortgage balance. It does not appear as all was posted. 

















XXXX"
4188,"I am writing to dispute several items on my credit report. Below are the accounts I am disputing across the three bureaus : I am disputing the following inquiry on my TransUnion report. 

Inquiries : XXXX XXXX, XX/XX/year>"
4189,"I have requested to close the account since there are money sitting in the account and I can not make any transfers between my banks. The whole process is already been more than a week and the account still hasn't been closed yet. Every time when I called, I was told 1-2 business days. I need to get my funds back ASAP."
4190,"XX/XX/XXXX I went to XXXX XXXX XXXX XXXX XXXX XXXX. I went to test drive a XXXX XXXX. They told me financing qas denied for it but that they another suv on the same price range. 
The XXXX  was XXXX. Thru showed me a XXXX XXXX. I asked the price on jt .. salesman said XXXX. They explained they wouldn't have the paperwork available for a week or two but that I could still sign electronically. I paid them a down payment of {$4000.00}. 

I did not even know the name of my creditor. I did not get paperwork until day 42. When I received it, it listed the sale price as XXXX. 

I was given a XXXX  that was not yet updated ( i inaccurate ) To help show the positives of the vehicles. The dealership had made repairs they did not disclose. Th were recalls they did.not notify me of. They changed the sale price to XXXX. I would never have even attempted to get that vehicle at that price. In good condition It was worth only XXXX. 

I noticed some issues, had do e warni g lights on. Etc I found they did not do am inspection immediately prior to the sale. I found out about the repairs their own shop had made and did not disclose.

They hsve a 5 day buy back policy they would not honor. I was denied when I requested to speak to a mgr.

In its Entirety ... XXXX XXXX XXXX XXXX XXXX... did not do its due diligence, did not follow state rules, blatantly lied, are unethical, Their customer service is nonexistent. They made it impossible to title or register the vehicle. They gave me paperwork so late that i had already accrued late fees and fines. They dismissed all my complaints. On day 2 I had to buy/replace the faulty battery. They put me off over and over."
4191,"I am filing a complaint against cashapp ( Block, Inc. ) due to inadequate customer service and unfair practices, which violates the Consumer Financial Protection Act ( CFPA ). Specifically, Cash App failed to take timely and effective measures to prevent and address fraud on their platform, leaving my account vulnerable and unprotected. Furthermore, their dispute resolution process was unfair and deceptive, as they did not comply with error resolution requirements under the Electronic Fund Transfer Act ( EFTA ) and Regulations E. These actions have caused significant inconvenience and financial loss, and I seek appropriate redress for these violations."
4192,"On XXXX XXXX, 2014, I made a payment for {$100.00} to Capital One Credit Card. After completing my payment I obtained a confirmation number XXXX. A XXXX later I get a late fee and higher minimum payment in my Capital One credit card statement. I contacted Capital One and spoke with representative ID XXXX and he apologized in behalf of Capital one and removed the late fee and fixed the issue of the bill statement. He also stated that this issue was not going to be reported in the credit bureau as it was a clerical error done by Capital One. However, I pulled my credit reports and Capital One has entered a late payment of XXXX days in all of the credit bureaus. I have called and I have sent XXXX letters to them so they correct the wrongful entry in the credit reports, but they continue to respond that I was late and that I did not make the payment. I have the confirmation number and the ID of the representative that I spoke with a month after. This is totally unfair practice and bad faith it should be corrected."
4193,someone hacked my chase debit card in XXXX. I live in XXXX. there was about {$1500.00} in charges. Chase gave me credit for the charges at first then put {$350.00} in charges back on my account. They told me because a card was used with the chip and pin number and that is impossible to duplicate. i offered them proof that i was in XXXX at the time and they said it would do no good and then accused me of giving out my pin number. I sent them a video of 2 police officers showing how these cards are duplicated and how they steal your pin number. Then they told me it doesnt matter it is too late now because they looked into it twice. one charge was for XXXX with {$40.00} cash back at rite aid in XXXX XXXX XXXX on XX/XX/2018. the other charge was at a lowes in XXXX XXXX  for {$200.00} with another {$40.00} cash back on XX/XX/2018. They told me a police report will do no good either. so because of chases incompetence in their security im out {$350.00}. Please help me to recover my money. I already closed all my accounts with them since they can not keep y money safe!
4194,"On XX/XX/year>, I reported XXXX fraudulent transactions on my Discover credit card account. After about a month without seeing any reversal or receiving any communication, I called Discover to follow up. During that call, I resubmitted the disputed transactions for review, as no evidence was provided to me showing that Discover found these charges to be legitimate. 

Despite my efforts, the fraudulent charges remain on my account, and Discover has not provided any updates regarding their investigation or any resolution."
4195,"XX/XX/2019 my home flooded. 
It took two months to get a flood insurance preliminary proof of loss. 
The POL was sent to first mortgagorXXXX XXXX Disaster loans for endorsement. XXXX sat on the check for 5 weeks before sending it back to me because I was informed they had me send it to the wrong address. 
The check came back XX/XX/XXXX and was forwarded to Ditech Morgage who told me they would have it back to me in 5-7 days. Ditch received the check XX/XX/XXXX. 
The check was forwarded with a letter explaining that I had been flooded out of my home for 5 months and the reasons why, a copy of the Proof of Loss, and a copy of the bids for hvac, electrical, and plumbing repair, which is the same thing I forwarded to during the previous flood four years ago. 
On XX/XX/XXXX, Ditech calls and demands copies of contractor licensure. This was not required for my last flood loss only 4 years ago. 
It is my belief that Ditech, a mortgage company in bankruptcy, is simply tieing up my payment in their bureaucracy in order to use the money in the interim and stall as much as possible in paying me so I can repair my house. 

I have been out of my home for 5 months. There is no power or heat there. 
I am living in a rental, losing the income from the rental and making payments on both houses, both the rental and the one that is uninhabitable. 
Winter is coming on, and if I dont get my home repaired, the plumbing may freeze & burst causing yet more damage, caused by Ditechs delays in forwarding my fema repair check. 

I need some help getting Ditech to release the check. 
Ditech loan # XXXX XXXX XXXX loan Ditech phone number XXXX Policy # XXXX Claim # XXXX Property Address XXXX XXXX XXXX, XXXX, AR,XXXX XXXX XXXX XXXX XXXX"
4196,"Hi I am submitting this ( without any influence and this is not a third party ). I have complained to Equifax, however The problem has not been resolved. Equifax has violated the FCRA UNDER THE LAW 15 USC 1681 SEC. 623 I received NO RESPONSE AFTER 30 DAYS. I originally contacted Equifax reference to a XXXX XXXX XXXX FILE XXXX, Equifax failed to to respond within 30 days ( see enclosed documentation evidencing Equifax violation of the law ). 
Therefore I demand that you delete this inaccurate account ASAP, as YOU ARE REQUIRED UNDER FEDERAL LAW TO DELETE THIS ITEM SINCE YOU FAILED TO DO A TIMELY INVESTIGATION!!!"
4197,"The stock-trading company Robinhood ( Robinhood Financial LLC XXXX Robinhood Markets INC. ) has frozen my account after it was hacked over 6 months ago and over {$3000.00} were stolen from me in illegal transfers. They refused to return the money, and I had to call the bank to have the transfer reversed. Recently I logged in to my old account and found a balance of {$120.00} remaining. I attempted to transfer the funds out into my bank account, and Robinhood refuses to lift the restriction on my account without any further explanation. The service rep hung up on me and they refuse to take any further calls from my account, referring me to an email request forum that receives no response."
4198,"On or about XX/XX/2022 I lost online access to make payments to my Paypal Credit account via the Paypal App ( Android ), or on the Paypal.com website. This line of credit is provided by XXXX Bank ; XXXX XXXX XXXX, XXXX, XXXX, XXXX. 

In speaking with both parties I have been unable to resolve the dispute, and was informed by a XXXX Bank employee that XXXX Bank does not offer online payment processing directly to Palpal Credit account holders. 

The lack of online payment processing places both Paypal, and XXXX Bank in violation of Paypal Credit Terms And Conditions under the Payment Options clause which states "" You can pay by mail, online or by phone. '' The inability to pay online is no small inconvenience in the age of the Internet most Americans make a majority of their payments online in 2022. As a consumer revolving credit account "" The Terms and Conditions, '' stipulated that the ability to "" Pay Online '' would be available to Paypal Credit Account Holders as part of the Agreement, or terms of contract. 

Payment under the Uniform Commercial Code is no small matter, and neither is impeding payment by denial of service. I ask that Paypay either re-institute online payment processing through their XXXX app, and/or website showing good faith in their obligations to Paypal Credit Account Holders to whom they are in breach to at this moment. 

Sincerely, XXXX XXXX"
4199,"Incorrect or off information is being reported on Equifax and XXXX. I am in a region that heavily relies on XXXX. I have disputed info, but nothing has happened, My info was stolen from data breaches that have happened. I disputed what I do not recognize, but no action has resulted from it. I disputed through XXXX XXXX. Because of the misinformation, if a company uses a third party to supply info, it is incorrect and i am then kind of shutout and the only explanation is this is what we can see, you have to dispute the info, resulting in a cycle."
4200,"my mortgage just increased by @ {$500.00}. When I contacted the mortgage company they said it was because my homeowners insurance went from {$3500.00} to {$7200.00}. So I contacted my insurance provider XXXX XXXX, XXXX confirmed that that was correct, but they also stated that the payment has not been made and that the policy has been canceled. So, If they have not paid my homeowners insurance where is that money that they are now charging me for going? And, now I have no homeowners insurance. My mortgage company is PHH Mortgage. Also dealing with them on the phone is a nightmare as I am transferred from one person to another and no one is able to answer my questions as to where that {$7200.00} is going. Did they find another insurance company and if so I have not received a declaration page or any other confirmation that I even have insurance."
4201,I received a letter to provide additional identification even though I have provided my Driver Lic. copy of my social security card and a utility bill with my name and address. It appears they are slow walking my complaint because I submit the same docs every time I dispute and when I asked them to send me how they verified my incorrect information they ask me for additional information.
4202,"XXXX issued a two party check to my ( estranged ) XXXX AND myself. He endorsed the check, and Suntrust deposited it into his personal account, without my signature, or identification. I've talked to Suntrust twice, and am getting the run around and what it comes down to, is them telling me I can go small claims court. I'd like the bank held accountable for not following regulations, and would like the funds put on hold."
4203,"Based o information received by Chime, I attempted to open an account online with Chime. 

I disclosed my correct name, address, date of birth, and social security number and the fact I am paid via direct deposit. Chime rejected me via pop-up screen. Chime has refused to state the reason. Chime has refused to provide me with a copy of my credit report. Chime also fails to disclose its address. Chime refused to mail me a copy of the rejection of credit letter. 

Chime now has all the information they need to commit credit fraud, and I have zero recourse. 

Chime advertises itself as being easy to deal with and a "" Second Chance '' bank, designed for people with credit problems. However, I am not a credit risk, and my credit tis good. 

I deserve to know the reason I was denied credit and a copy of my credit report"
4204,"I am writing to formally express my concerns regarding Zelles handling of disputes, particularly in light of the recent CFPB lawsuit highlighting significant issues with the platform. Despite using Zelle numerous times and reporting discrepancies my financial institution and Zelle failed to investigate my claim adequately. They informed me that recovering lost funds was impossible and that tracking these transactions was unfeasible. The CFPBs findings indicate that Zelle has not only neglected to protect consumers but has also allowed repeat offenders to exploit the system leaving user vulnerable to scams. 
This lack of accountability and transparency is unacceptable and raises serious concerns about consumers safety."
4205,"Attempt to send my $ to XXXX - denied. 

I call and the representative tells me about the risks of Cryptocurrencies. ( Which I find funny because this is my money ). 

2nd representative is straightforward and tells me that Capital One has decided to no longer support sending money ( even though it is my money ) to XXXX ( a legal company ). 

XXXX XXXX XXXX XXXX XXXX XXXX I file a complaint with CPFB at the end of XX/XX/XXXX. 

I received a letter ( XX/XX/2018 ) from Capital One stating ( attachment ) that they will give me an access code that may not work with all companies. [ To me this was just another gimmick to delay me as they already stated they wont honor my request to send my money to a legitimate business ]. 

XX/XX/2018 I logged on to my XXXX account and input their access codes and was denied. I have used various bank accounts and have NEVER had this problem. 

Again, to reiterate. This is not a credit card purchase. This is money in my bank that they REFUSE to allow me to transfer. They will not work with me that is why I am filing a complaint."
4206,"Over 10 years ago my wife and I obtained a mortgage for our first house. Sun Trust administers our mortgage. We have a first and second mortgage. The first mortgage is 7.75 % and the second mortgage is 9 %. We have repeatedly over the years attempted to refinance this mortgage, but Sun Trust has stonewalled and frustrated the process at every turn. Even when we go to our local Sun Trust branch the teller and local reps always ask have we considered refinance. Our response is yes we have. The response is yes only to later hear that some policy at corporate prevents the refined. In 10 plus years we have never been late with a payment. We are seeking assistance in getting Sun Trust to work with its customers in getting a more reasonable and fair interest rate. My wife and I welcome your assistance. Sincerely XXXX"
4207,"XXXX XXXX XXXX XXXX ( XXXX XXXX XXXX ) and Source Receivables Management are attempting to collect a debt of {$910.00} that I do not owe. I vacated the apartment in XX/XX/year>, received written confirmation that no further payments were due, and paid all rent obligations. Despite proof, I have been harassed with collection attempts and negative credit reporting. I am attaching evidence of no debt owed. Please investigate and assist with stopping these actions and correcting any credit damage."
4208,"I am writing to file a complaint regarding an inaccurate late payment reporting on my XXXX XXXX  account by Equifax. Specifically, Equifax  is reporting a XXXX late payment on my car loan in XX/XX/XXXX, which is not accurate. 

On XX/XX/XXXX, I made a payment of {$390.00} to XXXX XXXX  for my car loan. However, the next statement generated by XXXX XXXX  showed a payment of {$390.00} was due on XX/XX/XXXX. I did a trade-in of my vehicle, a XXXX XXXX XXXX XXXX XXXX XX/XX/XXXX, in which the dealership was supposed to pay the payoff amount to TD Bank. Therefore, this late payment is not reporting accurately, as the payment to XXXX XXXX  was the responsibility of the dealership, not me. I drove off with a new car on XX/XX/XXXX. 

I have attached supporting documentation, including the statement from XXXX XXXX  showing the payment of {$390.00} I made towards the car note on XX/XX/XXXX, the statement from XXXX XXXX  showing a payment of {$390.00} due on XX/XX/XXXX, and the sales contract for the new car, dated XX/XX/XXXX, which includes additional details regarding the vehicle trade-in."
4209,"Loandepot de fied any wrong doing, but, demanding payment of late charges and late payment which we never have ever sinc e. Dishonest, manipulati on toward financial scams with illegal late charges and other deficiency activity to gouge us financially including insurance and tax after they were told I am tax-exemption, ""   XXXX   XXXX    XXXX  veteran ''.  XXXX   XXXX   XXXX .  XXXX   XXXX  Veteran we end up sold our house, due to dishonest fraudulent activity they put us through since late  XXXX   XXXX   XXXX ,   XXXX   when our home was sold. We felt lots of  XXXX  and pressures from Loandepot 's dishonest services through-out those years I mention here-above. this aforementioned surely is n't healthy for us, but putting us under lots of unhealthy  XXXX   XXXX . To which my (  XXXX  ) classified & verified   XXXX   XXXX    XXXX  and among other VA medical history during my Military services does bothers me big time still. therefore, punitive damages and compensatory damages must award for the defendant 's negligence and egregious repetition of dishonest and consumer frauds ever since.     furthermore, our home sold on  XXXX   XXXX ,   XXXX  , and Loandepot still not refunding us money that they owed us : such payment made in advance for the month of  XXXX    XXXX  , interest, tax, and principle Sincerely :  XXXX ,  XXXX   XXXX  &  XXXX   ( wife  )"
4210,"I submitted all of my documents in a timely manner in order to close on my home in XX/XX/XXXX to XXXX XXXX XXXXXXXX. Although, XXXX XXXX XXXXXXXX was not on time with the deliverables to the closing agency ( XXXX XXXX XXXX XXXX I still ensure I responded and returned all of the required documents to them in a timely manner. XXXX XXXX XXXXXXXX is supposed to issued me {$75.00}. I e-mailed them and the closing agency XXXX XXXXXXXX XXXX  e-mailed them on XX/XX/XXXX to follow up with the refund of {$75.00}. I e-mailed them again on XX/XX/XXXXto follow up and they said they sent the check out the day before, but I still have not received it. I am requesting that they refund the remainder of the funds that is warrant to me."
4211,"Purchased car last XXXX from XXXX XXXX By XXXX the engine went out in car, I had to pay to be able to get around. Took XXXX weeks to get a rental car before they decided to give me a car. Not what I originally purchased. Since the new company has taken over I have had to to replace the whole back end of the car. Now they expect me to pay {$1500.00} I dont have because they gave me another car thats bad. Westlake management is no better than XXXX XXXX"
4212,"I was a victim of fraud and Chase Bank denied my claim for {$2900.00}. They approved a {$800.00} claim but denied the {$2900.00}. In the letter I received they said it was because they think I approved the transaction or gained something from it. But when I called customer service they said it was because I didnt report a counterfeit check that the fraudsters tried to deposit for {$490000.00}. But I did report it. And theyre saying the only way they can do anything is if I have evidence it wasnt me. I was watching my baby brother while my mom was working, I dont know how Im going to show evidence it wasnt me. My account has never seen more than {$500.00} it should have been flagged for fraud right away. If they dont reopen my claim I will not be able to pay them back or even want to because they are XXXX   me over and its gon na destroy my credit."
4213,"On XX/XX/year>, I used PayPal Pay in XXXX to purchase an XXXX listing for {$580.00}. The seller 's listing advertised XXXX XXXX XXXX XXXX. The listing description stated, XXXX XXXX XXXX XXXX XXXX XXXX for good price, '' and the listing image clearly showed XXXX XXXX XXXX XXXX The seller delivered only XXXX code through XXXX messages and later claimed the listing only advertised XXXX cape. I preserved screenshots of the original listing, including the description and images, as well as the complete message history with the seller. The evidence shows the listing advertised XXXX capes, while only XXXX code was delivered. I filed a Significantly Not as Described dispute with PayPal and provided the listing screenshots and correspondence. PayPal denied my claim, stating that the item was not "" damaged, different or missing any parts. '' That explanation did not address the actual dispute, which was that the seller delivered only half of what was advertised. I contacted PayPal customer service multiple times and requested an appeal. Although my appeal was accepted for review, the case remained closed in the seller 's favor. I have repeatedly asked PayPal to explain why the archived listing showing XXXX capes and XXXX cape cards was not considered when evaluating my claim. I am requesting that PayPal conduct a fair review of the evidence, provide a clear explanation of how the dispute was evaluated, and reconsider its decision based on the listing that was presented to me at the time of purchase."
4214,"Capital One had an internal payment processing error on my account which has caused me to incur unwarranted late fees and interest charges. 

Here are the details : I received my statement from Capital One on or about XX/XX/2021. I sent payment in full of {$4200.00} a week before it was due. 

I have since received another bill on XX/XX/2021 reflecting late fees and interest charges and a balance of {$4400.00}. 

I immediately called in to confirm you received my payment of {$4200.00}, which was payment in full, and was told by XXXX at Capital One that they had internal problems processing mailed in payments during this time period. Because of this my payment that was due on XX/XX/2021 was not posted until XX/XX/2021. XXXX said she would remove the {$29.00} late fee but said the interest charges of {$89.00} could not be removed. I was then transferred to a supervisor who told me the same thing and that I needed to pay now {$140.00} to close the account and not get more interest charges? 

I attempted to pay the {$140.00} with the supervisor and he then told me he could only take a payment {$120.00} and that he would get back to me regarding more interest charges. So, in effect, I was not given a legal payoff amount and not allowed to pay my bill in full. 

My payment of {$4200.00} was payment in full and was allegedly only 5 days late ( due to Capital One slow processing ) and had somehow incurred {$89.00} in interest in 5 days and now is somehow {$140.00} and growing? 

Captial OnXXXX said they charge interest from the day of the purchase and for XXXX statements after on the average daily balance, even if the balance is paid off you still pay interest. They explained that these details are in the fine print of the credit card agreement. 

What's in you're wallet? The answer is no money if you use Capitol One with their deceptive practices. 

I closed this account and will never do anything with Capital One again."
4215,"In accordance with the Fair Credit Reporting act. The List of accounts below has violated my federally protected consumer rights to privacy and confidentiality under 15 USC 1681. 

Account name : # XXXX XXXX - ACCT XXXX XXXX Account name : XXXXXXXX XXXX XXXX XXXX ACCT XXXX XXXX Account name : XXXX XXXXXXXX - ACCT # XXXX Account name : XXXX XXXX XXXX XXXX - ACCT # XXXX Account name : XXXX XXXX - ACCT # XXXX Account name : XXXX XXXX XXXX XXXXXXXX Account name : XXXX XXXX XXXX  -ACCT XXXX Account name : XXXX XXXX - ACCT XXXX Account name : XXXXXXXX XXXX XXXXXXXX Account name : XXXX XXXX XXXX ACCT XXXX Account name : XXXX ACCT- XXXX Account name : XXXX XXXX XXXX -ACCT XXXX Account name : XXXXXXXX XXXX XXXX XXXX XXXX Account name : XXXX XXXX  - ACCT # XXXX Account name : XXXX XXXX XXXXXXXX Account name : XXXX XXXX XXXX XXXX  - ACCT XXXX Account name : XXXX XXXX - ACCT XXXX Account name : XXXX XXXX XXXX -ACCT XXXX Account name : XXXX XXXX XXXX XXXX XXXX Account name : XXXX XXXX XXXX Account name : XXXX XXXX- ACCT XXXX Account name : XXXX XXXX XXXX XXXX - ACCT XXXX has violated my rights. 

15 U.S.C 1681 section 602 A. States I have the right to privacy.

15 U.S.C 1681 Section 604 A Section 2 : It also states a consumer reporting agency can not furnish a account without my written instructions 15 U.S.C 1681c. ( a ) ( 5 ) Section States : no consumer reporting agency may make any consumer report containing any of the following items of information Any other adverse item of information, other than records of convictions of crimes which antedates the report by more than seven years.

15 U.S.C. 1681s-2 ( A ) ( 1 ) A person shall not furnish any information relating to a consumer to any consumer reporting agency if the person knows or has reasonable cause to believe that the information is inaccurate."
4216,"After my complaint to ConsumerAffairs on XX/XX/2009, I have filed my complaint to SEC on XX/XX/2009 to get their attention, because what Scottrade did might cause their customer loss like me. After Scottrade rejected my request for their response in writing ( They said that they only give me when SEC inquiry to them ), I faxed my written request to Scottrade branch and ask them to forward to their compliance department for writing their response. 

I have sold some of my stocks on XX/XX/2009 and sold all rest stock on XX/XX/2009. Those fund about {$3000.00} from sold stocks on XX/XX/2009 should be available in yesterday ( XX/XX/2009, XXXX ), but today ( XX/XX/2009 ) I have found that my fund is still not available to me due to Scottrade freezing those fund. I called Scottrade branch and they said that those fund should have available but then they changed to that my fund, including those sold on XX/XX/2009, will only available to me on XX/XX/2009 ( XXXX for my XXXX stocks selling ). 

Scottrade freezes all my fund without any legitimated reason. And I plan to pull all my fund out and to file a second complaint to SEC. I believe that this event should let all investors know, therefore, I file this complaint to ConsumerAffairs again."
4217,"I completed a purchase through PayPal on XXXX/XXXX/XX/XX/XXXX, that I canceled on the same day. The transaction refund was started but continues to show as pending. After 6 weeks, and an internal investigation by Paypal they issued a temporary credit, citing there is a known problem with the retailer account. That was XXXX. This was on XXXX XXXX, XX/XX/XXXX. On XXXX XXXXXX/XX/XXXX that temporary credit was undone, leaving my paypal account with a negative balance. I had my bank investigate for a refund into the account. No such refund. XXXX confirmed the funds actually never left paypal. PayPal is claiming the refund was issued, yet the status of the refund as of right now ( XXXX XXXX XXXX ) is pending. They sent the account to a collection agency and wo n't talk to me about it any more. No one has ever been able to give me a date when the refund was completed."
4218,"Between XX/XX/XXXX to XX/XX/XXXX, there were approximately 133 charges labeled as XXXX which were not transacted by me, nor authorized by me. I notified Chase when I realized this. The combined total of the transactions amounted to {$2400.00}. Chase reversed those transactions and credited my account as they investigated my claim for fraud. On XX/XX/XXXX, these charges were debited out of my account again and upon contacting Chase, was told there was not sufficient evidence of fraud. They told me that this was legitimately made through a digital wallet. I subsequently provided proof through my XXXX account as well as my digital wallet transactions to show that none of these charges showed up, nor did I use XXXX at any point during the period above. Chase continues to decline my claim without telling me what information they have obtained to determine that these transactions were valid. 

I've contacted XXXX and they told me that they couldn't find any rides associated with the phone number listed on the credit card pertaining to the "" XXXX '' label which was XXXX. 

I have filed a police report and did some research online and found out that I was not the only one who fell victim to this "" XXXX '' charge fraud. I found a website that indicated that the phone number above was a fraudulent number. Many people have complained about being charged as if it were XXXX, but it turned out to be a scam. I believe Chase should be investigating these charges with more diligence or provide me with more information that I can share with the police. They should be able to check the IP address of the phone used for these digital wallet transactions as well as the location of the charges that would help me further prove that these were not charges made by me. 

<Police report info> XXXX XXXX XXXX XXXX XXXX XXXX XXXX XXXX XXXX XXXX"
4219,"On XXXX XXXX our checking account was fraud, the amt of {$2800.00} was withdrawn by XXXX XXXX. This was not authorized by us. I called US Bank, was transferred to the fraud unit. Checking acct was closed along with our credit cards. New checking acct opened along with new credit cards issued. On XX/XX/XXXX XXXX of the new cards was frozen due to someone calling & trying to get a new card. This was denied. Again on XX/XX/XXXX, XX/XX/XXXX, XX/XX/XXXX, XX/XX/XXXX, & XXXX changes were made on our online banking accts, we didnt make any of these changes. Finally on XXXX we were cleared to set up online banking again. Forward to XXXX while checking our accts there was a withdrawal for {$930.00} to XXXX. I notified our branch bank to investigate. On XX/XX/XXXX our checking acct was completely emptied of {$19000.00} to XXXX Us we did not authorize either of these! Contacted the fraud unit on XX/XX/XXXX. Information was given, many questions asked which I answered, our checking acct was frozen! We were told to go to the branch office to set up a new checking acct. which we did! Weve done everything asked of us during this entire ordeal to protect our account and shocked when opening the account on XX/XX/XXXX and horrified on XX/XX/XXXX to find the acct empty!"
4220,"Ally Financial violated consumer protection laws by exposing subprime consumer such as me to unnecessarily high levels of risk and knowingly placing me in a auto loan with a high probability of default. Ally did not verify employment or verify it was actually me getting the loan. Ally requested no paperwork such as, bank statement, paystub, or anything to verify I could pay for this loan. Please bring a settlement upon ally financial I was a victim of XXXX  lending. Ally has not sent me the original indebtedness in its original form."
4221,"The company opploans is sending approval notices back to back to my home address implying that I can secure a personal loan up to {$4000.00} with a pre-approved status with a offer code and expiration date, it is a apply online asking for routing and account information and a fast funding option."
4222,"American Credit Acceptance used false advertising, false and misleading information to deny credits for an automobile. Pursuant to 15 United States Code 1681b- permissible purposes, the application process along with an account was conducted and opened without my written authorization or consent while getting denied for an auto loan when American Credit Acceptance received actual cash value on the face of the unauthorized application which constitutes the denial of the application as extortion of credit where Ive suffered a loss through a financial transaction funded by me where the material facts and misrepresentation werent disclosed to me. American Credit Acceptance paid XXXX for the consumer report which serves as an asset of income and therefore American Credit Acceptance received an intangible asset. The denial also is a prime example of employees at these companies using discriminatory practices to extort credits from applicants by using deceptive business trade practices which violates anti-trust laws."
4223,"On XX/XX/XXXX I had a transaction for a mechanic XXXXXXXX XXXX XXXXXXXX for {$1000.00} on my debit card. I reached back out to the merchant the very next day as well as a month later to please look at my car as it sounds horrible and worse in the same area that he fixed. He told me know and that he could not do anything for me for 2-3 weeks and if I could not wait I had to find another mechanic. I was shocked and really upset. But I was told to file a complaint for a dispute with Truist back as it was a service that I got ripped off for. I filed several complaints the XXXX the Division of Consumer Affairs, and a dispute with Truist. I had a hard time from the beginning and I spoke t a supervisor named XXXX who said he would be able to help me, and to send in a copy of the invoice and the receipt and I did just that. It got denied twice as the claims person said I needed a voided receipt and now how can I get a voided receipt if I can not even get the man that owns the shop and who repaired my vehicle to fix the vehicle after a month. The car has a warranty on it and the paperwork to support everything was sent in to Truist claims. I am really disgusted that this claim is not being handled professionally as this could happen to anyone. I expected Truist to be on the customer 's side as this was a clear cut case. But needless to say I have spoken to several people and they all say something different and the supervisor XXXX promised to call me back and never did it was only when I called in and said I was filing a complaint did he get on the phone and try to explain the horrible choice the agent made in handling this claim."
4224,About a month and a half ago there was multiple transactions on my XXXX debit card over a100 they  were all nearly the same amount even some of them being at the exact same time same day and same amount that is not even humanly possible for an individual to do they were as well out of the country so I filed a dispute and Bank of America credited my account for that amount however just two weeks ago they sent me a statement stating that I lost the dispute and they reversed the credit so my account is {$2800.00} negative however it was {$3800.00} negative but when I certified my benefits last week they took my whole amount It is unfair that I lost the dispute considering the fact that its 100 % obvious its fraud but the fact that that is my only means of income and I am being financially deprived of it and My rights as a consumer are being violated
4225,I received a letter stating my account was restricted because of unusual activity and to protect me from unauthorized transaction the bank is first financial the date on the letter is XX/XX/23 then I received a alert that this account was closed on XX/XX/23 not to mention first financial ran a hard inquiry on my credit That was not authorized
4226,"On XX/XX/XXXX, I sold my Bitcoin, XXXX was to be transferred back to my checking acct. As of today, I have not received the money. I have attempted to call and I have sent an 32 email expressing my issue, no response. I have also sent a copy of my complaint to Coinbase Customer Support -XXXX XXXX XXXX, XXXX XXXX -XXXX   XXXX , CA XXXX. I have called their support line 5 times, listened to the automated answering service for 45 mins. Never talked with anyone. I have received a XXXX XXXX from Coinbase 3 weeks ago saying they would send me research and send me an response. I have never received a response. There are many, many coinbase users XXXX  the same issues, waiting for their ACH or Debt refunds. This is unexceptable and should be investigated. Coinbase boast of the millions of dollars of profits for 2017. I just want my money from selling my BitCoin."
4227,"Hello I was surprised of this company continue to raise my payment every six months to a year, so I inquire about my monthly payment. This company claim because I am a XXXX XXXX that my payments will go by my income. I did what they ask, which was my pay stubs, income tax refund, other information and documents that would help to lower my payment most of all that my payment would stay the same for the next ten years. When I finally spoke with someone about pay off, they claim that I old about six thousand more than original because of interest. I could not understand the total price  was different form what they said. They stated that I had to consolidate in order to get the police discount for ten years, so I did. Now it's a different story, I am not allow to do much of nothing, they denied my every request. I asked if I can pay the original loan off, they stated that I have to pay original price off in full and more, there's noting we can do for you, I went through three people before this one nice person gave me some advise. The first arrangement I made with company is no longer valid, so this company pulled me in with false pretense. All I wanted to do is pay off my original loan."
4228,I constantly pull conversations with different personnel or employees with this company explaining the issues and problems that I'm dealing with. I had to file with the trade commission and also finally got in touch with the CEO for the XXXX XXXX when issue I'm having with XXXX XXXX XXXX on a recall on my vehicle that turn into issues of them trying to have me pay {$3600.00} and then they went down to {$3200.00} and XXXX but after speaking to the CEO and the specialist of the company they are sending my complaint to them where they should be contacting me and things should be a lot better than their first initial payment request this has caused me to have to rent a vehicle at {$89.00} a day I did that for 3 weeks it has put me behind and a lot of my personal Monday bills this particular manager continues to come to my home and harass me name XXXX and make threatening letters or statements and is considered harassment I wanted to stop immediately or whatever necessary steps that I need to take with you guys and handling this particular company I am willing to do so they're not the only company I deal with and everybody else is understanding I don't even have a vehicle right now into my issue is to handle with XXXX XXXX XXXX. So I am following this complaint so the harassment can stop immediately
4229,"In  XXXX  of   XXXX  , I lost my previous job. I defaulted on a loan from  XXXX   XXXX . The loan was sold to some company called ""  XXXX  ''. I started receiving emails from a debt collector True Accord, who claimed to be collecting for ""   XXXX   XXXX   '' as well as letters and phone calls from  XXXX   XXXX   XXXX   XXXX  who claimed to be collecting for ""   XXXX   XXXX   ''. Believing ""   XXXX   XXXX   '' and ""   XXXX   XXXX   '' to be the same company, I waited until I was able to afford payments and made arrangements with True Accord. I have made payments for the last 8 months.     Yesterday, I received a letter from  XXXX   XXXX  claiming that I still owed the full amount ( {$5600.00} ) and asked that I contact the office to make arrangements. I checked my  True Accord a ccount which showed that at this point the balance is {$4800.00}. I called  XXXX   XXXX  who claims they have no record of receiving payments and are the sole debt collector for their client.     Attached is a screenshot o f True Accord 's p ortal showing original amount of loan is {$5600.00} and current balance is {$4800.00} as well as most recent letter from  XXXX   XXXX ."
4230,"I am writing to file a complaint against Navy Federal Credit Union regarding multiple overdraft fees I have incurred. Despite having sufficient funds when transactions were authorized. I was charged fees due to lagged posting of charges and credits. This issue aligns with the recent CFPB findings against XXXX XXXX for similar practices, where transactions settled with insufficient balances despite initially available funds. I believe these practices are unfair and request an investigation into my account transactions."
4231,"I am filing a complaint against cash app XXXX Block Inc ) due to inadequate customer service and unfair practices, which violate the CFPA. Specifically, Cash app failed to take timely and effective measures to prevent and address fraud on their platform, leaving my account vulnerable and unprotected. Furthermore, their dispute resolution process was unfair and deceptive, as they did did not comply with error resolution requirements under the Electronic Fund Transfer Act and Regulation E. These actions have caused significant inconvenience and financial loss, and I seek appropaite redress for these violations"
4232,"XXXX XXXX had unauthorized access to U.S. Department of Education records, including student loan data, violating FERPA ( 20 U.S.C. 1232g ). This is a serious breach of privacy, and I am demanding full forgiveness"
4233,"Please see : Complaint #  XXXX  placed to cfpb on  XXXX /2017..   At this time I have n't received any status on this Complaint. As of last week, it stilled showed in "" Collections '' on my  XXXX  report. I contacted bo th ARS  and   XXXX    by phone. They seem to just point the finge r at one anot her with no results to remove this error from my report. This error has hurt me in trying to  get a Home Equity Loan."
4234,"On XX/XX/year>, I filed a claim for unauthorized charges totaling the amount of XXXX. I thoroughly explained to the claims agent specific details regarding the claim being that I had contacted local authorities, provided a case number, a police report, date of possible incident, and potential suspects at that time. On XX/XX/year>, I received an email update that the claim was denied. I immediately contacted the claims department to get an explanation on how in the world did an "" fraud investigation '' conclude that swiftly. I was then informed that the initial claims agent did not include a single detail that I provided, and the police report was disregarded. I was provided an appeals form then recommended to file an appeal and include as much detail as I could. 

On XX/XX/year>, I completed that appeals form, which states that a 15 business day process should be allowed on appeals. On the appeal, I provided an update on the investigation from the local police department which not included an arrest, but video surveillance subpoenaed from the apple store, i identified the suspects in action, an arrest of those suspects in which one of those suspects is still in custody. I included the arresting officers names and case number with the original police report. # 0 days have passed and there's been absolutely no correspondence and no update on this matter. I no longer feal protected."
4235,"I am filing a complaint against Cash App ( Block , Inc. ) due to inadequate customer service and unfair practices, which violate the Consumer Financial Protection Act ( CFPA ). Specifically, Cash App failed to take timely and effective measures to prevent and address fraud on their platform, leaving my account vulnerable and unprotected, Furthermore, their dispute resolution process was unfair and deceptive, as they did not comply with error resolution requirements under the Electronic Fund Transfer Act ( EFTA ) and Regulation E. These actions have caused significant inconvenience and financial loss, and I seek appropriate redress"
4236,"To Whom It XXXX Concern, I am submitting this complaint regarding Citibanks rejection of a valid XXXX dollar annuity check, which has left me without a means to access annuity funds to which I am legally entitled. 

I am a XXXX annuity recipient residing outside the United States. For many years, my XXXX dollar annuity checks were successfully deposited through my local bank via XXXX correspondent banking channels. In XX/XX/year>, my annuity check was returned unpaid. My bank advised that the rejection originated from Citibank in the United States, acting as the XXXX clearing bank, and that Citibank no longer processes this type of international check deposit. 

The check was valid and properly issued. The rejection was not due to insufficient funds, fraud, or any action on my part. It appears to result from an internal operational or policy change by Citibank, for which no advance notice or alternative access method was provided. 

Compounding the issue, the annuity issuer has stated that international wire transfers are not permitted. As a result, I currently have no viable way to receive my lawful annuity payments. 

I respectfully request the CFPBs assistance in reviewing whether : Citibanks refusal to process these checks constitutes an unfair or unreasonable practice when no alternative access to funds is available. 
Adequate notice or consumer protections are required when such policy changes materially affect a consumers ability to access funds. 
Citibank should be required to clarify its policy and identify acceptable alternatives for consumers residing outside the United States. 

This matter has caused significant financial disruption despite the legitimacy of the funds and my long-standing compliance. I am seeking clarity and a practical resolution that allows uninterrupted access to my annuity payments. 

Sincerely,"
4237,"This company is incorrectly applying a portion of my mortgage payments to escrow and not crediting me for the full payment to my mortgage. 
As of XX/XX/XXXX my mortgage was current. My monthly mortgage payments are {$1100.00}. 
On XX/XX/XXXX I made a partial payment of {$300.00} toward my XX/XX/XXXX mortgage payment, leaving a balance due of {$890.00}. 
On XX/XX/XXXX I paid the balance of {$890.00}. 
In mid-XXXX  I noticed the company was showing that I still owed {$300.00} for the payment due XX/XX/XXXX. I called to inquire why they were claiming I still owed for XXXX when the payment was made in full. They informed me the {$300.00} payment I made on XX/XX/XXXX was applied to escrow. I told them I did not direct any payment to go to escrow. The agent told me she would submit a request to have the payment taken from escrow and applied to the mortgage payment. 
On XX/XX/XXXX I made a single payment of {$1100.00} for the payment due XX/XX/XXXX. 
The company applied {$300.00} of that payment to XXXX 's mortgage payment and the remaining balance of {$890.00} they applied to escrow, making it look as though I made no payment for XXXX. 
I called 2 more times ( a total of 3 times now ) requesting that they fix their errors. No one can explain why they are applying part of my payments to escrow without crediting me for the payment. No one can give me answers and the problem has not been corrected as of today 's date."
4238,"XXXX XXXX I FILED DISPUTES TO EXPERIAN THE INCORECT INFO ON MY CREDIT EXPERIAN HAS FAILED TO INVESTIGATE THE INCORRENT IN ON MY CREDIT FILE EXPERIAN ALSO HAS FAILED TO EXPLAIN OR NOTIFY ME OF THE CORRECTIONS ON M, Y CREDIT REPORT EXPERIAN ALSO HAS FAIULED TO REMOVE MY PREVIOUS ADDRESS AND JOB HISTORY AND PHONE NUMBERS OF MY CREDIT FILE EVERY TIME I CALL I CONTINE TO GET THE RUN AROUND STATINGB THEY CANT OPEN MY FILE"
4239,"I was alerted to a drop in my credit score via my credit card company in. After accessing my credit reports from all three reporting companies, I discovered a fraudulent collection entry by Sequium Solutions ( XXXX XXXX XXXX, XXXX XXXX, XXXX, GA XXXX ) on XX/XX/21, saying we owed money to an internet provider and claiming we lived at an address we never lived at. We contacted the collection agency, Sequium, who made NO attempt to resolve our issue. They seemed only set on collecting as much personal information from us as they could. We declined to provide any additional information. We have filed disputes with all three reporting agencies alerting them to the fraudulent collection claim as well as asking to remove previous address entries and phone numbers that were fraudulently added to our personal information."
4240,I have been having problems paying my XXXX dollar car payment each month. Due to rising costs for everything and traveling long distance to work paying for gas. Just recently had a large maintenance bill. That really set me back. I have made XXXX aware of my situation several times. I have been pleading with them for a lower payment so I can make the payment each month and not have me behind every month. They refused to lower it. They have given me several extensions but after making a few payments on time. I find myself back in the hole again. The problem is the payment is very high. I feel I can pay this on time every month with a slight decrease.
4241,"On XX/XX/XXXX I was sold 2 XXXX party XXXX XXXX tickets for {$4000.00} by XXXX of XXXX XXXX. He originally called me regarding my inquiries into the XXXX XXXX and continued to bait and switch me to the XXXX XXXX. This party was NOT as advertised. I was guaranteed a XXXX XXXX view from my seat which did not happen. I have attached a photo to prove. Notice the yellow circle on the photo across from the seated couple. These were our seats which faced a WALL if you turned to look out the window. The food offerings were not as advertised and of poor quality, the premium bar was not premium and half of the 52nd floor was to be turned into a dance floor/party room. I have photos of the 12x12 parquet floor dance area. This was the worst experience and we only stayed 1.5 hours of a 5 hr party that we paid an exorbitant amount of money for. XXXX XXXX reviews are all terrible on line but unfortunately we found them after the event. We searched XXXX parties instead of XXXX. I have copies of all of the reviews citing fraud and misrepresentation as well. I have disputed the charge on my Chase Visa debit card and Chase Bank is not insuring this purchase that was sold to me with false advertising and misrepresentation."
4242,"XXXX XXXX XXXX have been harassing my dad and auntie throughout the day. This company also tried to tarnish my reputation by calling the receptionist at my job and telling them that I was in trouble and someone was on their way to deliver documents for me to sign. This is embarrassing for them to go around speaking about me to my coworkers and family. They called my company on several occasions with the most recent being on XX/XX/2020. XXXX XXXX XXXX could not produce any proof that I had a debt with them. However, these harassing practices are inhuman, especially while we're dealing with a pandemic ( COVID-19 )."
4243,"I. Overview I am submitting this complaint against MOHELA and XXXX for unfair and deceptive practices regarding my XXXX student loans. I am facing imminent financial default on loans that were originated under documented institutional fraud. My school XXXX XXXX application was issued a XXXX denial on XX/XX/XXXX, claiming a "" lack of evidence. '' This claim completely ignores official, binding federal findings of fraud. XXXX. Key Facts & Timeline -School Attended : XXXX XXXX XXXX XXXX XXXX XXXX of Attendance : XXXX XXXX -Loan Chain : Originated by XXXX XXXX XXXX XXXX XXXX XXXX XXXX Currently billed by MOHELA -Prior Discharge Request : XXXX and denied on XX/XX/XXXX. XXXX. The Evidence MOHELAXXXX Ignored XXXX.U.S. Department of Education Findings ( XX/XX/XXXX ) : The federal government issued a group discharge proving XXXX XXXX XXXX systematically falsified employment and salary data from XXXX to XXXX. My enrollment ( XXXX ) falls entirely within this fraud window. XXXX. DOJ XXXX ( XXXX ) : The school 's parent company ( EDMC ) settled with the Department of Justice for {$95.00} XXXX over systemic consumer fraud and predatory recruiting during my exact years of attendance. XXXX Holder Rule : My private loans were used exclusively for this fraudulent program. Under the FTC XXXX XXXX, MOHELA and XXXX inherit the liabilities of the school, making this debt legally unenforceable."
4244,"NewRez purchased my loan from a company that purchased my loan previous. The company before Newrez went bankrupt. I got a welcome letter stating that I owed New Rez money. I called and asked for my account information to get logged in and paid. I was told that they couldn't find an account with my information only a welcome letter. I was given a login eventually to pay but no account or loan number was linked to it. I paid this company and every month I called in requesting for any sort of documentation with my loan information or something that shows I owe them money. They responded every time with "" we have all this and we will mail it to within the next XXXX days ''. this continued for over a year and half. I then hired an attorney to represent me and they are still unable to give me paperwork for the property. I have spent thousands of dollars and still no answers. They keep threatening to forclose the property and at the same time keep sending me COVID 19 repayment options."
4245,"XXXX XXXX, XXXX, XX/XX/year>, This CFPB complaint has been filed to request pursuant to FCRA 605B ( 15 U.S.C. 1681c-2 ) that you, the Bureau credit reporting agency , block information appearing on my consumer credit report that is the result of identity theft and fraud within 4 business days of you receiving this complaint. This fraudulent, inaccurate, and false information consists of : XXXX XXXX XXXX XXXX XXXX XXXX XXXX XXXX XXXX XXXX XXXX XXXX XXXX XXXX XXXX XXXX XXXX XXXX XXXX XXXX XXXX XXXX  These accounts have resulted in several fraudulent hard inquiries and fraudulent collections appearing on my consumer FICO credit report. All of the aforementioned accounts, collections, and hard inquiries are the result of identity theft and fraud. I have attached a copy of FTC Identity Theft Criminal Complaint XXXX as proof from the US Federal Trade Commission that all the aforementioned consumer credit accounts, collections, and hard inquiries are the result of identity theft and fraud."
4246,I deposited a check on XX/XX/2024 immediately after depositing the check into my savings account Truist emailed me and let me know it would be a hold the funds will be released on XX/XX/2024 fast forward to XX/XX/2024 Im XXXX XXXX XXXX XXXX XXXX XXXX XXXX XXXX XXXX  baby and I try to get gas and my dad declines Truist had canceled my card and locked my account without even letting me know. I sold a car to a neighbor they wrote me a check I deposited funds the check had been debited from the issuer bank account Truist froze both of my accounts and is holding my money I had in the account before the check. If the check was fraudulent how come the check hasnt returned?? Because its not fraudulent the check issuer said the funds have left their account and Truist has the funds Truist has had so many bad reviews with customers having this same issue Truist is ruining lives literally. I want my account unlocked so I can withdraw my balance
4247,"I was always having double over draft charges or overdraft charges being charged within days of one another. I know most banks give you several days in between before another overdraft charge is submitted but with Wells Fargo it literally would happen in same day. 
And they promised over draft protection in the amount of at least {$600.00} and I was never able to get protected in anything over {$150.00}. And I had direct deposit. 
This was the worst financial institution I ever banked with."
4248,"EVERY Month I get locked out of my account online. EVERY month I have to call customer service, EVERY month I am told I have to wait XXXX hours to unlock my account and change my password. EVERY month I change my password and again get locked out of my account. Customer Service is NO HELP AT ALL."
4249,"Good Morning, I am asking for help to reduce my car payment. I currently pay {$620.00} a month for a vehicle. I could n't afford the vehicle, but because of a XXXX I developed while I was in the military XXXX, I could not stop my compulsion to get what I wanted. I am a veteran and I was diagnosed with XXXX and XXXX XX/XX/XXXX. I have recently had some success at treating my condition and the VA notified me I am going to lose some of an entitlement due to the change in my XXXX. Some of the decisions I have made financially were in direct contrast to being well thought out. When I purchased the XXXX Dodge Durango I traded in a XXXX Nissan Altima Hybrid. There was nothing wrong with the hybrid but I was so convinced that I needed a new car that I could n't see the compulsion was determining my decision rather than making a rational decision. I had so much negative equity ( XXXX ) that was adding to the Durango that I should have been able to stop and walk away. But because of my condition I could not recognize getting the new car I wanted was more important than knowing if I could afford the car. And now that I am losing just over {$2000.00} a month, and I am XXXX, I know I ca n't afford {$620.00} a month ( This is n't the only bill of course - I am addressing all of them so that I can make my my budget work. ) Really, I could n't afford it then either."
4250,"XXXX has obtained access to private information. My personal and financial information was compromised without my authorization. 

The Family Educational Rights and Privacy Act ( FERPA ) protects the confidentiality of student records. This breach is a clear violation of FERPA and as a watchdog group, it is part of CFPBs responsibility to safeguard my information and hold persons who wish to breach this information responsible. 

Given the severity of this breach and the resulting compromise of my personal and financial information, I request immediate action be taken to dismiss my loans in entirety."
4251,"Capital One Bank has taken {$1500.00} from my checking account. They say I deposited two checks twice and one representative said I deposited the checks three times. There were two checks from my step father, one for {$500.00} and one for {$1000.00}, and both were deposited one time using the Capital One Mobile app. My step fathers bank said their history shows the checks were deposited one time to my Capital One account. Capital One is therefore stealing my money. I have spent a total of 9 hours on the phone with Capital One and they refuse to hear me. I keep getting representatives who are in XXXX and they say they can not see any information. They keep telling me it is not fraud. But this is fraud because I did not deposit the checks more than one time. Please help me get my money back."
4252,"I negotiated a delete off my credit with these people, for payment. I paid, requested confirmation, and documentation of the delete. They now refuse. 

Initial Call and payment made Tuesday, XX/XX/2020 - Agent on a record line agreed that a payment made at the amount I was informed of and paid would result in a credit deletion. I requested confirmation via documentation, they said it was being sent. 
Thursday XX/XX/XXXX, after multiple days waiting an no confirmation recieved, I called again. After an hour on hold, I was informed an email would be sent within 24 hours confirming once again, a delete would be performed, and that the account was satisfied. 

Monday XX/XX/2020 - Did not receive confirmation, called again. Automated system implied that I owed money, Agents incredibly rude, insisted on talking over me, did not want to transfer me to supervisor to resolve. Insisted they don't DO deletes, and that if someone promised me that, they were wrong. Agent was incredibly rude, kept talking over me like I was stupid, refused to let me speak, tried saying it took over two weeks to send an email. 
When I complained previously about the debt, it took them less than 12 hours to reply when I still owed, so it seems like this company only wants to work with you when amounts are owed, not when they are on the hook."
4253,"Scammer acting as debt collection agency. Various people online have had the same or similar tactics used on them. Someone posing as XXXX from Shepherd Outsourcing looking to collect a debt from "" my '' XXXX account. I have never had XXXX and they're no longer in business after their merger. There are links in the text message I refuse to click and a missed call from an unknown number using ( XXXX ) XXXX. They have an 888 number in the text that is ( XXXX ) XXXX. With a Reference # XXXX."
4254,"I am filing a complaint against Nationwide Recovery regarding a debt they are reporting on my credit file. I do not recognize this account and have requested validation of the debt. I formally requested documentation including the original creditor, account records, and proof that I am legally responsible for this debt. As of now, this information has not been properly provided. Despite this, the accou nt continues to be reported on my credit report, which is negatively impacting my credit score. Under the Fair Debt Collection Practices Act, a debt collector must provide proper validation of a debt upon request. If they can not validate the debt, they should not continue reporting or attempting to collect it. I am requesting that Nationwide Recovery either : Provide full and proper validation of this debt, or Remove this account from my credit report immediately. I prefer all communication in writing regarding this matter."
4255,""" AMERICAN STUDENT ASSISTANCE "" HAS A {$160000.00} STUDENT LOAN "" DEBT '' reporting on these credit bureau incorrect information a debt that does not exist. This is causing injury, and hindering my life as a consumer. XXXX XXXX, and XXXX  credit bureaus, continue to ignore all proof of claims regarding a dispute for over 6 months now with no response what so ever as well as continuing to report inaccurate information ( FCRA Section 611 Part ( A ) ( 1 ) ). I may presume that no proof of the alleged debt, nor thereof, any such debt, in fact exist. ENGELGARDT v. GRAVENS ( MO ) 281 SW 715,719. I have sent countless registered mailings, made phone calls, and have disputed properly online. In addition, refusing and ignoring proof of claims, to correct my information on all bureaus credit sites. I now am PETITIONING FOR ARBITRATION. As the company continues to falsely report inaccurate information in collusion with these third party credit bureaus and XXXX XXXX XXXX XXXX, as well as trying to collect SAID "" DEBT '' with unfair debt collection practices in accordance to 15 USC 1692."
4256,"I took out private student loans with Navient to supplement what my federal loans did not cover for XXXX XXXX University starting in XXXX. XXXX has since been named in the Sweet V Cardona lawsuit as a school to which all federal loans associated are to be discharged due to unlawful practices. I have a attached my approved Borrower Defense notification for XXXX below. I had to take approximately {$12000.00} in private loans from Navient, formerly XXXX XXXX to cover costs. Those loans ballooned to {$35000.00} by XXXX when I finally was able to pay them off after filing bankruptcy twice, and dismissing a XXXX once. Nearly 3 times what I originally borrowed after paying on them for 20 years. Navient put me in deferment several times, accruing interest, then capitalized that interest on top of the balance after deferment. The interest rates on these 'student loans ' were 10 % and 16.5 % at times. I believe that is predatory at best. These education loans are nothing more than bad payday loans that never go away. I had to dismiss a XXXX  XXXX because I could not afford to add my student loan payment into the XXXX payment. Which in turn made it impossible for me to purchase a house, or even a car for several years."
4257,"My loan was modified, and the documents that I signed agreed to a 40 year mortgage of which I was already very unhappy about. They ended up processing it for a 44 year mortgage and are currently reporting it as a 45 year mortgage to my company. I never agreed to XXXX nor XXXX year modification mortgage. I have attempted to retrieve copies of all the executed documents and no one has bothered to answer my call and theres not a way to send an email rocket mortgage purchase XXXX XXXX mortgage and this is also not been disclosed to me. For a while, it said XXXX XXXX powered by rocket mortgage and as of XXXX I no longer see XXXX XXXX The last time I was able to speak to somebody was more than two months ago and they insisted they were still XXXX XXXX yet rocket mortgage was involved. For the last month and a half. Ive attempted to receive copies and confirm what is going on and I can not reach anyone in this company. Ive already experienced a very poor experience and I need help."
4258,Do not have an contract/agreement with Virtuoso Sourcing to pay aXXXX dollars collection. Never received information about this debt. But it is on my credit report. Mailed a validation letter to Collection agency. Waiting for response. Already worked out a payment plan with XXXX.
4259,"My mortgage company is running me in circles. I have been trying to fix a problem with my escrow IMPOUNDS since XXXX. I have even elevated this to a supervisor named XXXX and it is still not corrected. This is ridiculous!! HELP HELP HELP I filed a complaint on XX/XX/XXXX with CFPB about this problem and it is still not fixed and no one at my mortgage company LOOKS at anything to see that what I am saying and what they are telling me is true. 

They re-ran an escrow statement using the same information that they used previously and the only reason i found out it is the same information is that i asked to see a copy. 
They are impounding me for taxes i paid and theirs are being refunded, even though they told me they are being refunded leading me to believe they are not charging me for the refund, they still are, but the people that work there can't even figure that out and tell me "" it is our policy to have you on impounds ''. 

This is the worst service ever."
4260,"Pursuant to my rights under the Fair Credit Reporting Act ( FCRA ), specifically Sections 611 ( 15 U.S.C. 1681i ) and 609 ( 15 U.S.C. 1681g ), as well as the Fair Debt Collection Practices Act ( FDCPA ), specifically Section 809 ( 15 U.S.C. 1692g ), I am writing to dispute the following collection account that appears on my recent credit report : * Creditor/Collection Agency Name : XXXX XXXX XXXX * Account Number : XXXX * Amount : {$3800.00} * Date of Account:XXXX I did not authorize this account and do not recognize the mentioned debt. I request that you investigate this account and remove it from my credit report as soon as possible.

In accordance with the FDCPA, specifically Section 809 ( 15 U.S.C. 1692g ), I request validation of this debt. Please provide me with verifiable proof that this debt belongs to me.

I appreciate your prompt attention to this matter and look forward to your response in accordance with the FCRA and FDCPA"
4261,"On XXXX XXXX, 2026, my Citi XXXX XXXX credit card was closed by Citi. They sent a letter explaining that the reason they close my account is due to returned payments on this account when the credit card company try to withdraw from my bank account. However, I have already pay $ XXXX using my debit card before the statement due date and statement balance is only $ XXXX. This should not have triggered the autopay withdraw of $ XXXX from Citi since I do not have any balance due. Also, the reason that the payment was returned by my bank is due to recent frauds that has occured in my bank account where there was multiple fraudulent withdraw using the citi cards vendor code so my bank block this vendor code from any fund withdraw. This is the reason I have been paying my credit card statement using my debit card. I explain this to Citi about what happened and they still won't reinstate my account and I have been using their credit card for the past 7 years and I have never miss any payments and have been in good standing with their company."
4262,"Iam filling a complaint against Cash app ( block, lnc. ) due to inadequate customer service and fair practices which violate the consumer financial protection act ( CFPA ). Specifically, Cash app failed to take any timely and effective measures to prevent and address fraud on their platform, leaving my account vulnerable and unprotected.

Furthermore their dispute resolution process was unfair and deceptive as they did not comply with error resolution requirements under the Electronic Fund Transfer Act ( EFTA ) and regulation E these actions have caused significant inconvenience and financial loss and I seek appropriate redress for these violations."
4263,"I applied for a credit card with my social security card on XX/XX/2021. According to 15 USC 1681a ( 2 ) ( B ), any authorization or approval of a specific extension of credit directly or indirectly by the issuer of a credit card or similar device, should be excluded from a consumer credit report. 15 usc 1602 ( I ) states the term credit card means any card, plate, coupon book or other credit device existing for the purpose of obtaining, money, property, labor, or services on credit. Notice, Congress said ANY card. The card that was used to obtain a credit card was my social security card. It was reported to the credit bureaus as well."
4264,"I know these are tough times, I applied for a loan on XXXX, during this time I was stonewalled, send this, send that, even infuriating managers at branch I filled the loan out. Not sure but I detect discrimination, its only a XXXX loan. Was approved for XXXX on XXXX, now I find out on XXXX I was denied after being approved. Never seen anything like this in my life, yes or no usually takes 2 or 3 days at most."
4265,"Was notified by XXXX XXXX in XXXX of XXXX  that my score had decreased due to two ( 2 ) inquiries. I have a fraud alert on my consumer report and before any creditor can obtain my consumer report, they must "" call '' my number to verify it's me. This never happened."
4266,"I use my banks online bill pay service to make credit card payments. I intended to send a payment of {$2600.00} to XXXX XXXX, but the payment was accidentally sent to my American Express account in error. 

I contacted American Express on XX/XX/XXXX and was told that the payment was still pending. I contacted American Express again on XX/XX/XXXX, at which time I was told that the funds could be returned via wire transfer. I provided my bank information as requested. They gave reference number XXXX. 

By Monday, XX/XX/XXXX, I had not received the funds. I contacted American Express again via chat, where a representative named XXXX informed me that the funds were still under manual review and that the refund would only be sent after the review was completed. 

I asked for a timeframe for completion of this review, but I was told that no timeframe was available. I requested to speak with a manager and was told that all managers follow the same policies and could not provide additional assistance. 

I then attempted to call American Express and waited on hold for approximately 15 minutes without reaching a representative before disconnecting. 

At this point, {$2600.00} in funds is being held with no stated timeline for resolution. I am requesting that the payment be refunded back to my bank account and that I be provided with written confirmation of the refund timeline."
4267,"I am writing to formally express my concerns regarding Zelles handling of disputes particularly in light of the recent CFPB lawsuit highlighting significant issues with the platform. Despite using zelle numerous times and reporting discrepancies, my financial institution and Zelle failed to investigate my claim adequately. They informed me that recovering lost funds was impossible and that tracking these transactions was infeasible. They CFPBs findings indicate that zelle has not only neglected to protect consumers but has also allowed repeat offenders to exploit the system, leaving users vulnerable to scams.This lack of accountability and transparency is unacceptable and raises serious concerns about consumer safety."
4268,"Hello, This is a complaint about Nationstar Mortgage ( their website is mynationstar.com XXXX : # XXXX ). This company failed to inform me about my escrow found increase for the month of XXXX. On XXXX XXXX they received my XXXX mortgage payment that was short of {$39.00}. This organization sends me advertising emails weekly and even thru XXXX!!!!? But when it came to important info they failed to contact me. 
I received a phone call from them around XXXX XXXX informing me that my payment was short. I explained to their representative that I was not aware of the issue and the rep waved the late fees since I was always paying on time as long as I sand remaining payment immediately. ( This info is easy to check since they say that they record all the phone calls ). As I promised I sent them a remaining payment of {$40.00} ( I rounded up the required {$39.00} ) that was received on XXXX. On XXXX XXXX they received my new and increased XXXX mortgage payment of {$2500.00}. 
Last week I received call from Nationstar saying that I 'm "" late again.. '' (!!!!? ). The rep told me that since my XXXX payment was short their "" system allocated it in a principal payment and I still owe them regular payment ''. I explained my conversation with them in XXXX on XXXX XXXX payment of {$2500.00} was received and I got bill in a mail for 2 months plus fees of {$69.00}. 
It seems to me that it could be new way for banks to try to reposes homes from FHA home owner like me. Take a payment, blame computer system on misallocating it, put extra financial burden on home owner, reposes the home and split bonuses for a great banking work!!! 
Can some one help me with this problem? 
Thank you"
4269,"I am filing a complaint against Cash App ( Block , Inc. ) due to inadequate customer service and unfair practices, which violate the Consumer Financial Protection Act ( CFPA ). Specifically, Cash App failed to take timely and effective measures to prevent and address fraud on their platform, leaving my account vulnerable and unprotected.

Furthermore, their dispute resolution process was unfair and deceptive, as they did not comply with error resolution requirements under the Electronic Fund Transfer Act ( EFTA ) and Regulation E. These actions have caused significant inconvenience and financial loss, and I seek appropriate redress for such violations"
4270,"I applied for a secured credit card using my passport and ITIN letter as identification. My application was approved, and I submitted an {$800.00} security deposit as required. After receiving the card and starting to use it, I was informed by customer service that my account was locked and I needed to provide a U.S. drivers license or state ID to unlock it. 

During the application process, I was told that a passport was sufficient as a form of identification. I have already sent my passport as requested, yet customer service has indicated that it might not be accepted. 

I kindly request that my card be unlocked based on the identification documents I was originally told were acceptable, so I can continue to use my account as intended."
4271,"I have made 44 qualifying public service loan forgiveness payments. However, XXXX XXXX is only qualifying 25 payments because they say a. ) I was not employed from XX/XX/2015 until XX/XX/2015 when I was and have submitted that evidence and b. ) I was in "" paid ahead '' status and did not apply my extra payment to principle so they could disqualify my payments for the last several months."
4272,"on the XX/XX/year> at XXXX I tried to deposit {$2100.00} in cash into my PNC checking account to pay my rent at their branch located at XXXX XXXX XXXX XXXXXXXX XXXX XXXX XXXXXXXX Virginia XXXX. The transaction did not go through and the atm did not return my cash. I then got a receipt from the ATM that said "" we encountered a problem returning your cash, please contact your financial institution. I called PNC immediately and an investigation was opened. they told me they could not return my cash immediately but it would take about 6 days for it to be returned. on XX/XX/year> the exact amount of {$2100.00} was put in my account as "" provisional credit dispute pending ''. I assumed they had found my money and continued on with my life. no one called to ask me for details or even for a copy of the receipt the atm had dispensed. on the XX/XX/year> I noticed that my account was in arrears and the amount was {$2000.00} and when I looked in my bank account it said it was a "" provisional credit reversal ''. I called PNC today XX/XX/year> and no one could tell me under what grounds my dispute was denied, I asked to speak to someone who could better assist me and I was told no one was available. no one ever called me regarding more information regarding this issue at all so what did they base the denial on?"
4273,"XXXX XXXX closed my credit card on XX/XX/year> while I was doing a XXXX XXXX. After I came back from the hospital, I found that my account was closed. So I called AMEX and requested to transfer my hard-earned membership rewards points of XXXX. AMEX refused for no reason. They cleared my membership rewards the next day."
4274,"This complaint is solely to voice the immediate issues with the credit bureaus. Assist me in correcting my credit file which has several wrong account and personal information. They knowingly are attempting to collect on a debt that is not mine. XXXXXXXX XXXX XXXX XXXX XXXX XXXX XXXX XXXX, XXXX XXXX XXXX XXXX XXXX XXXX  XXXX XXXX are amongst the list. XXXX I have never been late not once. Every communication with XXXX, XXXX, and Equifax about these issues they send out a letter about validation. Under 15 USC 1681a ( e ) it clearly states that in order for the credit reporting agencies to verify anything they must conduct interviews with my neighbors, friends, or associates that have knowledge of me and accounts."
4275,"I am disputing a collection account being reported by XXXX. I do not recognize this debt, and I have never received any statement, bill, validation letter, or notice identifying the original creditor or the nature of the alleged account.

XXXX  is reporting a balance of approximately {$3000.00}, with an opened date of XX/XX/year>. My credit report shows no original creditor, no account history, no contract, no date of first delinquency, and no proof that this company owns or has rights to collect this debt. The tradeline simply lists XXXX  with incomplete and inaccurate information.

This violates : FDCPA 1692g ( a ) failure to provide required validation information FDCPA 1692g ( b ) reporting a debt that has not been validated FCRA 1681e ( b ) failure to ensure maximum possible accuracy FCRA 1681i unverifiable information being reported FCRA 1681s-2 ( a ) reporting information known to be inaccurate I do not owe this debt, and the collection company has not provided any documentation that this debt belongs to me. Because the company has never provided validation and can not identify the original creditor, this collection account is inaccurate, incomplete, and unverifiable.

I am requesting the CFPBs assistance in having this collection removed from all of my credit reports."
4276,"I haver a XXXX XXXX XXXX. I have been always very responsible with finances and pride myself on keeping a high credit profile. My personal loan was issued on XX/XX/XXXX. I have the loan XXXX XXXX  paid off. I have NEVER had a late payment until my employment issue arose this year. As soon as I realized I was in trouble, I enrolled in a hardship assistance program with XXXX on my personal loan in XX/XX/XXXX. They only offered me XXXX XXXX  of reduced payments. Due to ongoing financial hardship, I requested another payment plan or modification. XXXX informed me that I am not eligible for any further assistance for XXXX year after the prior plan, and they have no way to help, and will send to collections and will charge off the loan. 

Despite explaining that my financial situation has worsened due to company restructuring, they refused to offer any additional support or escalation path. I am seeking help to avoid delinquency and keep the loan in good standing. 

I am requesting that XXXX review my situation again and offer a temporary solution, or allow me to speak with someone who can make an exception."
4277,Back in XXXX XXXX XXXX I had a bank account with XXXX XXXX XXXX and tried to send myself money threw Zelle but it never got there or got send back to me but they took my money total of XXXX dollars Ive spoke to the company and never received a refund.
4278,"On XX/XX/XXXX, I contacted Citibank asking to be removed from market materials. I continued to receive market materials a month later and filed a formal complaint with CFPB ( case XXXX ). Citibank sent me a follow up letter on XX/XX/XXXX addressing the complaint and confirmed that my name was removed from their marketing database. Around XX/XX/XXXX, I received market material from Citibank. On XX/XX/XXXX, I received additional marketing material from Citibank. I left XXXX XXXX a voicemail ( Executive Response Unit that was listed on the Citibank letter XX/XX/XXXX ) informing her that I have started to receive marketing material, which is in violation of their agreement with me. I also stated that I would again be filing a complaint with CFPB."
4279,"I am filing a complaint against Cash App ( Block , Inc. ) due to inadequate customer service and unfair practices, which violate the Consumer Financial Protection Act ( CFPA ). Specifically, Cash App failed to take timely and effective measures to prevent and address fraud on their platform, leaving my account vulnerable and unprotected.

Furthermore, their dispute resolution proce was unfair and deceptive, as they did not comply with error resolution requirements under the Electronic Fund Transfer Act ( EFTA ) and Regulation E. These actions have caused significant inconvenience and financial loss, and I seek appropriate redress. for these violations."
4280,"REPOSSESSION DEFICIENCY DISPUTE This account XXXX XXXX XXXX XXXX acct # XXXX has violated my rights. 
Under the laws of the state of TEXAS UCC 9.506 and State XXXX and XXXX statues a deficiency can not be claimed unless all of the required notices were properly and timely given, and all of the allowable redemption and cure time limits were adhere to. 
Please provide copies of the legal notices and proof of the commercially reasonable3 manner of the resale of the subject vehicle. 
If no such proof is provided within 14 days from receipt of this notice, the alleged claim of a deficiency will be considered null and void, and any continued activities, or continued reporting of this invalid claim on my credit reports will be considered a violation of the FDCPA and FCRA. 
In addition, if you singularly or severally fail to comply with the above requests, I reserve the right to seek damages against all parties, under all available State and Federal statues and UCC 9 REMEDIES."
4281,"Capitol One, XXXX XXXX XXXX, XXXX XXXX XXXX, Utah XXXX, continues to send mail addressed to "" PERSON X '' to our home address. "" PERSON X '' has never lived at our home address, nor is he related to us in any fashion.

We have repeatedly refused mail XX/XX/2018-present from Capitol One addressed to "" PERSON X '', saying "" RETURN TO SENDER - ADDRESSEE NOT AT THIS ADDRESS ''.

I am concerned about potential fraud by the Addressee, and by Capitol One. Who knows, this could evolve into our getting harassing phone calls from Capitol One about unpaid bills!

I have seen the same complaint on the internet about the same company from another U.S. resident. That person said they had called Capitol One and supposedly it was taken care of, except the abuse continued."
4282,"I applied for a loan with my bank First Citizens Bank based in XXXX, NC. I went into detail concerning my background, provided documents of adequate income, and explained what could be interpreted as errors on the credit report. I had special situations from one event nine years ago that placed several negative events on my credit report that looked like numerous situations. I had no current debt. They denied me for the loan due to an "" open bankruptcy '' and stated "" when that is closed we can re-evaluate it and help you establish a credit history ''. I replied that I did not have an open bankruptcy. There was one that showed on the credit report of some agencies which was withdrawn after filing and it is listed as "" dimissed '' - it never happened. I requested the specific reasons why it was denied and what I had to do to get an approval under their system. They never replied back to me. They have never sent me the written notice after 30 days notifying me my loan was denied, the reasons for denial, what sources they used for the denial, and my rights under the Fair Credit Reporting Act. I called to the main credit customer service phone line that interacts with the underwriters and asked to appeal their decision and talk directly to the underwriter to explain this, and was repeatedly told it did not make any difference. Whatever the credit report said was what they went by. Until the credit report said something different, they were not approving any loan and I could not appeal to an underwriter. This is wrong. I need to have some credit in order to get my credit score up. I have no debt and no credit cards or commercial loans in the last 7 1/2 years, while also running a business. I need to get this personal loan, a credit card and auto loan to start having a payment history built up which would raise my FICO score to allow me to get a loan."
4283,"I Am Filing A Complaint Against Cashapp ( Block Inc ) Due To Inadequate customer service and unfair practices, which violate the consumer financial protection act. Cash App Failed To take timely & Effective Measures to prevent fraud on their major platform, Leaving My Acvount vulnerableAnd Unprotected. Their Despute Process Was Unfair As They Did not comply With error resolution requirements under the electronic fund transfer aact ( EFTA ) And regulation E. these actions have caused significant inconvenience and financial loss. So i seek appropriate redress for these violations"
4284,I received a phone call from a debt collector asking for payment or I would have to go to court if payment not received. I then checked my credit report and found on XXXX {$600.00} nonpayment on my file. After speaking to an XXXX agent I decided to dispute the charge and placed Fraud alert on my account.
4285,"I have been receiving emails from Speedy Cash for a loan that is not mine. This company is is harassing me and threatening legal action against me. They are harassing me through an email account I use only for my gaming accounts. I have asked for documents in regards to this loan and history of this loan and they refuse to provide this information and continue the threaten me with legal action. I have submitted a complaint about this company before, they replied that they have no record of me but they continue to harass me"
4286,"I have a XXXX with Synchrony Bank. My credit card had reached my limit which was {$2000.00}. I started to work a part time job to save up money to pay this credit card down. I saved up XXXX to pay on this balance. On or about XX/XX/2019, I made a XXXX payment. I have a good paying history with them and my credit report has a XXXX payment history. 

On or about XX/XX/2019, I phoned the automatic phone line to obtain my balance. I was told that it was {$1100.00} and had {$41.00} left to spend. After me working hard to try and get the balance down to 50 %, Synchrony Bank waited until I made a {$1000.00} payment and dropped my credit limit to {$1200.00}. That was wrong. I feel like they just took my money. When I paid them XXXX, it dropped my utilization to around 50 %. Since they lowered my credit limit, my credit score dropped 15 points and I now have a 97 % utilization which lowered my credit score. 

They told me SORRY. Is this a fair way to treat a consumer? Absolutely Not. I feel they should put my credit limit back to XXXX and raise my 15 points back on my credit score."
4287,"I am writing to formally express my concerns regarding Zelles handling of dispute particular in the light of the recent CFPB lawsuit highlighting significantly issues with the platform. Despite using Zelle numerous times and reporting discrepancies, my financial institution and Zelle failed to investigate my claims adequately. They informed me that recovering lost funds was impossible and that tracking these transaction was unfeasible. The CFPBs findings indicate that Zelle has not only neglected to protect consumers but has also allowed repeat offenders exploit the system, leaving users vulnerable to scams."
4288,"I am filing against Cash App ( Block Inc. ) due to inadequate customer service and unfair practices, which violate the Consumer Financial Protection Act ( CFPA ). Specifically Cash App failed to take timely and effective measures to prevent and address fraud on their platform, leaving my account vulnerable and unprotected.

Furthermore, their dispute resolution process was unfair and deceptive, as they did not comply with error resolution requirements under the Electronic Fund Transfer Act ( EFTA ) and Regulation E. These actions have caused significant inconvenience and financial loss, and I seek appropriate redress for these violations."
4289,On XXXX XXXX my Netspend checking account was charged XXXX. This transaction was done in XXXX XXXX  XXXX XXXX XXXX XXXX XXXX Posted on XX/XX/XXXX at XXXX AM Debit : ATM Cash Withdrawal at XXXX XXXX XXXX  XXXX XXXX XXXX XXXX XXXX XXXX XXXX XXXX ending in XXXX - {$400.00}. I contacted Netspend right away on XX/XX/XXXX. Netspend opened up a despite claim. I was told to email them a despute statement. In which I did on XX/XX/XXXX. Netspend did not give me a credit because they said I never emailed my despute statement. The investigation lasted till XX/XX/XXXX with the despute result as denied. Netspend stated that XXXX stated there was not an error in the transaction. I didnt authorize this transaction this transaction was done in XXXX  and I live in XXXX XXXX  XXXX Netspend has not emailed me nor send me the documents showing me the reason for the denial.
4290,"I am a XXXX XXXX service connected XXXX veteran who is a victim of credit card fraud and identity theft. In XX/XX/XXXX I was affected by the data breach and consumer services. Also, in XX/XX/XXXX my wallet, credit cards, keys, and cellphone was stolen from my vehicle while traveling out of the country in the XXXX XXXX. However I have repeatedly contacted all three major credit bureaus mainly Equifax providing a police and incident report. The aftermath has caused my XXXX score do decline significantly. The three major credit bureaus are less responsive to solve the issues that has a major impact on my small business and personal credit"
4291,XX/XX/year> I purchased a used truck from XXXX XXXX and the check engine light was coming on and off I had to take the truck back XXXX finally I told them you are not fixing the problem they were bypassing the check engine light so the truck was shaking real bad to where I had to pull over shut the engine of and cranked it back up to get it back to the dealership I just feel like XXXX XXXX and XXXX XXXX was not doing their job properly they kept trying to tell me I was lying I had been in loaner cars since I signed for the truck. Remind you I purchased XXXX vehicles and I had to tell XXXX XXXX that the service guy had put the wrong tires on the XXXX XXXX XXXX is very confrontational I just feel like they was trying to get over on me as a customer Its like he wanted this to go past the of days to return the vehicle I believe XXXX XXXX tried to sell me a lemon it been 2 months this didnt make sense
4292,"I opened a chime account a few months ago. Last Friday, I loaded {$5000.00} into my account and tried to send it to a business partner. Chime froze my account instead. Started talking about i needed to activate my chime debit card. That I needed the physical card activated. But I have been using chime all along with no physical card. They refuse to allow me to remove the XXXX without days long restrictions which have deprived me of my money. I don't know what to do. Waiting days for a paper check? That has to be deposited? More wait to get my money back."
4293,"Date : XX/XX/year> Amounts : ~ XXXX equivalent of crypto assets. XXXX and XXXX. 
Incident ( XXXX XXXX XXXX XXXX XXXX XXXX ) : XXXX. My device was successfully logged in at a new IP and new device on XX/XX/year>, without notifying me at all ( screenshot XXXX ) .My primary location is in XXXX, but the fraudster 's login was in XXXX. I received NO text/email/in-app notification regarding this unusual activity. 
XXXX. At that time, the fraudster had access to both my XXXX  XXXX and XXXX  XXXX XXXX. Then the fraudster called me and proved he was legit, by telling me the bank account numbers that I linked in XXXX, the recent transaction I made in XXXX, and the assets I owned in XXXX. This means he had successfully logged in to my Coinbase main app. After proving that, he urged me to transfer my crypto assets from my XXXX  main app for safety reasons, to my XXXX  XXXX app, which both belong to me. 
XXXX. Then the fraudster took over XXXX  XXXX  app and transferred my XXXX ( XXXX and XXXX ) externally ( screenshot XXXX ), which was equivalent to almost XXXX XXXX dollars. I did not aware that at all, as I did not get any notifications. 
XXXX. On the same day, I filed police report, and also contacted Coinbase customer service, but they denied any help ( screenshot XXXX ), as XXXX 's already gone and they have no control over their wallet '."
4294,"We have three mortgages that are now being serviced by XXXX. The original lender was a different lender. The terms of our loan is such that the interest rate far exceed what was standard at the time. We are paying nearly 12 % on one of them and almost 10 % on the other two. They were both primary residences at the time they were purchased and we were not told that the loans carried adjustable rate mortgages. 
The mortgage documents were never explained to us at all, nor were we given options. We were not told that the mortgages were adjustable. No part of this transaction was professional nor was it in line with the loan terms of the time. 

We are unable to refinance due to being self employed and they are now rental properties. Both homes are extremely upside down and we are not able refinace or alter the terms of the loan. 

The loans were structured in what can only be described as predatory lending. 

XXXX is the servicer and has even for years. We have tried to work with them and we do n't want to go through the many months needed for loan modification. We would like them to adjust the interest rate to something that is more in line with what the market was doing at the time."
4295,"Contacted Innovate to send the lien title to my local country tax collector after moving to a new state, was told it would be done and I'd get an email after it was completed. That was almost 5 weeks ago and it has not been done, I have tried calling, emailing, and using their chat option online. I get transferred to a VM where I leave messages that go unanswered, or I get put on hold with a "" wait time '' of less than 6 hours. As of this writing I am on hold with them an I've been holding for 1 hour and 45 minutes, meanwhile I'm incurring late fees on my tag renewal and can't get this taken care of. I filed a complaint with XXXX but they are not a member and have complaints filed in the dozens if not more. This is ridiculous and I need it resolved."
4296,"XXXX XXXX may not understand the requirements under Unfair, Deceptive, or abusive Acts or Practices ( UDAAP ). According to UDAAP, the representation, omission, or practice is likely to mislead consumers is a requirement that should be reviewed when marketing credit offers to customers. 

They currently are marketing an offer to consumers that is very DECEPTIVE. They replied to complaint XXXX and said they will update the marketing material but are not honoring the current offer. They may want to consult with their legal team. The proximity, placement, positioning and prominence of the attached offer provides 15 % off when you use the XXXX XXXX Credit Card and below the offer clearly states plus get either 6,12,18 months of financing Or choose revolving credit & 20 % Off your entire first purchase. 

Isnt it illegal to offer consumers ( violation of UDAAP ) offers that the bank will not honor? How is sending me a {$100.00} gift card correct this problem? How does XXXX XXXX correct internal issues as required by regulators? According to the OCC, banks are required to have a corrections/remediations process where they can correct issues such as misrepresentation of information that could lead to customer harm. XXXX XXXX doesnt seem to have an effective corrections/remediatoins program in place. They are refusing to honor a marketing offer and have admitted to the issue by being willing to update their marketing material.

I am once again requesting XXXX XXXX to honor their offer of 15 % off when I use the card Plus get 20 % off for my first purchase. A civil suit will follow if this isnt resolved and I will begin to socialize this faulty marketing offer via the various social media channels to ensure other consumers are not negatively impacted."
4297,"On XX/XX/ My company had its first big "" payday '' for services. We bring entertainment to little kids birthday parties. The first payment was for just over {$4100.00}. 
We received a note from XXXX XXXXXXXX that the payment was to hit our bank account in 1-3 business days. 
The payment did not hit our account. 
We reached out to XXXX XXXX and they said they are not the credit card processor they have a 3rd party WE PAY by JPMORGAN do that part. 
We reached out to them. 
Their rep said we needed documentation for the service ( invoices ) we provided. 
The rep said we need to verify you are a real business.We showed we have been in business for over 6 years. Our website. We provided our credentials and qualification documents from the state. XXXX XXXX We provided all. 
The rep said they would now HOLD OUR MONEY until 120 days and return money to customers with whom we have already provided service for and they paid with a credit card. We are now in LIMBO for {$14000.00}. Also they took their fees ALREADY. 

We have attached correspondence and supporting documentation"
4298,"I am disputing do not relate to any transactions, I was informed by XXXX XXXX that my chances to obtain a credit card with XXXX XXXX were excellent & it would help me grow my credit. XXXX XXXXXXXX XXXX is reporting on my credit report as a hard inquiry. XXXX XXXXXXXX XXXX was never approved by me nor did I give any consent/permission to publish the inquiry on my credit report. A hard inquiry statue is two years and it's still reporting on my inquiry, while XXXX XXXX XXXX have removed the inquiry."
4299,"My account of events begins when I was contacted via XXXX by an individual identifying herself as XXXX. After the initial exchange, the communication was moved to XXXX. She represented herself, along with an individual she described as a friend and colleague named XXXX, as investment professionals affiliated with the trading platform being promoted. I was instructed to sign an agreement with the platform. Subsequently, I was shown an account balance indicating that more than US {>= $1,000,000} had been credited to my account within approximately one week. The individuals involved demanded additional payments of US {$420000.00}, describing these sums as an analyst service fee. When I attempted to withdraw my funds, I was met with further demands for additional fees to enable the withdrawals. Furthermore, I must highlight the severe lack of oversight and failure in duty of care by my bank. Despite the transaction involving an exceptionally large and uncharacteristic sum, the bank ignored obvious 'red flags ' and failed to trigger any fraud prevention protocols. No attempt was made to intervene, verify the legitimacy of the recipient, or stop the transfer to protect my assets. Additionally, when I reported the crime, the bank demonstrated a dismissive attitude and shown no willingness to assist in the resolution of my case or the recovery of my funds."
4300,"I applied for the Chase Sapphire Credit Card and received an adverse action letter date XX/XX/XXXX. I also applied for the Chase business card back in XX/XX/XXXX. First, I sent a letter in regards to the adverse action and received no response. I then called Chase today, XX/XX/XXXX, and spoke with XXXX and XXXX. XXXX is the Supervisor for Customer Relations. I asked XXXX to let me know what laws and procedures were followed in order to come to the determination of my application and XXXX didn't know so she stated that the decision was based off of what was in my "" credit report. '' I then asked her to provide me with the subsection that was used so that I can study it for myself. I also asked for her to provide me with the law that says I have to abide by the credit score/information that they choose to use or that the transaction even needed to be reported. She did not have an answer so I told her that the CFPB states credit reporting is OPTIONAL. She stated that she can review the application based on the credit report in 30 days or she can transfer me to escalations so I was then transferred to XXXX. I then asked XXXX all of the same questions that I asked XXXX. XXXX stated that they follow all laws and regulations but could not provide me with the specifics. He then said Chase has the right to approve or deny any application. I told him that he can not deny me my right to credit then I directed him to 15 usc 1602f and 15 usc 1602p. I told him that I can't be discriminated against for exercising my rights. He said again Chase has the right to do so. XXXX was acting as an authorized rep for Chase and He, along with Chase are now held liable for discriminating against me."
4301,"XXXX XXXX XXXX XXXX XXXX XXXX XXXX XXXX XXXX XXXX XXXX XXXX XXXX XXXX XXXX XXXX I asked for documentation showing that I allowed them to report our personal engagements on my credit and they have yet to provide. This has deminished my standard of living. Ive even disputed these statements and only received information saying it was accurate from XXXX XXXX XXXX XXXX. This has also impacted my ability to provide for my children due to higher rates on living expenses such as car note, rent and any financing options. I am a XXXX veteran asking for your help."
4302,"On XX/XX/year>, I sent XXXX XXXX ( {$480.00} ) through Sendwave to the wrong number in XXXX. XXXX XXXX reversed the funds and confirmed it on XX/XX/year>. They even emailed Sendwave. Despite this, Sendwave refuses to refund me and keeps claiming they are waiting on their local partner, which is false. It has been more than 30 days. I have emails and evidence to support this."
4303,"On XX/XX/2021 I applied and was immediately approved for the American Express Business Green Rewards Card. However, one month passed and I still haven't received the card. I chatted with the customer service representative who informed me that the card will be delivered by XX/XX/2021. 6 weeks to receive a card that's been immediately approved is outrageous."
4304,"The original financed amount of this car loan ws {$17000.00}. We have paid so far {$31000.00} because of late payments and nonsense fees. The representative explained that there is still a principal balance of {$3200.00} because so much of our payments was applied to these fees and interest charges. 

That means {$13000.00} was not for the car. 
{$12000.00} went to interest and {$680.00} was applied to late fees. 

Now I realize late payments impact a car loan, but this is usury."
4305,"Chase policy not to charge {$34.00} fee for incoming items for {$5.00} or less. Chase charged me {$34.00} fee for {$6.00} XXXX transaction, contacted them for fee refund request because of above policy only {$1.00} above the limit, they declined even though opted out of all overdraft programs prior. 
Above Chase decision is unfair, predatory banking, not customer friendly, making me rethink to consider another bank for my direct deposit paychecks in the future.

Supervisor should have giving me the benefit of the doubt at least once and reverse fee but greed got in the way. 
I want this complaint to reach my Chase Bank, to be aware of the Mediocre customer service in place currently, refunding one time overdraft fee can go a long way. 
XXXX XXXX XXXX"
4306,"The loan was sold to another company and they were late the 1st month getting us a proper statement. The 2nd month they have n't credited the $ 's immediately to our account AND did n't send out a statement promptly to show monies received and the statement for the next month. They processed the statement on XXXX and we received it on XXXX, with the payment being due XXXX. They are well aware that they are not processing and sending these statements out in a timely matter. We want to send our payment in before the first of each month WITH A VALID STATEMENT REFLECTING THAT LAST PAYMENT RECEIVED. I expect to my payment to be applied immediately and receive a statement reflecting that, with plenty of time to pay by the first of the month to allow for mail issues. The company name is Nationstar Mortgage XXXX XXXX XXXX, XXXX CA XXXX"
4307,"Recently, when I reviewed my credit reports, I discovered two accounts that I did not recognize : XXXX XXXX ( Account Number : XXXX ) and XXXX XXXX ( Account Number : XXXX ). I recall losing my wallet years ago, which contained my driver 's license, social security card, and credit card. I suspect thatsomeone might have used this information to fraudulently open these accounts. I need assistance in removing these unauthorized accounts from my credit report."
4308,"I had an account with XXXX  ; I had sent in verification/ copy of my DL etc- I had bought some shoes from a man from Mississippi, he wanted me to send my payment for his INCLOUD shoes thru XXXX, I tried to send the money ( {$35.00} ) however it cont to bring up an error everytime I tried to transfer it ; I contacted customer service and went back in forth with them durning this time sending my driver license, etc to them. I also went to XXXX and put XXXX more dollars on my card believing maybe it was because the first XXXX I loaded onto my account via bank account with XXXX- believing that the delay was due to those funds being electronically deposited into my account. 
This made my total on my account XXXX, however then I recv an email saying my account was suspended and I would have to wait 180 days before then they would determine IF getting access to my funds back would be possible or not- the transfer to the man for the shoes never occurred I ended up having to get my mother to write an actual check from her bank and give her the cash - for the shoes by that time I could of bought a brand new pair of XXXX  instead of trying to get a deal, i have since then tried to email to see if I can do anything to get access to my funds they have not responded back to me. It is very upsetting I am a single mother and I have a XXXX  XXXX child XXXX dollars is nothing to a XXXX dollar company it makes a world of difference to me tho - they have no legal right to keep my money, I even tried to open an accountbusiness account to tie to my account bc I was told I needed to do that to be able to buy or sell with my account- I tried and done everything asked. My son also has a teen account which he has never used but I also opened that back XXXX months ago when offered, trying to do everything to be a good patron of there business so they would cont to grow. They have to be breaking some sort of law keeping someones money like this"
4309,"I need help to get my {$30000.00} refund from CrossCoutrny Mortgage from the cancelled loan recast request. I paid extra {$30000.00} in XX/XX/XXXX to my mortgage loan ( # XXXX ) with CrossCountry Mortgage and requested to recast the amount to the XXXX mortgage to reduce my monthly payment. However, when I called CrossCountry Mortgage in XX/XX/XXXX to check the recast status, I found out the loan servicer at that time didn't complete the recast process partially due to the transfer of my loan to a new servicer of CrossCountry Mortage in XX/XX/XXXX. Since the recast process got much delayed and my needs have changed, I requested to cancel the recast request and get my {$30000.00} refund in XX/XX/XXXX. CrossCountry Mortgage cancelled the recast request and agreed to refund me {$30000.00} in XXXX. However, after I called CrossCoutnry Mortgage over XXXX times since XXXX, XXXX still hasn't sent me the {$30000.00} refund as of today. This is not acceptable!!! Please help."
4310,"I am writing to formally dispute the recent response provided in regard to my complaint filed with the Consumer Financial Protection Bureau ( CFPB ) concerning the inaccurate reporting of a bankruptcy on my credit file. I have serious concerns about the validity of credit bureaus verification process and the credibility of the information allegedly used to substantiate this reporting. The CFPB response states that the disputed public record, labeled as Public Record - XXXX XXXX XXXX XXXX XXXX XXXX XXXX  VERIFIED AS REPORTED, '' has been reviewed and verified. However, I have obtained clear, written confirmation from the relevant court U.S. Bankruptcy Court that they do not report or furnish bankruptcy proceedings information to credit reporting agencies. This official statement from the court raises serious questions about who, in fact, provided the information used in your "" verification '' process. Furthermore, I contacted XXXX, a known third-party data provider, and they confirmed that they have no record of the bankruptcy account in question. This evidence contradicts any claim that the information was verified as reported. Given that : 1. 2. The court itself has stated it does not report information to credit bureaus. XXXX, a potential data source, has confirmed no record of the account. It is clear that TransUnion lacks a reliable and valid source to justify the continued reporting of this bankruptcy on my credit file. This failure in the verification process constitutes a direct violation of the Fair Credit Reporting Act ( FCRA ) under Section 611, which requires that consumer reporting agencies conduct a reasonable investigation to ensure the accuracy of information included in consumer files."
4311,"On XX/XX/XXXX my Bank of America checking account was hijacked/hacked by an unknown individual with my personal account details. They accessed my account and wired out {$8100.00} USD. 

I reached out to Bank of America when I took notice of this to put a stop to this and reclaim my personal account details, which was less than 5 hours from when this cyberattack happened. The agent informed me that the fraudulent wire was in transit and that I need to open a claim. I opened this claim on XX/XX/XXXX and filed a police report on XX/XX/XXXX. 

I called Bank of Americas claims XXXX number and spoke with an agent on XX/XX/XXXX to give them the case number of the police report and the name of the officer. When speaking with the agent she informed me that they have personal details of who hacked my account along with their receiving bank and explicitly said that Bank of America has reversed the wire and that I will received my funds back by XX/XX/XXXX. 

I received a notice on XX/XX/XXXX that Bank of America will not disbursement my funds. I called their claims XXXX line to speak with an agent and she has to document more details, as she states that the investigators did not document that my account was accessed by a device not normal to to my account history. I have given Bank of America all that they have asked of me to resolve this and have still not received my funds that was fraudulently wired out and they caught and reversed. They are holding my funds and have mismanaged my claim."
4312,"I submitted an application to open an Ally.com bank savings account on XXXXXXXX XXXX XXXX. I received the following application reference number XXXX. 

After receiving the application number i called Ally.com bank and had the account opened. I then transferred {$5000.00} from XXXX to Ally.com ( account # ending XXXX, Reference number XXXX ). The transaction was completed on XX/XX/year>. 

Since my deposit, my account has been suspended since XX/XX/year>. I have contacted the Customer Service number provided, XXXX multiple times. I have at times been on hold for 30 minutes or more answering the same security questions repeatedly without any resolution. I also have not received any correspondence via electronic, voice or mail.

I want to have my {$5000.00} deposit sent back to my original savings institution."
4313,"XXXX XXXX XXXX XXXX, XXXX XXXX XXXX, OK XXXX Attn : XXXX XXXX Account # XXXX On XX/XX/22, I was unable to log in and make a payment prior to the due date of my loan whereby, the creditor had manipulated on-line user account access. I phoned XXXX XXXX, who thought I had established a good relationship with and was told they didnt support the XXXX XXXX debit card. 

The next day additional interest was charged to my account and an attempt to withdraw payment was made and declined. The payment was declined because the creditor had scheduled it for the next day. According to XXXX XXXX, this is a fraudulent transaction and is not accepted by any debit card. All other creditors accepted and were paid through the same card. 

On a monthly basis, XXXX XXXX would call asking me to re-loan, but I had to do it before the XXXX of the month, which is my pay date. Up until this point I paid my loans off with no problem. I didnt realize the new loan was due on my pay date, and another fee of over {$50.00} was assessed to my loan every month. The creditor utilizes a loop whole to charge additional interest and prevents me from paying the loan off sooner. This is a breach of contract since there are no penalties for paying the loan off early."
4314,"I am formally writing to express my concerns of Zelles handling of disputes, particularly in light of the recent CFPB Lawsuit highlighting significant issues with this platform. Despite using Zelle numerous times, and reporting discrepancies, my financial institution and Zelle failed to investigate my claims adequately. They informed me that recovering lost funds was impossible, and tracking these transactions was not infeasible. The CFPBs findings indicate that zelle has not only neglected to protect consumers, but also allowed repeat offenders to exploit the system, leaving users vulnerable to scams."
4315,I was renting an apartment thru XXXX and they are adding charges I don't owe. For extra maintenance fees and damage fees when there was no damage when I left the apartment and at time of eviction it wasn't the amount they're fraudulently trying to get from me
4316,"Albert is refusing to allow me to withdraw {$1000.00} from my savings account unless I agree to a paid subscription. When I canceled a $ XXXX family plan, the system automatically forced enrollment into a $ XXXX plan just to regain access to my account and withdrawal features. 

Additionally, Albert will only link my money market account ( which has no debit card ) and will not properly link my checking account, preventing withdrawal of my funds. 

This has effectively locked me out of my own money and constitutes deceptive and coercive practices. I am requesting immediate release of my funds, cancellation of all subscriptions, and confirmation that no further charges will occur."
4317,"I received a debit card, via mail, from Chime despite never applying for an account. This approximately occurred on XX/XX/2024 ( I did not go through my mail until the evening of XX/XX/2024 ). 

My credit has been on fraud alert for over a year, so Chime should have verified with me before opening the account ( which they have not ). 

I sent an email to Chime support, asking to closing the fraudulent account, and provide confirmation once complete. This was sent early XX/XX/2024."
4318,"Budget Rental Car charged my card unauthorized numerous times. XXXX XXXX XXXX XXXX Current credit card account number XXXX was made aware of this fraudulent activity. Current issued a new card ; however, failed to prevent the duplicate charge for an even higher inaccurate amount. This issue was than disputed with Current to no avail. Now this inaccurate amount is being reported on my credit report by XXXX and negatively impacting my credit score."
4319,"I have maintained a XXXX loan with Synchrony Bank since XXXX and have never been late on any monthly payment throughout the duration of the loan. The loan was paid in full on XX/XX/XXXX. However, my credit report incorrectly reflects late payments ( over XXXX days past due ) for the months of XXXX and XXXX. I contacted Synchrony Bank for clarification, and the bank confirmed that there were no records of any payments being over XXXX days late."
4320,"This situation happened on XXXX XX/XX/year> at XXXX at a PNC bank store number ( XXXX ) XXXX XXXX XXXX , and I was at the counter and I got a money withdraw for XXXX dollars, then I went back in after I left out to get another money withdraw for older dollar bills, and when I got up to the counter both females with one of them being the manger turned down my services when I was trying to make the money exchange for a older dollar bill, the young lady that was next to the manger told me no and said she closed her draw, and said I cant have it, then I went back to the manger and asked if she could do the exchange for me and told me no and said I was being rude, when they both was giving me attitude and then the manger said she would call the police if I dont leave, when I did not do anything wrong, so I would like for both to be fired ASAP! And if I left anything out I will be happy to follow up. Thank"
4321,"I have 2 portfolio recovery collections accounts that were XXXX XXXX  accounts that I had removed months ago after disputing them Because they were not my accounts and recently they were added back to my credit and Ive talked to portfolio recovery and let them know that they were not my accounts.

One account is in the amount of {$550.00} XXXX XXXX The second XXXX XXXX is {$370.00} Its also a XXXX XXXX XXXX   account in the amount of {$1700.00} in which Ive been disputing for years and a XXXX   department store account in the amount of {$380.00}.

These accounts were opened by someone else using my info around the same times."
4322,"I have new debt filed to my credit report XXXX from XXXX XXXX XXXX XXXX for {$610.00} and credit report for Experian reads Debt buyer, I have never had a account from XXXX XXXX. This debt never appeared on XXXXXXXX XXXX XXXX for negotiations for payment plan."
4323,"I filed a dispute on my account for a transaction in the amount of {$780.00} on XX/XX/XXXX. My claim was denied 4 times for bogus reasons. It wasnt until I filed a complaint with CFPB I was notified by BBVA by mail which is now PNC that they were investigating the claim & would issue a provisional credit & any fees assessed on the account would be credited it back to my checking account ending in XXXX once the claim was final. I noticed on the BBVA 3 fees were reversed. I called to inquire why only 3 fees were reversed since there were a remaining XXXX ; I was told the remaining XXXX fees for {$38.00} each would be credited back to my account once the claim was final. Since then they have found another way to defraud me in retaliation of my complaint to CFPB & have sent me another letter indicating they will be debiting my account for {$130.00}. Had this claim been processed on my original request I would have never been charged {$38.00} for any transactions because it wouldve have been well enough money to cover all of the debits that were presented. This has been discussed with several representatives who ensured that all of the fees would be refunded once the claim was final. The claim was finalized on XX/XX/XXXX. I called today XX/XX/XXXX to inquire about the letter, I was on hold for 1 hour & 30 minutes & was transferred four times. Finally a representative in what PNC calls core department, I was told theyre not refunding me any fees & theyre debiting my account an additional {$130.00}. In all I am still out of {$780.00}, including never receiving the merchandise purchase since XX/XX/XXXX & {$1000.00} in bank fees. They have even blocked my access to my BBVA app to review any bank statements, & communication letters. Each time I try to click on statements for both the PNC app, & the website, its buffering & will not allow me to view any transaction history. Its been this way for 26 days."
4324,"At the dealership i was pressured, led and instructed, by the salesman to get a lease despite wanting a finance. I told him several times that i want to finance because i know i will go over my miles and he told me to take the lease for interest reasons. 

No options were ever provided, comparisons, explanations made, or otherwise. 

Documents were drawn up for a lease and i was further pressured, led, and instructed by the finance manager to sign. If I mentioned the financing again, attention was diverted to the documents already prepared. 

i believe i have been purposely deceived by this dealership, and cadillac financial has also not been forthcoming with disclosures when i ask questions."
4325,"I am submitting this complaint regarding Cash Apps suspension of my account and its continued refusal to release my funds despite repeated attempts to resolve the issue. 
On XX/XX/XXXX, I made a purchase using my Cash App debit card for airline tickets totaling {$610.00}. Immediately following this transaction, Cash App required me to verify my account information. I attempted to complete the verification process as instructed, but I was then notified that my account could no longer be verified. I was not provided with a clear explanation or an alternative method to complete verification. 
On the same day, XX/XX/XXXX, my Cash App account was suspended and frozen. As a result, I lost access to the remaining balance of {$260.00} in my account. To date, these funds remain inaccessible. 
Between XX/XX/XXXX and XX/XX/XXXX, I contacted Cash App Support multiple times seeking assistance. During each interaction, I clearly explained that I am unable to access the verification prompts and therefore can not complete the requested verification process. Despite this, Cash App Support repeatedly provided the same generic instructions that require accessing prompts I do not have, without offering any alternative resolution, escalation, or explanation for the continued freeze.

Cash App has effectively withheld my funds without providing a clear reason, a reasonable opportunity to resolve the issue, or a timeline for releasing my money. I believe this reflects an unfair handling of consumer funds and inadequate customer support practices."
4326,"Despite my repeated attempts to resolve this issue directly with the creditors and through your bureau, I have faced nothing but obstacles and delays. It is unacceptable that there is not enough proof to show that this debt is invalid, and I demand that they be removed from my report immediately. I remind you that under the Fair Credit Reporting Act ( FCRA ), I am entitled to a quick and thorough investigation into this issue. I demand that you take immediate action to remove this account from my credit report and inform me of the steps taken to prevent this from happening again. XXXX XXXX XXXX. I withhold my consent for electronic communication and explicitly request that all responses be conveyed in written form through the United States Postal Service ( USPS ). I am the primary complainant in this matter, and I hereby grant full authority to the Consumer Financial Protection Bureau ( CFPB ) to thoroughly investigate and address this claim."
4327,"I was contacted today to collect a debt and when I asked to verify the debt in writing the person refused and I was told that they had my social security number and they know where I live and where I work and that if I didnt take care of it now they were going to take care of it, one way or another. They also mentioned my sons full name."
4328,"Hello I am a victim of a fraud attempt on my credit cards. Please find the merchant transaction named XXXXXXXX XXXX XXXX XXXX XXXX I do not know which card this happened on however, I know i was targeted by this merchant who successfully stole my bank account and credit card information. 

Please open the fraud case."
4329,Starting XX/XX/XXXX I called to see how much my loans would be. I was referred to student aid dot com for my repayment status. I attempted to find out how much my loans would be by using the calculator stimulator. I received the correct info to repay. Then I had to apply to repay. I found out I'm already in a payment plan. The amount I'm being asked to pay is high. I don't have $ XXXX to pay for my loans. I tried to call to speak to a representative. The only info on the phone is directing us back to the website. I need to speak to someone so I can be on track instead of falling behind before XXXX. I can't log in. When I try I'm being taken through authentication ao i process. I have to wait all day to receive a email just to login. It seems as though we as the borrower are being taken through the wringer just to pay these loans back. I need help. I can't afford to fall behind. I provided a picture of me waiting and no password recovery. Nothing came to my email.
4330,I've called Citibank alot of those times about this one account and you guys keep telling me I don't owe anything and you guys reported to XXXX XXXX one if it doesn't owe anything why is it on my XXXX XXXX report it's on my consumer report if I don't know anything can you please remove the information on my XXXX  XXXX  report you guys say the account was closed positive so why was it reported to XXXX  XXXX account number I've called your customer service I have called your fraud department I have called your close account Department I called everyone at Citibank and they're telling me the same thing I don't owe a dime so please remove Citibank from my XXXX XXXX report
4331,"I am filing a complaint against LVNV Funding LLC for their failure to validate a debt they are attempting to collect from me and for reporting inaccurate information to the credit bureaus. 

I received a collection notice from LVNV Funding LLC regarding a debt they claimed I owed. I immediately disputed the debt, as I did not recognize it and had no contract or agreement with LVNV Funding LLC. I requested validation of the debt, including a detailed breakdown of the amount owed, the name and contact information of the original creditor, the original contract, and proof that LVNV Funding LLC had the legal right to collect the debt. 

Despite my request, LVNV Funding LLC failed to provide the necessary documentation to validate the debt. Instead, they continued to report the disputed and unvalidated debt to the credit bureaus, negatively impacting my credit score. This is a violation of the Fair Debt Collection Practices Act ( FDCPA ) 15 U.S. Code 1692g, which requires debt collectors to cease collection activities until they validate the debt.

Furthermore, LVNV Funding LLC did not provide their state license number or information on what activities their license permits them to engage in, as requested. This raises concerns about their compliance with state and federal regulations.

Their actions have caused significant stress and financial hardship. The continued presence of this unvalidated debt on my credit report is unfair and damaging. I request that LVNV Funding LLC immediately cease all collection activities, remove the account from my credit report, and provide full validation of the debt as required by law.

Thank you for your assistance in resolving this matter."
4332,"FULL PRICE SHORT SALE XXXX - Seller XXXX - Buyer Complaint against OCWEN Bank Account number XXXX This has been going on since XXXX! 

Ocwen Bank has abused the Seller, XXXX, the Buyer, XXXX & XXXX, XXXX, Realtor and XXXX. Ocwen bank receive a full price cash offer and all requested documents 4 times. Ocwen bank keeps asking for the same documents over and over again. We have receipt that they have received the documents."
4333,"From XXXX I attended XXXX XXXX. In XX/XX/XXXX I decided to take out a loan with ACS Education Services of which the total loan amount ( including fees/interest ) was {$5500.00} ( $ XXXX base loan and {$500.00} in interest ) The first payment I made was on XX/XX/XXXX. Fast forward almost XXXX years, I am still paying off this loan. Total payment since inception has been {$5600.00} of which only {$1500.00} has been put towards the principal and the remainder to interest. The current variable interest rate listed on my account as of today XX/XX/XXXX is 10.280 %. The minimum payment amount is {$55.00} and I 've consistently been paying {$65.00} per month and I have even made payments as much as {$100.00}. I really believe I should be done with this loan considering that I have not paid the minimum amount towards this loan. I would like for ACS Education Services to explain how are they allocating the interest vs principal amounts whenever I made a payment. The way they distribute my payments have not been consistent every month and month after month at least 80 % + of my payments are going to interest. I really need help in trying to figure out what is going on here. I really think they are stealing my money. Also I am no longer receiving statements and on the website they do not have a link where I can view my statements online. I am not sure why the government has not intervened."
4334,"I went to cosign tor my son a car and after being there for about 4 hours my son was denied for his car because of me being a cosigner. I went home and pulled my credit again and on one of those credit sites and there are some things on there that are not mine. I have reached out to the FTC and to my local police department and I am doing this all on my own. These need to be removed XXXX XXXX. XXXX XXXX, XXXX, XXXX XXXX, XXXX XXXX, XXXX  XXXX and there is a bankruptcy showing on my credit as well. I have never even thought of a bankruptcy. Please have these items taken off my credit Thank you"
4335,XXXX XXXX XXXX XXXX charge me {$300.00} on my account now when I call XXXX XXXX XXXX they say they don't have no record of this but on my account it shows that they took out {$300.00} and my chime account that I have is not taking this into consideration that they don't have no info about just {$300.00} but they gave it to them without my authorization
4336,"I have tried to get a payoff request in order to refinance with another lender from Truist/Suntrust . I have not been able to acquire a payoff statement. This has pushed my lock twice extended. No response from Truist. I have been transferred time and time again. 

Payoff Amount. XXXX."
4337,"You are now put on notice again to stop all collection activities and reporting. I am revoking that now. 
My demands are as follows : For account # XXXX To provide me with the audit trail which included XXXX. Account File XXXX. Ledger XXXX. All accounting documents XXXX. All transactional history XXXX. True Invoice- Not Statements Please be sure to provide everything demanded in this notice. If you are unable to provide the demanded information you must delete these accounts immediately. If you fail to communicate to the consumer reporting agencies that this debt is in dispute, that would be a violation according to 15usc 1692e ( 8 ) false and misleading representation. The law is very clear as to the civil liability and the remedy available to me, according to 15usc 1692 ( k ). Furthermore more failure to honor this requested demand will lead me to fully intend to pursue litigation in this matter suing your company for actual damages sustained. 
Please be aware that freezing this account has not been updated to my credit report. 

You have XXXX  days to reply."
4338,"I hope you're well. Accounts below are the subject of this letter. This is on my credit report and affects me greatly. Identity theft compromised my identification, thus these accounts appear on my credit record."
4339,"I have filed multiple disputes with Synchrony/Care Credit XXXX Originally, I was going XXXX use their Care Credit card XXXX pay for XXXX dental procedures. I ended up using my XXXX card XXXX pay for XXXX of the procedures, because I cancelled the other XXXX. However, Synchrony/Care Credit are charging me interest fees because the XXXX from the XXXX XXXX swiped the their credit card. While, I did the balance refunded, they are still charging me interest fees. My XXXX XXXX went from XXXX XXXX XXXX a XXXX now because of their errors. I have also opened a dispute with XXXX XXXX investigate XXXX help me resolve this matter. In conclusion, I never used their card for any procedure or any thing for that matter. I am extremely upset about my XXXX XXXX plummeting because of their negligence. Dates of Dispute : XX/XX/XXXX ( disputed the balance of $ XXXX refunded ) XX/XX/XXXX ( disputed the interest charges of {$350.00} ) XX/XX/XXXX ( currently disputing the charges of {$410.00} ). There is an active dispute regarding the grand total of {$410.00}. I did not use the card."
4340,After recently reviewing my credit report I found some discrepancy or inaccurate information on my report I would like to provide proof the this account was pay as agreed and that i had reached a settlement amount with so company and that the report is not correct that there was XXXX balance owed after the account was closed
4341,"On XXXX XXXX, I wanted to transfer {$140.00} from my PayPal Account to my Cash App Account. When the money did not arrive in my XXXX XXXX Account I contacted PayPal customer service and was told it was transferred to another account ( XXXX. ) I do not know this person/account, nor did I enter this information in the transaction. I do not know where PayPal got this information. I contacted PayPal again and spoke with a supervisor who stated there was nothing they could do except send an email to XXXX and request that the funds be returned. PayPal did send this individual an email, but there was no response. I then submitted a dispute with PayPal, which was denied stating because it was a transaction with friends/family they would not refund the money. 
Please note that I did not enter XXXX in my transaction request. Transaction ID XXXX"
4342,I requested to have my credit protection place coverage activated for involuntary termination from my former employer. XXXX last card number XXXX last card number XXXX last card number I requested credit protection on all three cards but was not provided the service as request and as paying for this service in the terms and condition when ever I have an involuntary termination for a permanent employment and I provide the documentation as requested I am owed this benefits. Date open was XX/XX/year> but the approval for the benefits has not been approved at this time and all documents in regards to the terms and conditions has been met for all cards.
4343,"In early XXXX, US Bank instructed me to pay the taxes on my property to ensure I did not pay the taxes late and incur a late fee with Washington DC. While on the phone with US Bank ( on a recorded line ) I made the payment directly to the city. The representative on the phone from US Bank assured me on numerous occasions that US Bank would not send a duplicate payment to Washington XXXX DC and assured me that US Bank would cancel any pending payments to Washington DC. 

US Bank sent a duplicate payment on my behalf for {$2000.00} to Washington DC out of my escrow account. US Bank assured the payment would be returned to my account by XX/XX/XXXX -- 3 weeks after the US Bank servicing error. On XX/XX/XXXX they are now telling me they are unsure when the payment will be returned. 

I have since closed the loan and US Bank has not returned the money to me or my escrow account. US Bank has a servicing error that has resulted in significant financial harm to me as I am owed over {$2000.00}. US Bank has acknowledged their error, but has not provided a timely resolution."
4344,"I am filing a complaint against Cash App ( Block , Inc. ) due to inadequate customer service and unfair practices, which violate the Consumer Financial Protection Act ( CFPA ). Specifically, Cash App failed to take timely and effective measures to prevent and address fraud on their platform, leaving my account vulnerable and unprotected.

Furthermore, their dispute resolution process was unfair and deceptive, as they did not comply with error resolution requirements under the Electronic Fund Transfer Act ( EFTA ) and Regulation E. These actions have caused significant inconvenience and financial loss, and I seek appropriate redress for these financial losses."
4345,Previous complaint filed with you guys XXXX This is ridiculous the bank keeps saying.they need more time but there are time-frame to follow and they're not. So what do you guys do to help??? It's been 2 or more months since I first filed complaint.
4346,"I created an account with Grain before the pandemic, of course everything was upended then. However I paid off my account and its showing up as charged off on my credit report. I have called the company over ten times but only get an automated system that does not let you speak to a rep, I have also emailed the company numerous times. Its really frustrating because this dinged my report and is making it difficult for me to move on. How can a company gleefully take payment but refuse to assist with this issue."
4347,"I filed for chapter XXXX bankruptcy. It started XXXX. I was discharged on XXXX. Capital One purchased XXXX sometime after that. When I do not know. Capital One received a debt which my lawyer missed on my credit report. Capital One sold it to XXXX XXXX. XXXX has called my job everyday for 4 years seeking payment. When I told them my XXXX debts were absolved in bankruptcy they said no they weren't. I filed a zero assest, total liquidation Chapter XXXX bankruptcy. I filled for XXXX dollars in debt to cover all of my debts even ones possibly missed. This debt was an XXXX XXXX card managed by XXXX. Capital One has acknowledged this is an account received from XXXX. Capital One has acknowledged this to me in phone calls. This debt falls under the no harm no foul rule. I have paid with ten years of my life. When I disputed the debt it reset the clock on how long it can remain there. This is also unfair. I am not legally bound to this debt anymore. I should not have to pay a debt from over ten years ago that was discharged. This is a violation of my Chapter XXXX rights. My lawyer has since passed away and closed his office. I am considering suing XXXX XXXX and Capital One. The sale of this account and its subsequent collection is ilegal."
4348,"After applying for mortgage loan and being approved, half way through escrow all of a sudden a supposed debt with open date of XX/XX/2014 and balance of over {$10000.00} just all off a sudden appeared. This says i owe over $ 10k and they haven't had this on my credit in 4 years but now all of a sudden they are reporting this debt as something I owe. Seems pretty fishy that this company I have no knowledge of is reporting this after seeing that I have paid off all my debts."
4349,"I scheduled a monthly-balance pay in full payment of {$13000.00} to my Apple Card by Goldman Sachs XXXX Apparently I also accidently scheduled an additional payment for {$8300.00}. While the payments were still pending on XX/XX/2023, I called Apple Card Support at Goldman Sachs and told them I needed to cancel the {$8300.00} and only meant to pay the {$13000.00} to avoid interest. They said that wasn't a problem and submitted a "" payment inquiry '' and said the {$8300.00} would be cancelled and not to worry about it. Then both payments came out of my checking account, the {$13000.00} was sent back as insufficient funds. I was then charged interest. I reached out again via Apple Card XXXX Text on XX/XX/2023 and said I was told incorrect information costing me interest. They said they will submit another "" payment inquiry '' and fix it and refund the interest charges. This never occurred. I called a few days later again and they said all of that information was correct and there is nothing they can do about it. I was charged {$120.00} in interest, and another {$75.00} in interest is pending, when I never carried a balance over from a prior month before and never paid interest. I need the interest charges back and I need the balance to stop revolving. If I would have been told correct information I could have transferred money from my savings and avoided the fees. They gave me incorrect information, costing me fees. I believe this is against UDAAP."
4350,"I paid off my XXXX  lease to KIA Finance in XXXX XX/XX/2024. I submitted all necessary documentation for title release at XXXX and I got promise from KIA Finance that title will be released in XXXX business days and mailed to me. I did not get title during XXXX  days after all requirements were done to get title. I called to them several times. They are keeping to tell me that title was released and will be shipped but I did not get title and they are not confirming that they shipped title to me, telling different stories "" why '' it will be going to take care to ship but didn't not shipped and I can not register and drive car which I paid off."
4351,"I tried to increase my credit limit with capital one account ending in XXXX.I was denied and received two letters of denial.These are probally hard inquiries which will result in a change on my credit score.I didn't apply twice for a credit increase, only once."
4352,"b'am a XXXX (XXXX) and was the victim of an international criminal scam. An individual using a XXXX phone number (XXXX XXXX) hacked my XXXX account and used my identity to coerce me into linking their XXXX card (ending in XXXX). I was then manipulated into withdrawing $XXXX to that card.The scammer also attempted to force me to \'Add Money\' to the account for $XXXX, which failed. They tried to make me reset my phone to destroy evidence. Cash App Support refused to refund my money despite proof of identity theft and coercion. I am requesting a full investigation into this fraudulent activity.""'"
4353,"This is my XXXX endeavor to tell you that I am a victim of identity theft and I complain to question specific records in my document coming about because of the wrongdoing. The records I am questioning connect with no exchanges acquiring any possession of goods, services, or money that I have made or authorized. Assuming no one cares, either way, block the noteworthy of any information in my credit record that came about due to alleged fraud or extortion. 
XXXX XXXX XXXX XXXX  Original Creditor XXXX XXXX XXXX XXXX XXXX XXXXXXXX Balance : {$69.00} XXXX XXXX XXXX XXXX XXXX XXXX XXXX XXXX Balance : {$0.00} XXXX XXXX XXXX"
4354,"This is a continuance of issues as this is now my second time having my funds placed on hold with my merchant account XXXX XXXX XXXX XXXX ; email : XXXX. On XX/XX/2023 I confirmed and marked as complete three transactions with my merchant account on PayPal for {$55.00}, {$190.00}, {$250.00}. All of these transactions were immediately placed on hold without being provided a clear reason as to why. The message I read on the site said it may take up to 21 days for the funds to be released. Upon trying to remove the hold on the site it stated that I needed to provide tracking information or a shipping label for these transactions which is a violation of several Federal laws. PayPal is only a payment processor for my merchant account and I do not have any contract or fiduciary responsibility requiring me to disclose that information to PayPal. Additionally, there is no way or a need to provide a tracking number or shipping label if the transactions were for a service. I reached out to customer service and asked for my funds to be immediately released. The agent released only one of the transactions of {$55.00} and stated I had to wait for the additional funds to be released. I provided confirmation that the transactions have been completed and my funds should be released immediately. As of XX/XX/2023 I have not received a response back from the customer service agent XXXX. PayPal has breached their fiduciary responsibility by having my funds placed on hold against my will which is extortion, a violation of my rights under The Color Of Law and a violation of the Electronic Funds Transfer Act 15 U.S.C. 1693."
4355,"Hello, I am about to turn XXXX this year. I have health problems due to XXXX, which XXXX my mother in law and that is how I got behind. My daughter also just passed away recently. 

The reason I am writing this letter is because my mortgage company will not stop asking for the same documents over and over again. This is a huge burden as I have to wait for a ride to the library to fax documents over and over. 

I just want to make my payments again and stay in my home. Even with the death of my daughter I am able to make my payments again, I just need help to become current so I can make the payments. I also have my grandson living with me helping pay - I have sent in his paystubs and his information numerous times as well. 

Please help me as you can see I have done everything you have asked I am going around in circles and just want this to be resolved. 

Any help you can provide will be greatly appreciated. 

Thank you, XXXX XXXX"
4356,"I tried to do a deed in lieu after failing to do a short sale of XXXX XXXX XXXX XXXX XXXX XXXX XXXXXXXX with M & T Bank, XXXX M & T XXXX, XXXX Floor, XXXX, XXXX  XXXX. As an XXXX XXXX military member I thought the Service members Civil Relief Act ( SCRA ) would prevent foreclosure but the bank told me to XXXX off and that they will move forward with foreclosure after filling out all necessary paperwork for a deed in lieu. All I have left is to clean it and the bank was to take it but they refuse."
4357,"Was a member of Sam 's Club, was checking out when the cashier asked me if I would like to sign up for a sams credit card and get {$100.00} toward my purchase. I said okay and she ran the credit report and didn't go through, she mentioned that they would call me I asked if the promotion would still be valid the cashier said yes, a few days later I got a call from sams club credit asking if I would like to complete the process to get the card. I had asked the person from sams club credit if the promotion was still valid and mentioned that if it was not I did not want a hard inquiry on my credit report and that I wasn't interested. She informed me that if the promotion was still valid. I said okay and then they approved me for the card. 

A few days passed and I opened the letter with the card and the promotion was not included so I called Sam 's Club credit to ask, I was informed that I was not entitled to the promotion and would have to settle for 30 dollars off my credit purchase good for the next 30 days. I was upset and cancelled the card and also cancelled my membership with sams club. I called the credit reporting agency to get the hard pull removed from my credit history. They informed me that only the credit card bank could do that. I called the credit card bank and they refused and said they couldn't do an order of deletion. 

I am asking that Sams Club Credit through Synchrony Bank be investigated along with sams club and that their hard pull from my credit be removed."
4358,"On XX/XX/2021 I contacted USAA Bank and requested a balance on my Credit Card account so that I can close out the account. USAA emailed me a balance of {$13000.00}. A few weeks later when I attempted to make the payment to close the credit card account with USAA the balance changed to XXXX. I paid the {$220.00} online and Overnighted a check in the amount of {$13000.00} the check was received and stamped in by USAA on XX/XX/2021 and returned back to me the same day. I received my check back on XX/XX/2021 and returned the {$13000.00} my XXXX the same day. USAA received my payment and did not close out my account on XX/XX/2021 they did not post my payment until XX/XX/2021. On XX/XX/2021 USAA charged me {$4.00} interest and is refusing to close out the account. PLEASE HELP!! I paid USAA {$13000.00}. 

XXXX XXXX XXXX"
4359,"On XX/XX/year> I received a call from XXXX XXXX in reference to student loans I cosigner on. A representative for the company named XXXX XXXX was who called me. XXXX XXXX was ABOMINABLE on the phone!!! XXXX XXXX was very rude and what I consider XXXX  on the phone. She was judgmental of me and my daughter. I felt like I was being interrogated. When I was trying to talk, she was talking over me. XXXX XXXX was talking loud and she was very condescending!!! She made judgemental comments about me, who she doesn't know as well as my daughter. I feel like some of her questions were misleading and unethical!!! Her tone of voice made me feel very uncomfortable and uneasy. XXXX XXXX sounded like a raving XXXX  on those 2 phone calls. I called back and had a conversation with another representative and during the conversation I asked her to ask her supervisor to listen to both phone call."
4360,Hello Robin Hood financial is well aware that XXXX XXXX has experience in data breach which put my financial information at risk and because of this I believe I had almost tens of thousands of dollars stolen from me. This has not been verified from XXXX XXXX Robin Hood. They do know exactly why Im calling and have been reaching out and no one wants to speak up to verify this information.
4361,"See several dispute letters ( uploaded ). Neither entity has responded to me as of yet and it has been more than the allowed 30 business days. Additionally, they sent me misleading & incongruent communication, then charged fees and interest on top of fees after they said they would close my account and they are still reporting me delinquent on my credit report."
4362,"As a consumer ( defined under 15 USC 1681a ( c ) ), alleged Derogatory late payment deficient of REQUIRED PROOF OF ADEQUATE FEDERAL REPORTING COMPLIANCE, such as Metro 2 and the FCRA standards of reporting. 

The following accounts have billing error Under 15 USC 1666B and must be resolved immediately. 


XXXX XXXX XXXX # XXXX -- - Opened : XX/XX/XXXX XXXX  XXXX # XXXX -- - Opened : XX/XX/XXXX XXXX # XXXX -- - Opened : XX/XX/XXXX"
4363,"A few months ago through certified mail i reqested from all XXXX  credit buearues about {$15000.00} Open balance XXXX XXXX XXXX Original creditor I request that you conduct a thorough investigation of this account and provide me with the following information to validate the debt : XXXX. A copy of the original signed contract or agreement between myself and the original creditor. 
XXXX. An itemized statement of the account, including the principal amount, any interest, fees, or charges applied. 
XXXX. Proof that the collection agency is legally authorized to collect this debt on behalf of the original creditor. 
XXXX. Proof that I have a contract with [ name of collection agency ] bearing my signature."
4364,"I started to run behind about 6 months ago. I initially was set up on an arrangement which I completed. Then I explained that I could not afford the monthly payments due to medical hardship. Captial One would not offer lower monthly payments or interest as other companies in fact, Captial one offered a higher monthly payment. I was advised to call back each month to see if a program was available and I get the same plan higher than my regular payment. Now I am seriously passed due and find it hard to even do business with Capital One."
4365,"I went into Suntrust Bank on Wednesday, XXXX XXXX, 2016 and spoke with a representative to open a Checking and Savings account. I had a previous positive history with this bank with over four Certificate of Deposits that I open totally over {$10000.00}. So I get the new debit card in the mail for the checking account and I try to activate it. The card would not activate it was blocked. I went into suntrust bank to speak with a rep and he told me because I owed {$130.00} to the bank they have closed the savings and checking acct and put a block on the card. I was totally outraged, hurt and disgusted. I had just did a opening deposit of over {$4000.00} cash. So the bank rep pleaded to the office to not close my account but just deduct the {$130.00} out of my account. I was shocked and then on top of that I said well where is my cash deposits, I need my money now. Then the representative said Suntrust will mail your funds within 7-10 working days. I said oh my XXXX, you all have left me with no access to my money and my bills are due. They did nothing to resolve this. Now I am left with no bank accounts and money. Could you help me resolve this."
4366,"This letter serves as my formal demand under the Fair Debt Collection Practices Act ( FDCPA ), 15 U.S.C. 1692c ( c ), instructing you to immediately cease all communication and collection activity regarding any alleged debt you claim I owe.

I do not acknowledge this debt, nor have you provided any verifiable proof that it belongs to me. Your continued collection attempts and reporting actions are causing unwarranted harm to my credit profile and peace of mind. As you are well aware, once a consumer issues a written cease and desist notice, you are legally required to stop all forms of contact, including phone calls, letters, and any other method of communication."
4367,Someone opened a Bank Of America XXXX XXXX account that I have explained to them and proven to them that It is not mine I am only XXXX XXXX XXXX and they put my date of birth as something totally different but I am getting denied to open any further checking account 's for something that I did n't do.
4368,"On XX/XX/XXXX, I received a credit alert regarding a collection account allegedly originating from XXXX XXXX  CitiBank XXXX XXXX  now being reported by XXXX XXXX  XXXX XXXX XXXX XXXX XXXX  I immediately disputed this account, as it is XXXX XXXX not mine * *, and I requested the following documentation : XXXXXXXX XXXX XXXX Proof of assignment or legal transfer * * of the debt from CitiBank to XXXX. 
XXXX. A XXXX XXXX  complete chain of title XXXX XXXX, including : XXXX Forward Flow or Purchase Agreements between all involved parties XXXX  Bills of Sale for each transfer of ownership Despite these requests, no documentation was ever provided. 

Then, on XXXX XXXX XXXX XXXX XXXX XXXX XXXX, I submitted another dispute with XXXX XXXX XXXX XXXX XXXX, restating that I had no knowledge of this account and requesting the same documents. I also provided TransUnion with copies of my previous correspondence with XXXX. Once again, no action was taken, and no documentation was produced. 

I have XXXX XXXX  never held an account with CitiBank XXXX XXXX, and upon contacting them directly, I was informed they have XXXX XXXX no record of any account, charge-off, or delinquency associated with my Social Security number XXXX *. 

Now, in XXXX, this same alleged debt has resurfaced and is being reported by XXXX XXXX XXXX XXXX XXXX XXXX who claims to have purchased it from XXXX. I maintain that this debt is XXXX XXXX not valid XXXX XXXX, has XXXX XXXX no connection to me XXXX XXXX, and I am requesting full documentation or immediate removal from all credit reports."
4369,My father has an account with the NC State Employees Credit Union. My brother was on the account as power of attorney. After my father passed on XXXX XXXX the credit union allowed withdrawals until XXXX. I became the executor of my father 's on XXXX XXXX the same day i came into the credit and asked why these withdrawals were allowed and what were they going to do about it. I was told they would have to look into it. After no response i also sent an email. After months i was told since i did not question this with in sixty days. there was nothing they would do.
4370,"On Saturday XXXX XXXX I sent my friend XXXXXXXX XXXX XXXX and hours later I went to send her more and my account was suspended I did what it said in email, used there chat option even spoke with someone and all they can say is it will take XXXX to XXXX business days. This is all my money I literally have to my name and am on my XXXX day without XXXX XXXX money and am in need for hygiene products and can not access my own funds"
4371,When I try to open a Recents credit card with you guys I was denied and the only reason I was given was restricted account. I asked how to restrict it and they said I couldn't because I had a card that you guys charged off several several years ago. This is probably has to do with the time that I experienced identity theft and account takeovers it's many years old and I really think it would be fair to not treat me as a victim and give me a fair chance to apply to a credit card
4372,"On XX/XX/year> an account was open without my permission on Macy ; s store. I am including a copy of my complaint to the FTC report file. This account is not mine is a fraudulent account open under my name.

Please correct this I have. fraud alert on my credit report that indicates that no credit should be granted until you verify that I am the one requesting credit."
4373,Somebody changed my once a month direct deposit from XXXX from my bank to a chime application with my name on it and by the time i found out all but XXXX was spent using a virtual card from the chime application u can redirect any direct deposit from any bank to the chime application without verifying who you are. I asked chime to do an investigation instead they closed my account i did not open and kept the remaining balance on the chime app i did not recieve it until 2 months later. My direct deposit amt is XXXX per month from XXXX and i had to go into Social Security office to find out what happened by the time i corrected it i had XXXX dollars left.
4374,"Bank of America is refusing to execute a XXXX XXXX XXXX ( XXXX ) opt-out on my credit card, despite XXXXXXXX XXXX own documentation confirming that the opt-out is submitted by the issuer on the cardholder 's behalf. I requested a replacement card from BofA recently. Because merchants are receiving my new card number automatically via XXXX, recurring charges I wanted to stop are continuing to post. I called BofA and spoke with a supervisor who told me there is 'no way ' to opt out and that XXXX needs to do it. ' This is false. XXXXXXXX XXXX official XXXX FAQ ( httpXXXX XXXX XXXX ) confirms that issuers not XXXX, not cardholders directly submit the Cardholder Opt-Out Advice code ( "" O ' ). Standard XXXX card agreements direct cardholders to contact their issuing bank to request the opt-out. BofA is the issuing bank. They have both the authority and the obligation to execute this request. I'm asking CFPB to require BofA to : ( 1 ) submit the XXXX opt-out for my card, ( 2 ) confirm in writing that it has been processed, and ( 3 ) correct the misinformation their customer service staff are providing to cardholders making this request."
4375,"I am not a XXXX customer but someone has tied my personal email address to their financial account. I have attempted to resolve this, but XXXX XXXX public support email is unmonitored and their other digital support channels are entirely inaccessible if you do not have an active account login."
4376,"We filed for Chapter XXXX bankruptcy in XXXX and it was granted. We did not include our home but did not fill out the proper forms ( we did not use an attorney ) to say we would pay the mortgage. 

XXXX we applied for a home equity loan and were told we have two liens on our title. We should not, I am trying to find the bank below to get a pay off letter from them to take it off our title. 

FIRST LIEN : First Franklin Financial Corp - I sent a certified letter to them requesting this and it was "" return to sender Not deliverable as addressed Unable to forward '' I've called/researched but am not able to locate a phone number/address. 
I also found out First Franklin is a subsidiary of XXXX XXXX XXXX   of Indiana that closed in XXXX. How do I find current contact information for this bank? 

SECOND LIEN : XXXX XXXX this is who we pay our mortgage to. I sent XXXX XXXX a certified letter ( XX/XX/XXXX ) requesting debt verification for the mortgage. I got a letter from them ( XX/XX/XXXX ) saying we would hear back in writing in response to this request in 30 days. The letter also said the note holder of the mortgage is : XXXX XXXX XXXX XXXX with an address, I sent them the same debt verification certified request letter. I got their card back that they received the letter but I have not heard from them. It's been over 30 days - what recourse do I have, if I don't have proof of the debt?"
4377,"I am writing to formally express my dissatisfaction with the quality of service I have received as a customer of XXXX and to request immediate action to resolve the issue. 

I have been a cardholder for several years and during that time, I have generally been satisfied with their services. However, recent experiences have prompted me to reconsider my association with this company. 

Over the past year I have experienced several issues that have caused significant inconvenience and frustration. 

Specifically : I contacted customer service and provided additional information but each time I was given no positive resolution since I was never contacted by any member. I submitted all supporting documents for my claim last year and was always denied a dispute when I was clearly entitled to a refund. They made no effort on solving my issue and showed no interest in supporting me as a customer. They denied my claim and told me to find a different solution Delays or lack of response from customer service. Upon review Im still paying for a ticket Difficulty in reporting or resolving disputes I find this level of service unacceptable and not in keeping with the standards I expect from a major financial institution. The company policy has been misleading. I am requesting that the following actions be taken : 1. A full investigation into the issues I had raised last summer 2. To comply with policies and services supposedly provided by the financial institution, such as protection for not receiving the service of product 3. A written acknowledgment of poor service 4. Adjust the incorrect balance on the credit card Please treat this matter with urgency and provide a written response at your earliest convenience. 

Sincerely, XXXX"
4378,"XXXX XXXX XXXX XXXX XXXX XXXX XXXX XXXX XXXX FL, XXXX Date of Birth : XX/XX/XXXX. XXXX : XXXX Subject : Request for Blocking and Deletion of Fraudulent Accounts Under 15 USC 1681c-2 ( a ) To Whom it May Concern, I am writing to formally request the blocking and deletion of all fraudulent accounts and inquiries associated with my credit report, as I am a victim of identity theft resulting from the XXXX  XXXX breach XXXX Pursuant to 15 USC 1681c-2 ( a ), I am entitled to have any fraudulent information blocked from my credit report. 

XXXX XXXX - Opened on XX/XX/XXXX - Balance {$120.00} XXXX XXXX XXXX - Opened on XX/XX/XXXX - Balance {$1600.00} XXXX XXXX IN - Opened on XX/XX/XXXX - Balance {$15000.00} XXXX XXXX- Opened on XX/XX/XXXX - Balance {$370.00} XXXX XXXX - Opened XX/XX/XXXX - Balance XXXX INQUIRIES ON MY CREDIT REPORT : Credit Acceptance, XXXX XXXX, XXXX XXXX XXXX CO, XXXX XXXX, XXXX Card Please consider this letter my official notification. I request that you take the following actions immediately : 1. Block and delete any accounts, inquiries, or other information that were established or recorded as a result of identity theft.

2. Provide written confirmation that these fraudulent items have been blocked and deleted.

3. Ensure my credit report accurately reflects only legitimate accounts and inquiries. 

Enclosed are the following documents to support my request : A copy of my government-issued ID ( e.g., drivers license ). 
Proof of address ( e.g., utility bill ). 
A signed affidavit of identity theft ( if required ). 

As required by law, I expect these fraudulent items to be blocked within XXXX business days of your receipt of this request, as outlined in 15 USC 1681c-2 ( a ) ( 2 ). 

I trust that XXXX  will handle this matter promptly and in compliance with federal law. 

Thank you for your immediate attention to this urgent matter."
4379,I made numerous payments to my credit card account at Nordstrom.  They hold the money for funding for 14 days after the bank takes it out of my account. They say an online payment is like a check and requires 14 days to clear.
4380,Several transactions were attempted on my account but were unsuccessful. Cash app deducted {$860.00} from my account and refused to refund them. I informed cash app by phone and email that the transaction was never completed. I filed a police report and I also submitted cash app a letter from the merchant stating the transaction was canceled and the money should never have been deducted for my account. Cash app refuses to refund my money. The merchant can not refund me because they never received funds from cash app. I reached out to cash app on several occasions and they still refuse to refund me.
4381,"Car was repossessed in XXXX or XXXXXXXX XXXX XXXXXXXX after speaking with several of the representatives about a payment arrangement. Payment arrangements were set in place, but unable to fill due to a lost of a job which was also information that I provided to the loan company. I had a XXXX  at the end of XXXX which caused me to fall behind but because of my consistent payments I was able to "" skip '' a month per the loan company 's terms, but in all actuality it was just added to the end of my agreement. Everything was fine and communication was wonderful until XXXX when my car was repossessed in the middle of the night."
4382,"To Whom It May Concern, I am writing to file a formal complaint against American Express regarding the recent cancellation of my credit card account. I have been a loyal customer to American Express for a number of years and have consistently maintained good standing with no prior issues. 

In XXXX of XXXX, I contacted American Express to resolve a dispute with XXXX of their representatives. During this conversation, I felt that my concerns were not handled appropriately, and subsequently, my credit card was canceled without any prior warning or justification. 

This cancellation is particularly troubling as it prevents me from ever opening an American Express account again, which I believe is unfair and unjust given that the cancellation stems from a disagreement with a customer service representative. I have always fulfilled my obligations as a cardholder, and this action seems to be an overreach in response to a misunderstanding rather than a legitimate breach of policy. 

I request that the CFPB investigate this matter and provide guidance on how to resolve the situation. I would appreciate any assistance you can offer in rectifying the cancellation of my account and restoring my good standing with American Express. 

Thank you for your attention to this matter. I look forward to your prompt response."
4383,"the card that I have gives a {$250.00} air travel credit each year : {$250.00} XXXX XXXX XXXX XXXX made by the Primary cardmember and Authorized Users on the Card Account are eligible for this statement credit. Please allow 1-2 billing cycles after the qualifying incidental air travel fee is charged to your Card Account for statement credit ( s ) to be posted to the account. This statement credit is an annual benefit available for purchases appearing on your billing statements from XXXX through the following XXXX. Pending transactions that do not post in your XXXX billing cycle will count towards the next year 's XXXX XXXX XXXX. 

although i have made purchases in XXXX when I get my card, I was told when I inquire why on my statement it shows that my credit for the 2016 year is {$0.00}, I was told that was my XXXX billing statement and therefore ineligible. As if i person can have a billing cycle start XXXX XXXX, it is deceptive to not tell customer when they apply for the card. It is confusing that XXXX billing cycle can have virtually no dates in XXXX. I would not got this particular card otherwise if I have knew"
4384,"I have been disputing XXXX XXXX XXXX XXXX  on my XXXX  and Equifax report for over a year now. Each month they are reporting 2 separate accounts for the same lease. XXXX and XXXX. I have contacted original creditor the true balance and they have added on about XXXX dollars to the bill. I have asked several times for them to validate the debt but they never send me anything. The Date of First Delinquency XX/XX/2019 is not correct they have RE_AGED the accounts, Also XXXX XXXX XXXX XXXX is reporting these amount each month past due. Collections can have balance but no Past Due Amounts or Payments. My rights have clearly been violated and I want these 2 accounts Delete."
4385,A copy of the original signed contract or agreement the full account history and chain of ownership proof of their legal right to collect on this debt verification that the amount reported is accurate has not and can not be provided
4386,"Each month I wire out about $ XXXX for my XXXX father 's XXXX board and care. Every few months I go to his bank and get a cashiers check for reimbursement. 

XX/XX/XXXX A cashier 's check from XXXX XXXXXXXX XXXX  was deposited into my Chase Checking account via ATM in the amount of {$17000.00}. Prior to my deposit my account balance was around {$3000.00} XXXX The hold was cleared and I paid bills in the bank mobile ap ( about {$3000.00} ) and sent a wire via mobile ap ( about {$7000.00} ) XXXX Went to bank ATM ( at bank ) to withdraw {$2000.00} to pay construction workers at my home. I was unable to withdraw funds and my access to online banking was frozen. I spent 4+ hours at the bank trying to ( and successfully resolving the hold ). I had to pay the workers at my home for an extra hour because they couldn't leave until they were paid. 

XXXX The USPS delivered a letter alerting me to an issue with my deposit and that if I didn't contact Chase immediately they would close my account. 

XX/XX/XXXX Access to my online banking still wasn't resolved and I had to make another phone call explaining the issue again. When asked "" why didn't chase contact me? '' I was told that it was all automatic and the onerous was on ME to contact them to resolve the issue. How was I to contact them when I didn't know there was an issue- until the issue was big? 

My husband and I specifically got a cashier 's check from XXXX XXXX so the there wouldn't be a long hold time. I was treated like a thief in the bank AND on the phone. 

I can understand issues with fraud, but I can't understand why I didn't receive a text or phone call alerting me of the issue. I also can't understand why they needed to speak to me before contacting the issuing bank institution."
4387,I got a vehicle from us auto sales XXXX of 2023 car was caught on fire in XXXX of 2023 my insurance company totaled the vehicle out for XXXX to us auto sales at this time they were closed down out of no were so I was unable to get another car after trading my car to them and paying a deposit now they telling me I still owe thm another XXXX when they car was XXXX and them settling with my insurance company for XXXX now they put it on my credit report and I didn't even have the car a month so im.out of 2 cars my deposit they pay out and they still saying I owe them XXXX still tryna charge me for a car they was paid for this not right please help me.
4388,My house payment is due on the 1st of each month with a 15 day grace period. The month of XXXX  2017 my payment will not be made until the 14th. I spoke with an operator on the 7th and told her my payment would be made on the 14th due to the way pay periods fall for me this month. Later that day my wife received a phone call and I received another call when I was on my way home from work. The following day I received two more calls and informed the operator I already spoke with someone about the payment. I received another call on the 9th at XXXX a.m. This is absolutely harassing and I want it stopped. There is no reason for it and my mortgage is not in default and I have not even exceeded the grace period.
4389,"I am a senior citizen on XXXX a fixed income. due to my condition a modification was negotiated with Ocwen loan Servicing LLc in XXXX with a deferred {$XXXX} at loan term in XXXX. after much litigation, as Ioan had no prepayment penalty I paid all bearing interest principal in full, {$XXXX} monthly payments were made {$XXXX} principal & {$XXXX} escrow. Ocwen then decided to refuse monthly payment after a year of litigation they realized I was complying with modification terms. in XXXX Ocwen decided to modify except they demanded I pay {$XXXX} to start modification. to me it was surprising as I never heard of payment to modify person 's loan on XXXX. ocwen refused paymwents twice, then I included Ocwens representative 's correspondence which stated I was to pay principal bearing interest first then with no penalty. 
as seen in attached documents, with my family 's help I managed to pay all monthly payments in addition XX/XX/XXXX {$XXXX} in following months We paid another {$XXXX}. in XXXX we paid over {$6000.00}. XX/XX/XXXX taxes and insurance as seen paid into escrow. PHH is demanding more escrow for projection which is unfair as I already send my entire Social Security check to satisfy loan. We no late payments or past due except PHH wants to add over {$3000.00} dollars to loan for projections. I advised PHH that my modification is specific to exact payments due to limited income. to no avail even talking to managers."
4390,"Re : Request for Consumer Report and Security Freeze Social Security Number ( last 4 digits ) : XXXX Date of Birth : XX/XX/1991 Dear Sir or Madam, Pursuant to the Fair Credit Reporting Act ( FCRA ), 15 U.S.C. 1681 et seq., including 15 U.S.C. 1681j ( right to free annual consumer report ) and 15 U.S.C. 1681c-1 ( security freeze ), I am writing to request : 1. A complete copy of my consumer file, including all information you maintain on me. 2. Placement of a security freeze on my consumer report/file to restrict access and prevent unauthorized inquiries or new accounts."
4391,"RESPA Violation. 

Our loan was moved from XXXX on XX/XX/2019 to NewRez. Throughout XXXX, we attempted to make payments to XXXX but they told us it was too late to make payments to them. We then called NewRez, who didnt have accounts fully set up and stated it was too early to make payments to them and to call back in a week. On XX/XX/2019, both borrowers ' credit reports received a negative 30 day late notice for XXXX. This is in violation of RESPAs 60 day grace period."
4392,"Case ID dispute XXXX {$200.00} XX/XX/year> They keep sending me emails/letter stating past due I get many different responses when I calltoday XXXX in fraud said there is no charges showing, it just hasnt cleared, been told the day I disputed there was a charge but didnt know by whom, after that rep I got supervisor saying no charge existed and the dispute would go away, it didntyesterday the rep said it had to be resubmitted and Id get an email ..did not get Macys American Express..told them nothing was received for the charge too"
4393,"Thank you for your time. I have been going back and forth with all XXXX credit bureaus XXXX, Transunion, and XXXX. Over the last couple years have sent endless letters. I have called to have my wrong information removed they still haven't removed the wrong names and addresses. They always send back information verified. So i ask for the validation of the information and I'm never given any real validation. I'm victim of the XXXX breech which has comprised my identity because someone has access to my personal information. I would like for all these accounts to be deleted off of my record. Below are all the accounts that need to be removed XXXX AND XXXX XXXX ACCTXXXX XXXX XXXXXXXX AMOUNT- XXXX XXXX XXXXXXXX XXXX XXXX AMOUNT- XXXX XXXX XXXX XXXX ACCT. # XXXX AMOUNT - XXXX XXXX XXXX ACCT. # XXXX AMOUNT- XXXX Please take a careful look at these accounts and remove them please. Thank you for your time and patience."
4394,"I received an alert on my credit report on XX/XX/year> saying that I have a collection for {$77.00} from this company. I have never did business with this company nor do I have a debt for this amount for them or whoever they claim to be representing which they didnt even mention the companies name other than themselve. I am well aware of my rights according to the FDCPA this company did not send written communication which is a Dunning letter to notify me of this debt and it is illegal to put a debt on a consumers credit report without first sending them a Dunning letter giving them the opportunity to dispute the debt Within 30 days debt collectors must do this before contacting via phone or text or putting a debt on someones credit report. Under the FDCPA, 15 U.S.C. 1692g ( a ), a debt collector must send you a written notice within 5 days after their first communication with you ( unless that first contact was already in writing and contained all the required disclosures ). 

That notice must include : The amount of the debt The name of the creditor A statement of your right to dispute the debt within 30 days A statement that theyll obtain verification if you dispute The name and address of the original creditor ( if different ) If a collector calls or texts first and never mails or delivers that notice within 5 days, theyve violated 1692g ( a ). Also this company is not licensed to collect debt in Georgia which i have a screenshot for proof. This company didnt do any of the requirements above and is in violation and if this collection is not removed from my credit report immediately, I will be pursuing legal action against this company!"
4395,"Hello I had a checking account on moneylion application and everything was fine. 

On XX/XX/XXXX, I noticed that I can't log into my account so I tried to call them ( I waited about two hours to get live person ) they told me on XX/XX/2021 someone called and claimed that he is XXXX XXXX and My account is opened by using fake identity ( I mean identity theft ) but I explained to them that I was in the middle of an auction and I was about to win it so a person tried to close all of my accounts including my Moneylion account. 
As other financial institutions had local branch I visited them in person and solved the issue. 
But for Moneylion I called them 7-8 times and finally they told me I have to send supporting docs to XXXX so I did it But unfortunately, they are not answering me anymore. 

But what was those supporting documents? 
They told me I have to send supporting docs to prove I'm the real XXXX XXXX They told me as I shared my account with my girlfriend XXXX XXXX I have to proof she is my girlfriend Now I have XXXX in my account and they don't want to reopen my account and also they don't agree to reopen my account"
4396,"I have had my auto loan with GM Financial for 3 years - XXXX  XXXX XXXX ( acct # XXXX ). At the time of purchase from the dealer they set up the loan through GM Financial with auto pay. Every month they would pull the payment directly from my bank account, no problem, until recently when I received a past due collections notice. Apparently for no reason the auto pay was removed from my account with no prior notification to me. I have spent the last 2 days trying to get assistance from GM to resolve this issue. I spoke with XXXX, XXXX, XXXX, XXXX and eventually XXXX, who was the only one who took the time to assist me. 

I have been in the XXXX  XXXX  for over 30+ years in XXXX and XXXX XXXX XXXX. I have never received such horrible service. When you set up a loan on auto payment it should be for the life of the loan or when the customer submits a request to discontinue. It should not be arbitrarily removed by the financial institution. 

I have worked very hard to repair my credit after losing my job during the financial crisis. I will not pay any late fees, nor do I want this past due payment reported to the credit bureaus. 

Your assistance with this complaint is needed and appreciated. 
XXXX XXXX XXXX XXXX XXXX XXXX XXXX XXXX, CA XXXX XXXX XXXX"
4397,"Chase is reporting lates for XXXX, XXXX and XXXX when that is incorrect. Chase is also reporting a late on my auto loan. This account was set up on auto draft and the payment for XXXX that they are reporting a late on, was made on time."
4398,"I was approached by a woman online after applying for remote jobs XXXX XXXX and she explained they are hiring staff for data optimization that included doing tasks and getting commission using the platform XXXX. 
Under the scammers instructions, I made transactions through XXXX called XXXX and XXXX XXXX  in the total amount of XXXX USD. 
They refused to let me withdraw my funds saying I would have to complete more tasks which once again consisted of sending crypto For more information, please see attached."
4399,"I attempted to retrieve money from a non chase atm at a Banorte atm, I attempted to retrieve XXXX XXXX XXXX which in exchange rate is approximately XXXX XXXX the atm displayed the exhale rate of XXXX usd = XXXX XXXX XXXX I decline the transaction due to the rate being very low, the atm still took charged me for the withdrawal but did not dispense any funds"
4400,"Wells Fargo incorrectly reported a delinquency on my account after their system unexpectedly disabled my automatic payments. I had been enrolled in auto-pay and never turned it off. When Wells Fargos system blanked out my auto-pay settings, the scheduled payment failed without my knowledge.

This error caused a late payment to be reported to the credit bureaus, negatively affecting both my credit and my wifes, as we are joint account holders. We have never had a delinquency before this issue. Once we discovered the problem, we immediately brought the account current. 

I am requesting that Wells Fargo correct this error and remove the delinquency from both credit reports."
4401,"I signed an application, unbeknownst to me as the salesperson led me to believe that I was just signing to begin the planning process, for a loan. The loan was approved and the money immediately transferred to XXXX XXXX XXXX XXXX XXXX. Nothing was done as far as planning or services was concerned. I decided to cancel the project. I sent a registered return receipt letter letting XXXX XXXX I intended to cancel. The company recieved my notice on XX/XX/year>. In the meantime the lender Mosaic informed me that I would need to begin making payments XX/XX/XXXX regardless of project status. Mosaic told me that XXXX XXXX must cancel the project and return the money before the loan could be cancelled. I have been unable to get information from freedom forever as to the cancellation process or timeline despite the fact that more than a month has passed since receipt of my notice of cancellation."
4402,"My credit score into XX/XX/2021 was XXXX. Without any changes to credit activity my score dropped XX/XX/2021 to XXXX. This affected a loan for a car. I needed to have my daughter get the car with me on the loan. At first I was asked to pay 14.5 % interest with my daughter who has an excellent score. I printed the details for company to see what happened. I was lucky to get a better rate yet still had to have my daughter on the loan. With the car loan my credit should build from XXXX not XXXX. 
Also, I had a XXXX credit card was on my credit report then was removed. 
I've tried to resolve this to no avail. 
The purpose of credit in my use is to build my score. 
Why would I use credit if not to build my score? 
Copies of report available if necessary."
4403,"I am very devastated with all the excuses SPS has used in order to prolong my loan and all the fraudulent actions that are being used against me to deny my loan for any assistance.This needs to stop! Our monthly income is {$3000.00} and my monthly expenses are for the amount of {$2500.00}, this includes my mortgage payment. I have a surplus of {$460.00} left at the end of the month. SPS has changed my income for their own advantage and to deny my loan.I have always provided my proof of income to SPS. However, SPS keeps forcing me to re-apply all the time. I am not working nor my husband and we only collect social security income and rental income. SPS has my rental lease and my Social security award letters for proof. However this seems to not be enough proof for SPS. My husband and I are elderly people and this is starting to affect our health. We just want to save our home and fighting our right as home owners. We did not want to do this but we are just tired and we are in desperate need of assistance. I am attaching proof of the last XXXX reviews done by SPS and you will see how my income has being changed for there own advantage. Please help us to stay in our house."
4404,"XX/XX/year> my phone with attached wallet was stolen. The thief gained access to my phone, apps, and changed my XXXX ID password. 

I notified Chase Bank the same day and learned over the phone of multiple fraudulent charges. 

XX/XX/year> Two claims were filed with Chase Bank for unauthorized transactions. 

Claim # 1 was for a {$1000.00} XXXX transfer Claim # 2 was for multiple XXXX XXXX payments totaling {$750.00} XX/XX/year> I submitted 20 pages of supplemental documents ( including a police report ) at a Chase branch to support my claims. 

After multiple phone calls and in-person visits, nobody at Chase could confirm receipt of my supplemental documents, only that both claims were denied. 

XX/XX/year> I resubmitted my supplemental documents at a branch and was assured they were received by the claims department and both cases would be reopened. 

XX/XX/year> I was notified that claim # 1 was denied XX/XX/year> I was notified that claim # 2 was denied Chase Bank has not provided any basis for denying my claims let alone proof that the transactions were authorized. I provided clear documentation that I did not possess my phone or authorize any of these transactions, yet Chase Bank refuses to abide by consumer protections."
4405,"XXXX XXXX XXXX XXXX XXXX XXXX XXXX XXXXXXXX XXXX XXXX XX/XX/XXXX Subject : Formal Complaint Against Experian for FCRA Violation Dear Consumer Financial Protection Bureau, I am writing to lodge a formal complaint against Experian for its blatant violation of the Fair Credit Reporting Act ( 15 USC 611 ) by refusing to remove an inaccurate charge off account from my credit report. 
Account Information : Creditor Name : XXXX XXXX XXXX Account Number : XXXX Date of Charge Off : XX/XX/XXXX Amount : {$4000.00} Despite providing evidence that the charge off account is incorrect, Experian has neglected its duty to conduct a proper investigation and continues to report this false information. This is a clear violation of my rights under the Fair Credit Reporting Act. 
I urge the Consumer Financial Protection Bureau to investigate this matter thoroughly and take necessary action against Experian for its non-compliance. I seek the immediate removal of this inaccurate charge off account from my credit report and appropriate penalties for Experian 's disregard for federal law. 
Thank you for your swift action in addressing this egregious violation of my consumer rights. 
Sincerely, XXXX XXXX XXXX XXXX XXXX : XX/XX/XXXX. XXXX : XXXX"
4406,"Care Credit XXXX charged {$620.00} of interest in XXXX year for a {$2000.00} charge, despite the fact that I made regular monthly payments throughout that year. I feel the company is overcharging me, and their explanations make no sense."
4407,"I am filing this complaint against USAA Federal Savings Bank due to their denial of my request to refinance a {$58000.00} personal loan, citing 'lack of income, ' despite my strong financial history with them. I applied for refinancing on XX/XX/year>, and received the denial decision on XX/XX/year>. I am a 100 % XXXX veteran with a XXXX credit score and have made on-time payments on this loan for nearly a year at $ XXXX. My goal was to refinance to lower my payment to around $ XXXX, making it more manageable and ensuring continued payments, while also freeing up funds to purchase a ranch-style barndominium home. After contacting USAAs internal customer complaint team, they stated they can not reconsider the denial and rely solely on their systems decision, offering only to note my complaint internally. As a military bank, I expected USAA to support veterans like me, especially given my reliable payment history and clear intent to maintain our financial relationship. Instead, their rigid process feels profit-driven, no different from other banks, leaving me frustrated and unable to secure a home. I seek a fair review of my refinancing request and urge USAA to consider my situation as a loyal, XXXX veteran customer."
4408,"List of accounts below has violated my federally protected consumer rights to privacy and confidentiality under 15 USC 1681. 

EQUIFAX XXXX XXXX XXXX XXXX XXXX XXXX XXXX XXXX XXXX XXXX XXXX XXXX XXXX XXXX XXXX XXXX XXXX XXXX XXXX XXXX XXXX XXXX XXXX XXXX XXXX XXXX XXXX XXXX XXXX XXXX XXXX XXXX XXXX XXXX XXXX XXXX XXXX XXXX XXXX XXXX XXXX XXXX XXXX  has violated my rights. 

I looked at my XXXX  Equifax XXXX  credit report on XX/XX/year>, and noticed some things are incomplete and not accurate. And according to the fair credit reporting act Whenever a consumer reporting agency prepares a consumer report it shall follow reasonable procedures to assure maximum possible accuracy of the information concerning the individual about whom the report relates according to 15 USC 1681 ( e ) ( b ).

And according to 15 USC 1681 5 they are suppose to do this ( 5 ) Treatment of inaccurate or unverifiable information ( A ) In generallf, after any reinvestigation under paragraph ( 1 ) of any information disputed by a consumer, an item of the information is found to be inaccurate or incomplete or can not be verified, the consumer reporting agency shall ( i ) promptly delete that item of information from the file of the consumer, or modify that item of information, as appropriate, based on the results of the reinvestigation; and ( ii ) promptly notify the furnisher of that information that the information has been modified or deleted from the file of the consumer.

and according to 15 USC 1681s-2 they are suppose to not furnish any information relating to a consumer to any consumer reporting agency if the person knows or has reasonable cause to believe that the information is inaccurate."
4409,"I submitted complaints through the consumer finance portal, you reached out to wells fargo, asked for my response, and closed the complaint. No investigation, no research, and no follow up. You reached out to Wells Fargo just as I did and they proceeded to lie and ignore the concerns as they have done with me. As a consumer protection agency, aren't you supposed to investigate??"
4410,"This company has filed a "" NOTICE OF SALE UNDER POWER '' to auction my home on the XXXX Tuesday in XXXX. Their power as "" Attorney in Fact '' was revoked due to violations of Federal Regulations 617.7010 Title 12-Banks and Banking Title part 617-BORROWERS RIGHTS Subpart A-General Item c, the borrower 's written waiver must contain a statement that the borrower was represented by legal counsel in connection with execution of the waiver.I WAS NOT REPRESENTED BY LEGAL COUNSEL IN THIS MATTER. I filed an affidavit of NOTICE OF REVOCATION OF POWER OF ATTORNEY AND TERMINATION OF ATTORNEY IN FACT on XX/XX/XXXX in the XXXX XXXX Supreme Court and mailed copies to Ocwen and their attorney, XXXX, XXXX, XXXX XXXX XXXX."
4411,"I paid off my XXXX credit card ( serviced by Comenity Bank ) in XX/XX/XXXX, but did not officially close the account until XX/XX/XXXX. Despite having a XXXX balance, I was repeatedly charged a {$37.00} late fee and a XXXX XXXX monthly charge beginning in XX/XX/XXXX. These charges continued every month, even though I was not using the card. I paid them each time, hoping the issue would be resolved. 

After I closed the account in XX/XX/XXXX, Comenity told me they could not remove the {$37.00} fee because the account was now closed. However, that fee was added AFTER I had paid the balance and closed the account. I have paid this same late fee multiple times under protest, but they continue to reapply it. 

I am requesting that all recurring fees be removed, that the account be marked closed and paid in full, and that no negative credit reporting occur due to this situation."
4412,"Wells Fargo Bank, our current mortgage holder, contacted us about refinancing our loan at a lower rate. It seemed reasonable, so we agreed. The process kept getting delayed for what seems like stupid reasons ( they contacted our employers 3 separate times to verify our employment history! ) After approval, they kept promising us the paperwork to review, but did n't send it. Finally they sent us the paperwork the day before it was due. I was out of town on business ( which they knew ), so we could n't complete the signatures in time ( with no time to review ), so they cancelled the process. They did n't offer us an extension which, after reading through the paperwork, we were entitled to do. I files a complaint with the company in XXXX 2016 for this ( and that one of the loan agents called and asked for personal information over the phone and was extremely rude when I would not give it to her ). Since that time, I receive a phone call and a form letter the XXXX and XXXX every month telling me how important our concerns are but they need a little more time for "" research ''. We both have good credit ( XXXX and XXXX ) and were seeking a refinance amount of less than 20 % of the properties value."
4413,"On XX/XX/20 XXXX in the middle of the night while I was asleep, there was a log in to my Paypal account from a device Paypal did not recognize ( as indicated by their alert email to me ). There were 2 test transactions that deposited and withdrew funds from my account at  XXXX, then proceeded with taking funds from my bank account linked to Paypal at XXXX and XXXX both were NOT done by me and NOT from my computer. These transactions were {$1800.00} & {$2400.00}. I have no prior transactions over {$500.00}. By XXXX upon logging into my email and learning about the security breach, I contacted Paypal via chat. Paypal has no phone number available to call. I filed resolution with Paypal, but Paypal insisted these were authorized transactions and consistent with my payment history and denied reversing the charges. I filed appeal again with Paypal and  they again insisted those charges were authorized. I have since filed a police report with my city ( ase number XXXX ). Paypal breached my account security and allowed money to be stolen from my account. I want Paypal to reverse my these charges and restore my account rights."
4414,I have been trying to obtain a modification of my loan with Wells Fargo since XXXX. I am a nurse who lost her job during the recession In XXXX I started working again but Wells Fargo denied my modification because they said my income was too low. My income has approved and late XXXX they approved a modification but the payment was almost the same as my previous payment of {$3900.00}. Wells Fargo tells me that the investor only allows XXXX try at a modification. My house is set for sale XXXX XXXX. I look at my modification attempt in late XXXX as a continuing XXXX because the previous amount was too high. We could not afford it. We could afford {$3000.00}
4415,"My name is XXXX XXXX, and I am writing to you regarding an issue I am experiencing with Chase Bank, which has not returned my money for the past XXXX months. 

On XX/XX/XXXX, I obtained a money order from Chase Bank for {$27000.00} to pay off my XXXX XXXX XXXX. The check was mailed to XXXX XXXX, but after 30 days, XXXX informed us that they had not received it. Out of concern, we canceled the check and planned to issue a new cashier 's check. 

XXXX conducted an investigation that took XXXX months, concluding on XX/XX/XXXX, XXXX and they had told me that I would get those funds back into my account XXXX to XXXX weeks later. However, I still have not received the funds, and it has now been XXXX weeks since the investigation concluded. As a result of this delay, I am now being sued by XXXX XXXX because I can not pay the car off without that money and my credit has been ruined due to their lack of negligence. You are assistance would be greatly appreciated as soon as possible due to the fact of being sued. 

Thank you."
4416,"I am filing a complaint against Bridgecrest Credit Company , LLC regarding a potentially predatory and abusive auto loan I received in XXXX. 

I financed a XXXX XXXX XXXX for approximately {$15000.00} through a loan serviced by Bridgecrest. At the time, the car was XXXX XXXX XXXX, and the loan was structured with an XXXX of 27.9 %, just under the 29 % limit under North Carolinas Retail Installment Sales Act. 

As of XX/XX/XXXX, despite making payments for over XXXX  years, Bridgecrest states I still owe around {$10000.00}. This suggests either misapplication of payments or extremely unfavorable amortization, possibly structured to trap me in negative equity. 

Bridgecrest has not provided a full amortization or payment breakdown upon request. I also searched the North Carolina XXXX of the Commissioner of Banks ( XXXX ) and found no record that Bridgecrest is licensed to service loans in North Carolina under the Consumer Finance Act, which may be required after recent changes in state law. 

I believe this may constitute a violation of federal consumer protections against unfair, deceptive, or abusive acts or practices ( XXXX ) under the XXXX XXXX. 

I am requesting that CFPB require Bridgecrest to : Provide a complete, transparent payoff and amortization schedule Explain how payments have been applied Confirm their licensing status in North Carolina Review the loan for possible abusive servicing or deceptive practices"
4417,"Terminated/canceled refinance without my knowledge after signing closing documents. Now have left me high and dry without a way to resolve. Was berated by the "" manager '' and was called privileged and fortunate for using there company. Missed 2 payments because of them and the way they have done business."
4418,I'm a XXXX and a client gave me a check of XXXX and he called in to verify that he is the maker of the check and after the money cleared in my account chase decided to put a freeze my account with all money in it since they think that its fraud. Even if the maker is their client they say that they don't have a number to reach him. I even went with the maker to a chase bank but the teller at the bank said that since its the back office making the problems they cant do anything and now my account is locked for no reason I have venders and employees that I have to pay them and I don't have access to MY money.
4419,PayPal closed my account for no reason and will not help me with getting it back up and going. i am not sure if this is some mistake as i assume it has to be. i have not been able to get help and them for months but i just remembered i could file a report on here as i feel they are not doing their job properly and it is effecting me a great deal as i used PayPal quite frequently. My email linked to my PayPal is XXXX.
4420,"Dear Sir/Madam, I am reaching out to seek assistance regarding a matter of check fraud that we have experienced, in which JP Morgan Chase & Co. has not provided resolution to our satisfaction. 

Details of the incident are as follows : Check Number : XXXX Check Amount : {$5900.00} Payee : XXXX XXXX The check, as mentioned above, was discovered to be forged. Upon realizing the fraud, we promptly approached JP Morgan Chase & Co., our banking institution, with all the necessary documentation and evidence. To our dismay, JP Morgan Chase & Co. has declined to reimburse the aforementioned amount, leaving us at a financial loss due to the fraudulent activity. 

We have always relied on our bank to safeguard our assets and to act promptly in our best interest, especially in circumstances involving fraud. The current lack of action on their part is not only disheartening but also questions the trust we've placed in their institution. 

We kindly request the Consumer Financial Protection Bureau 's intervention in this matter. It is our sincere hope that with your assistance, this issue will be resolved justly and promptly. 

Please find attached the copy of the forged check to aid in your investigation. We are ready to provide any further information or clarification should it be required. 
We appreciate your attention to this matter and thank you for your dedication to ensuring consumers ' rights are upheld in the financial sector. 
Warm regards, XXXX XXXX XXXX and XXXX XXXX XXXX XXXX XXXX XXXX XXXX, XXXX XXXX XXXX XXXX, CA XXXX Telephone Number : XXXX"
4421,"On XX/XX/2021, I applied for a cash-out or HELOC loan with Quicken Loans. 

On XX/XX/2021, I followed up with them to get a decision. Their agent told me that I qualified for what I was seeking XXXX $ XXXX for repairs and renovation mainly ) based on my credit, income, and longevity with the company. I told them to begin the process.

It was midway through this that I was suddenly informed that I have to completely refinance my mortgage into a much higher cost FHA loan. I currently have a Conventional loan. I explained that at no time was this disclosed and that I was not interested in a refinance, only to tap my home equity.

This is blatant bait-and-switch that borders on, and perhaps actually is, fraudulent and deceptive business.

I immediately halted the process and chose not to proceed any further."
4422,"I am a XXXX XXXX who ordered a verification of mortgage with Freedom Mortgage. I faxed in my request along with the Borrower 's Authorization. When I followed up with Freedom Mortgage the first 2 times, they had verified that they faxed the verification of mortgage to the wrong fax # twice. Finally, on my XXXX call, they faxed the verification of mortgage to my correct fax #, however, they did not include a cover letter or their company name or contact number on the fax. The verification of mortgage showed the Borrower 's name, address, loan #, interest rate, loan amount, etc., but NO mention of the Lender 's name or contact #. I called Freedom Mortgage XXXX more times to explain that the verification of mortgage was NOT acceptable because the fax could come from anyone, anywhere and not necessarily from Freedom Mortgage. Due to fraudulent activities in lending, I asked Freedom Mortgage to resend the verification of mortgage with a fax cover letter so that I can verify that the fax is coming directly from Freedom Mortgage and not somewhere else. Freedom Mortgage assured me that they are only required to show the loan # on the verification of mortgage and their name did not need to be on the form. It was their customary business practice. I insisted that they send a cover letter with the form and they assured me that it would be done by XXXX XXXX, 2016 but I still have not gotten it. I am now on my XXXX phone call with Freedom Mortgage but they can not confirm if they can resend the verification of mortgage with a fax cover letter, their name or contact # on the form. I have escalated my request with a Manager at Freedom Mortgage 3 times and they have not assured me that this will be taken care of correctly. This is not an acceptable lending practice and should be investigated."
4423,"I received a letter stating that I owe {$20.00} for XXXX issues of XXXX. I received mail from XXXX unsolicited and did not subscribe to this publication. I did not receive their magazine and am not interested. I do not owe them any money. 

The debt collectors are called : North Shore Agency XXXX XXXX XXXX. XXXX XXXX XXXX, NY XXXX Ph. XXXX ext XXXX"
4424,"THIS COMPANY VIOLATED MY RIGHTS AND THE TRUTH OF LENDING ACT THE 15 U.S. Code 1605 - Determination of finance charge ( a ) Finance charge defined Except as otherwise provided in this section, the amount of the finance charge in connection with any consumer credit transaction shall be determined as the sum of all charges, payable directly or indirectly by the person to whom the credit is extended, and imposed directly or indirectly by the creditor as an incident to the extension of credit. The finance charge does not include charges of a type payable in a comparable cash transaction. The finance charge shall not include fees and amounts imposed by third party closing agents ( including settlement agents, attorneys, and escrow and title ACCORDING TO MY CONTRACT THE FINACE CHARGE IS THE SUM OF ALL CHARGES WHICH IS XXXX THIS COMPANY DECIDED TO CHARGE ME A TOTAL OF XXXX I HAVE PICS FOR PROOF THATS A XXXX DOLLAR DIFFERENCE ON TOP THAT THE DEALER TOOK MY XXXX DOLLAR CASH DOWNPAYMENT AND INCLUDED IT IN THE TOTAL SALE PRICE WHICH IS A VIOLATION OF 15 U.S. Code 1692e - False or misleading representations AND A VIOLATION OF 15 USC 1692J Furnishing certain deceptive forms ALSO THE DEALER DID NOT DISCLOSE THE SECURITY INTEREST IN SMALL WRITING, Vehicle Code Section 11713.18 11713.21 was violated as well"
4425,"Over the past few months, Chase Bank has been in the practice of charging me insufficient funds fee over charges to my debit card and selected ACH transactions. At most times, the fees charged are over the amount disbursed by Chase Bank. I requested for a way out of the incessant charges and I was advised to choose the option that the bank would not honor any charge to my account if there are no sufficient funds to cover the transaction. This option was chosen between XXXX and XXXX 2015. ( Ca n't remember the specifics ) On the XXXX XXXX 2015, I saw XXXX charges of {$34.00} each for XXXX transactions of {$10.00} and {$6.00} each. I called the bank to have them reverse the charges on the basis that:1. I have chosen the option they offered to me not have any charge honored if there is no sufficient funds to cover it. 
2. As at the time I made those transactions, my account was in credit. 
I contacted the bank and they declined to reverse the charges, instead they went ahead to add another {$15.00} charge as extended overdraft fee. 
."
4426,"On XX/XX/year> and XX/XX/year>, two unauthorized charges totaling {$21000.00} posted to my credit card account from XXXX XXXX in XXXX XXXX. The credit card company had already identified fraud on my account on XX/XX/year> and removed smaller fraudulent charges. However, these two large charges remain on my account. I notified the company on XX/XX/year>. I have attempted multiple follow-ups. The fraud department will not accept inbound calls and has failed to return three promised callbacks. The merchant has acknowledged this was a fraudulent phone order and that it shipped to a state unrelated to me. The charges remain on my account, pushing me over my credit limit and causing a XXXX drop in my credit score due to increased utilization. I am requesting : Immediate provisional credit while investigation is pending Removal of over-limit status Removal of interest and fees Confirmation this will not be reported as delinquent The company is delaying resolution and failing to protect me from ongoing credit damage during a confirmed fraud investigation."
4427,"I applied for a modification wit h US Ba nk, and I was denied because it was stated that we needed to be in the home for  one y ear. We have been working with the lender since  XXXX   XXXX ,   XXXX  . During the process, I was sent a package, and began working with a housin g counselor.  At no time was I told I would not qualify for a program because I had not been in the home for a year. We were considering a repayment plan, but the schedule and the new mortgage payment would have been too much to handle. We continued to work with  US B ank, and on  XXXX  we received an acknowledgement letter for the modification request. Again, it is confusing that we would receive an acknowledgement letter regarding a modification when the denial states they could not offer this to us. Since we have moved into this property, we have had water bills that exceeded hundreds of dollars. We had to file a complaint to resolve the last bill of {$700.00}. There has been an increase in expenses due to this unexpected bill, which inevitably was in error. We have not been credited back for the previous amounts that were paid. We continue to fall behind and need some resolution to help us become current with the mortgage"
4428,"Leased car through Toyota financial services. At end of lease, bought the vehicle. During the time between end of lease and processing of purchase, the account kept posting new payments. TFS told me twice on phone that I did n't need to make those payments. Now that account shows as 30-60 days past due on my credit report. TFS never answer phone ; automated system says account associated with my information is closed and for unforeseen reasons, no customer support person is available to answer my call. Need the negative information removed from credit report as I never delayed a payment except when TFS told me to not make one. Disputing with credit reporting agencies has yielded nothing either."
4429,"I receive occasional inbound wire payments from the XXXX. In the past, the wire fees have been waived, as per my customer status. However, that's no longer happening. Most recently, an inbound wire received on XX/XX/23 showed the amount of USD {$530.00}. The invoiced amount was for {$550.00}. The sender assured me that they sent USD {$550.00} ; BOA 's online transaction reports clearly shows a {$20.00} fee deducted by BOA ( see attachment # 1 "" Fee '' ), as does the mailed BOA advice ( see attachment 2 "" BankLet '' ). 

My "" banker '' at the XXXX XXXX XXXX office has not responded, but in the past has also failed to reverse these charges, instead pointing to a {$16.00} or {$17.00} "" fee reversal '' numbers that seem rather random. However, as you can see ( see attachment # 3 "" Online '' ), the supposed reversal does not change the balance. Thus, it never happened. Pure window dressing. 

Failure to reverse fees, as promised by the bank, can constitute consumer fraud. That would be an especially unwise thing to do at a moment like this. But it may also suggest that BOA is experiencing severe liquidity problems."
4430,"I received communication dated XX/XX/2021 congratulating on opening a checking account with Comerica Bank. I also received copies of sample checks and deposit slips with an account number. Upon receiving this letter, I immediately contacted their office and said I never opened up any account with them. I was told someone would contact me within 24 to 48 hours. I did not get a return call. I called again and they transferred me to their fraud division and left a voice mail for XXXX XXXX XXXX XXXX x XXXX. I was told that the account was closed. Again, 2 days later still no return call. I called again, left another message. His voice mail just keeps saying hes in the office but said if he wasnt there and for immediate attention to call XXXX XXXX XXXX XXXX x XXXX. I contacted her and again received voice mail which stated for immediate assistance contact XXXX. 

On Saturday, XX/XX/2021, I received Your Comerica Access Checking Statement. 

I believe both of these individuals who do not return calls, are part of this scam. This has gone on for too long now. Im asking for your intervention."
4431,"Back in XXXX, GM Financial overcharged my account, causing me to be over drawn the entire month. Part of the agreement was not only for them to provide assistance, but that I would not be locked out of the system again and only being called by a person after work. They continued to call me and called so many times in one day, that I lost my job in XXXX. Not only that, I have been locked out the system so I can not make payments. This is exactly against our agreement and at this time, they need to dismiss my loan."
4432,"I turned XXXX in XX/XX/XXXX. A XXXX XXXX monthly fee began charging to my checking account that month, increasing to $ XXXX in XX/XX/XXXX. No other transactions were on this account. The fees totaled {$75.00} and overdrew my balance to - {$0.00} in XX/XX/XXXX. I called on XX/XX/XXXX to request a full refund of the maintenance fees. I told them that I did not receive a notification that my account was charging fees. When I opened my account, the maintenance fee was waived due to my age. The rep claimed an account notice was sent in XXXX or XXXX -- I asked for a specific date but they were not able to provide XXXX. I found XXXX email from XX/XX/XXXX titled 'Everyday Checking is changing ' but the subject line doesn't mention fees, and it was sent alongside multiple promotional emails the same week. Based on the subject line in the email, it was indistinguishable from a marketing email. The only account alert I received was on XX/XX/XXXX notifying me my balance was already negative XXXX months after maintenance fees had started. Wells Fargo sent dozens of promotional emails in this period but made no clear effort to communicate a new recurring maintenance fee. The rep refunded only {$10.00} of the {$75.00} charged to me in maintenance fees. Under the Truth in Savings Act ( Regulation XXXX, XXXX XXXX XXXX ), Wells Fargo is required to provide clear and conspicuous advance notice of changes that adversely affect consumers, such as new fees. The only possible notice an email titled 'Everyday Checking is changing ' on XX/XX/XXXX did not clearly state a fee was being imposed. It was indistinguishable from the dozens of promotional emails Wells Fargo sends monthly. This does not meet the 'clearly and conspicuous ' standard required by federal law."
4433,"Today, I came across inaccurate accounts listed on my credit report, which was unexpected and confusing. I routinely check my report, but this time there were unexplained discrepancies. I tried reloading the page in case it was a glitch, but the errors persisted. Therefore, I respectfully ask that the documents Ive submitted be reviewed closely so I wont have to continue worrying about this matter."
4434,"Dispute with XXXX for negative effect on credit for services not rendered or incomplete, equipment returned to facility. 

XX/XX/XXXX. XXXX service installation appointment made XX/XX/XXXX XXXX technician tried to install service ( unsuccessfully ) XX/XX/XXXX ( same Day of install ) all equipment returned to local facility due to incomplete new service or install. representative stated that was all that was needed and account will be credited and deactivate. 
XX/XX/XXXX, XX/XX/XXXX statements continued from XXXX for a amount of {$830.00} owed. 
XX/XX/XXXX contacted XXXX customer service they state equipment is missing XX/XX/XXXX notice of account in collections for amount of {$740.00} XX/XX/XXXX sent certified mail letter to XXXX XXXX in regards to this matter. 
Continued notices for collections and certified mail with copies of equipment returned and dates provided. 

XX/XX/XXXX notice from XXXX XXXX XX/XX/XXXX from XXXX XXXX XXXX XX/XX/XXXX notice from XXXX XXXX as of XX/XX/XXXX i am still receiving notices in collections. 

This is an ongoing issue i have tried to fix this issue several times but accounts keeps changing in hand to a different collections agency. I again returned equipment to local facility, person at facility stated that was all that needed to be done account will be deactivated and credited. This was all with in 30 days of new installation or service, technician had difficulty installing service in the home, installation Issue was never resolved. 

This has effected my credit rating and score negatively."
4435,"Experian has continued to violate the FCRA by continuing to refuse in deleting incorrect as well as inaccurate information from my reporting. I am not asking for another dispute or investigation, I want this inaccurate information removed from my credit, XXXX just removed this account based on the information they received from E Oscar & I know this is the same data furnisher theyre using. It is against the law to continue to report information that shouldnt be on the report."
4436,"I am writing to file a formal complaint against Santander Bank regarding an ongoing issue with my credit card account. 

In XX/XX/2024, I submitted a claim for {$310.00} related to a product that I was promised but did not receive. Santander Bank credited my account with this amount on XX/XX/2024 ( based on my cc statement, there is no post date for this refund credit ). However, on XX/XX/2024, the credited amount was reversed, and I was recharged the same amount. 

Since then, I have repeatedly contacted Santander Bank 's customer service to reopen the dispute. I was instructed to email XXXX with documentation supporting my claim, which I did on XX/XX/XXXX and again on XX/XX/XXXX ( attached below ). Despite this, my issue was not resolved. When I attempted to file another dispute over the phone, I was informed that the case could not be reopened because it was marked as resolved. 

Frustrated, I informed the representative that I would escalate the issue to the Consumer Financial Protection Bureau. Subsequently, on XX/XX/2024, I was contacted by a supervisor named XXXX. She assisted me in filing a new dispute and agreed that the transaction should be credited back. However, the case was later closed with the explanation that it was "" more than 120 days '' since the original claim, implying that it was now ineligible for resolution. 

This entire process has been fraught with inefficiencies and poor communication from Santander Bank 's customer service. Their inability to address and resolve this issue in a timely manner, coupled with their refusal to credit the amount back to my account, is both frustrating and unacceptable.

I am requesting the Consumer Financial Protection Bureau 's intervention to ensure that this matter is resolved and that Santander Bank addresses its customer service failures. 

Thank you for your attention to this matter."
4437,"Equifax has reported the below accounts to my consumer report. This is a violation of my rights pursuant to 15 U.S. Code 1681b ( a ) ( 2 ). I never gave Equifax any written instructions to do so. Equifax has also failed to exercise its grave responsibility to respect my right to privacy for its profit. The reporting of this information has ruined my representation as a consumer in commerce. It has made it difficult to purchase a home and receive above-par medical treatment as a living human being. 

In accordance with the Fair Credit Reporting act XXXX XXXX XXXX XXXX, XXXX XXXX XXXX XXXX, XXXX XXXXXXXX XXXX  XXXX XXXX, XXXXXXXX XXXX  XXXX XXXX, XXXX XXXX XXXX  has violated my rights. 
15 U.S.C 1681 section 602 ( a ) ( 4 ) : States I have the right to privacy.

15 U.S.C 1681b Section 604 ( a ) ( 2 ) : It also states a consumer reporting agency can not furnish an account without my written instructions"
4438,"This involves LEXISNEXIS reporting agency. I have requested a copy of my report several times from this company. I get a summary, and a "" link '' to view the report online, and it generates a password-protected, one-time access report. I am unable to print the report, or view it due to their archaic system. What I *DID* see contained many errors. When Incall the company, I am connected with an offshore call center in the XXXX. Foreign nationals should NOT have access to the private information of US Citizens, and I would suggest that this violates the intent AND spirit of the FCRA. I have been trying to get a hard copy of my LN report since XX/XX/2020, with no success."
4439,"Hello my name is XXXX XXXX filing a complaint on a loan company called California Check Cashing on XXXX XXXX, CA. I just had a baby, so I am having a little hard times right now especially with hours being cut at my part time job. So, I decided to get fast money by taking out a pay day loan. My baby boy needed a few things. I was approved for {$200.00}. My loan is due XXXX XXXX, 2015 of {$230.00}. I have been calling since the XXXX trying to get a payment plan like they let me do last year in XXXX, because hours got cut even more because of seasonal hiring. The loan company refuses to allow me to do a payment plan. They told me I can only do it once a year and I did it last year, this is 2015 now. Mind you I pay all my payday loans back on time and I am a regular custimer there and they refuse to work with me. I asked to speak with a manager or supervisor she refused to ransfer the call. Very bad customer service there."
4440,"Deceptive practices : My Auto loan XXXX XXXX XXXX XXXX financed thru Bridgecrest XXXX. Payment was due XX/XX/XXXX but Bridgecrest deferred payment until XXXX XX/XX/XXXX. I have proof of deferred payment notification. On XX/XX/XXXX XXXX XXXX  Bridgecrest repossessed my auto. I called Bridgecrest and they denied repossession. The Bridgecrest app downloaded on my phone showed repossession in process, with the deferred payment still due XX/XX/XXXX, but customer service continue to deny the repossession. Two days later Bridgecrest deleted the repossession in process from the app, but continued to show deferred payment due XX/XX/XXXX. Ive verified that my auto is being held at a towing repossession yard.

Predatory Practices : Bridgecrest added XXXX XXXX, XXXX XXXX, XXXX XXXX to my loan and said it was a condition for loan approval. Theyve violated the Truth in Lending law for Pennsylvania because for interest rates on vehicles that are over two years old.Annual percentage rate XXXX ; Finance Charge {$20000.00} ; Amount Finance {$24000.00}"
4441,"I did a Modification in XXXXXXXX XXXX XXXXXXXX. The interest rate is 4 % for the life of the loan. In XXXX they started charging me 5.125 % I called them 12 times now. Everyone agrees Im correct but they refuse to correct it. I stopped paying my mortgage in XXXXXXXX XXXX XXXXXXXX until they fixed it. Now they are sending threatening letters. I have the money to pay them, but 8 months was plenty of time to fix this. I have all the phone conversations recorded if you guys need them. I attached the modification, please see page 2 paragraph 2. I also attached a statement showing the illegal interest. They take no responsibility then threaten me. This is not right and they should be held accountable."
4442,"In XXXX of 2017, Equifax had a security breach that has put my personal data, as well as the data of millions of Americans, at risk. In addition, prior to making the data breach known to the public, several executive leaders of the aforementioned company sold millions of dollars in company shares, which is the textbook definition of insider trading."
4443,"XX/XX/XXXX a payment of XXXX was made to my bank of America credit card account. On XX/XX/XXXX the payment was posted to my credit card account. On XX/XX/XXXX bank of America withdrew XXXX from my checking account two weeks after posting my payment. 
I first contacted boa on Monday XX/XX/XXXX then again on XX/XX/XXXX and again on XX/XX/XXXX. Boa still hasn't returned the unauthorized withdrawal of my funds. They say. It has to go through a process. They have had more than three days to return my funds but refuse to do so. Please help me."
4444,"I sent a validation letter to XXXX XXXX XXXX for them to verify this alleged debt in the amount of {$290.00} from XXXX per their correspondence. This letter was mailed to them on XX/XX/2024. 

I received a letter from Jefferson Capital Systems dated XX/XX/2024 acknowledging receipt of my letter for validation. the letter stated that they would cease collection activity until verification of the debt was provided to me. Also, that they request the consumer reporting agencies to delete this account from my credit file. 

As of today, XX/XX/2024, I have not received validation of this debt from XXXX XXXX XXXX  and the debt is still being reported by XXXX. XXXX XXXX has violated my rights under FCRA, due to them not ensuring this debt is not being reported by all of the credit bureaus they submitted it to."
4445,"XXXX XXXX XXXX XXXX LAKESIDE PL XXXX CA XXXX SSN : XXXX XXXX XXXX. Box XXXX XXXX, TX XXXX According to the Fair Credit Reporting Act, you are required by federal law to verify-through the physical verification of the original signed consumer contract -any and all accounts you post on a credit report. Otherwise, anyone paying for your reporting services could fax, mail or email in a fraudulent account. 
I demand to see the Verifiable Proof ( an original Consumer Contract with my Signature on it ) you have on file of the accounts listed below. Your failure to positively verify these accounts has hurt my ability to obtain credit. Under the FCRA, unverified accounts must be removed and if you are unable to provide me a copy of verifiable proof, you must remove the accounts listed below. 
I demand the following accounts be verified or removed immediately Name of Account XXXX XXXX XXXX Provide Physical Verification Creditor 1 XXXX C/O XXXX XXXX XXXX UNKOWN XXXX XXXX  XXXX XXXX, SC XXXX"
4446,"Someone posed as my banks fraudulent department after I had opened disputes of unauthorized charges on my account. Someone stole money from my account. Some how they had my username and password and the bank XXXX Current XXXX, allowed them to transfer money from my bank account to another bank account under them as well after seeing that someone logged into my account from a different device which I received the emails and they still let it happen. I would never use a different device to log into my banking app and to resolve the issue they want to take 10-90 days to resolve the issue and I was left with no money at all, not for food, gas to get to work they didnt care to resolve my issue fast enough. They sent me a new debit card I havent even received yet I dont even know the card number for the new card and someone tried using it already they dont have my account protected and they cant protect my funded if its that easy to get into and steal my money."
4447,the credit card capital one was open with out my concern my information was use to open this credit card and few other things that i didnt do i reported it to them and i also told them it was not me that my informations was use to open it
4448,"Since XX/XX/2022 Venmo has frozen my account without notice after an error occurred within the app when I tried to add a new bank account ( the error was on their end, not mine, and I assume it has something to do with the API they have with XXXX  ). The total amount they are currently withholding from me is {$740.00} and will not let me take the money out of their app/account. I have tried contacting their customer service department multiple times and they tell me there is nothing they can do. Per their website, I should have received an email to work with a representative to get my account unfrozen. I never received an email and it is still frozen due to an error on their end. I called PayPal to figure out what is going on and they told me my best option is to file a formal complaint here. At this point, I want nothing to do with Venmo and would like to get my money out of it and close my account for good. This app was how my partner and I would split bills, and we really struggled to pay our mortgage this month because such a large amount of my money was withheld from me. Luckily, we are fortunate enough to have people in our lives that were willing to help, but imagine if we didn't. I am hoping that by making this complaint I will prevent someone less fortunate landing in this same situation. The last person I spoke to at Venmo said it could take up to three weeks to get an email ( after the first person I spoke to said it would take 6-7 days ). I don't know what else to do, this is my last resort."
4449,"On XX/XX/year>, I initiated a {$300.00} USD international transfer through Wise ( Transfer # XXXX ). Wise confirmed receipt of the funds. The transfer has been stuck in sending paused and verification status for several months. Current status : Wise has received the funds The transfer has not been completed The funds have not been returned The system does not allow cancellation ( transfer can not be cancelled ) I have provided all requested verification documents Wise is holding my funds without completing the transfer or returning the money. I previously filed a complaint, and the company responded without addressing the actual issue, stating only that the account type was not eligible. The funds remain held and inaccessible. This is a funds access issue. I can not complete the transfer, cancel it, or recover the money."
4450,"We currently have a mortgage with Cardinal Financial Company , Limited Partnership. We purchased our home XX/XX/XXXX. Our initial mortgage payment was {$2300.00}. We filed our homestead for the property taxes in XX/XX/XXXX which was {$2100.00}. The company analyzed our escrow account in XX/XX/XXXX stating it was short due to the property taxes going to be {$2900.00}. The amount was {$2900.00} but when we filed homestead it came down to the {$2100.00}. We forwarded the necessary paperwork to the company showing that the payment was {$2100.00}. They confirmed that they received it ; however they stated that the paperwork wasn't sufficient enough. They took our mortgage payment up to {$2400.00} and we started that payment in XX/XX/XXXX. We continued to make our payments. In XX/XX/XXXX they paid the {$2100.00} for our property taxes instead of the {$2900.00}. But in XX/XX/XXXX they analyzed the escrow again by anticipating that the property taxes would be {$2900.00} for the XXXX year. We contacted them on today XXXX XXXX and was told we have to submit the homestead paperwork every year. In the State of MS , you only have to file homestead once. They are over charging our escrow account and owe us a refund."
4451,"I had a Home Depot account that had been closed by Home Depot due to inactivity. The account was re-opened fraudulently without my knowledge, and a charge was made at a store far from my home store. I only noticed when Home Depot collection calls came in. I immediately let them know that this was fraud, and also created an online profile to notify them of the fraudulent charges on XX/XX/XXXX. Home Depot 's fraud department is not responsive, and at first refused to close the account or remove the charges. I visited Citibank, the main bank that owns this credit card, and they had to call the Fraud Department. Finally, today, XX/XX/XXXX, the main charge is removed from my account, but Home Depot is not removing the late fees and interest charges related to the fraud. The Fraud Department hangs up on me or is closed, and Home Depot has been very difficult to deal with."
4452,"XX/XX/XXXX- converted existing Capital One credit card ( limit {$8500.00} ) to a Capital One Venture Card. Converted because part of the offer listed in the bullet points in my online user portal was an offer of a XXXX mile bonus if I charged a least {$4000.00} within the first three months of having the card. 

XX/XX/XXXX - still had not received any further information or indication of the offer being "" live. '' Called Capital One customer service. First person I spoke with said she couldn't find the offer, put me on hold, and hung up on me. Called again. Second person I spoke with put me on hold several times and finally told me that because I saw the offer in my online portal, they were going to honor it. He said he was transferring me to someone to be sure the offer was activated. The next person who came on the phone proceeded to tell me that they would not honor the offer. The call was RECORDED- please access the company 's recording to confirm that this is what he told me. Again, this call was recorded by Capital One. The call happened on XX/XX/XXXX beginning at XXXX XXXX  Central time and ending at approximately XXXX XXXX  Central Time. There is no refuting a recording. 

I would like to receive the offer that was given to me in order to entice me to convert to a Venture card. By converting to this card my annual fee was increased, but it was worth it due to the bonus offer. The company is trying to not honor the offer it gave to me online, and that it then promised to me on the phone in this phone call. This is deceptive as a business practice."
4453,"On XX/XX/2021, I contacted WELLS FARGO regarding a couple of transactions that were completed on my account ending in XXXX that was unauthorized by me, the first amount was for {$500.00} on XX/XX/2021 and the second on XX/XX/2021 in the amount of {$500.00} I call and filed a complaint and was told that these funds would be refunded back to my account in several days from the time of my complaint, however, it has been more than a week since I have filed my complaint and as of XX/XX/2021 I still haven't received my funds back into my account. I called them this morning regarding the fraudulent transactions and was given an unsatisfying conclusion to my case. it seems that WELL FARGO works alongside the people who are stealing my hard-earned funds and disregard me as a customer. WELLS FARGO does not protect their costomers."
4454,"They did not warn that a hold would happen during the transaction and as soon I clicked send it put a hold for a week, then the date changed to later and then they did not deliver on the promised date. I have not received my {$1000.00} yet"
4455,"I continue to be late due to my due date. I've requested in writing per their customer service that my date be moved to the XXXX. It's been rejected and the reason I'm told it's rejected is because of late fees and not being current. Well, I can't get current because as I've explained in the letter to them I get paid on the XXXX and the XXXX. My rent, loan, electric, water, and gas are all due on the same day. I will never, not ever be able to pay all of this on the XXXX. So even though I've explained this over and over they continue to leave it and hit me with late fees."
4456,"I have had several problems with unauthorized transactions on my checking account. I have purchased a special wallet to deflect thieves and carry large amounts of cash to decrease my card use ; finally, I check my balance regularly due to all the problems. On or about XX/XX/year>, I noticed an unauthorized use of my debit card charge totaling {$59.00}, on XX/XX/XXXX, just days after receiving a new card to replace the prior card from being hacked. I immediately called the bank, shut down my card, and requested another card. Several, a conservative estimate, times that this happened before, my money was reimbursed and I received a letter explaining that. this time, however, they said I was liable for the {$59.00}. I have called at least XXXX times and 4 times, I was mailed the same exact letter. After several requests, I was able to escalate my case to an XXXX XXXX  in early XXXX. XXXX left me a voicemail on XX/XX/XXXX saying that XXXX or XXXX would be calling me with information. I received no calls and I received no response when I attempted to reach out to XXXX. I was able to find out that the point of purchase was miles away from where eyewitnesses can attest to my whereabouts. PNC 's EXPLANATION OF DETERMINATION SAYS Transaction Details And Customer 's Historical Pattern Of Use on all 4 of the letters sent. I want my account refunded and/or a reasonable explanation that actually makes sense. I believe that I have a case number XXXX with PNC. Thank you for your attention in this matter. XXXX XXXX"
4457,"XX/XX/year> - XXXX $ 's XX/XX/year> - XXXX $ 's XX/XX/year> - XXXX $ 's XX/XX/year> - XXXX $ 's XX/XX/year> - XXXX $ 's XX/XX/year> - XXXX $ 's XX/XX/year> - XXXX $ 's XX/XX/year> - XXXX $ 's XX/XX/year> - XXXX $ 's I've previously had interactions with this vendor before, but someone logged into my account unauthorized from a different state I have the email of when that happened. I posted it to the fraud investigation team as well. They came back with results after under 24 hours. And denied all claims. I have videos of me in my house sleeping at the same time that the transactions happened. I do not live in Pennsylvania or anywhere near there so this login and activity on the account shortly after is not a coincidence I have multiple pictures of logins from out of my state and then shortly after them using my card that is saved to website."
4458,"XX/XX/XXXX ; 2020 I refinanced my mortgage that had been with XXXX loan servicing. On XX/XX/XXXX I called there customer service number XXXX inquiring about my escrow refund. I was told it was in the mail. I have called and spoke with a rep 6 times since then, verified correct mailing address, and I am still being told check is in the mail. 
I am a XXXX XXXX patient requesting only what is legally mine! 
I have little doubt that this refund was never put in the mail. I can not even obtain a statement from these people, let alone my refund."
4459,"I am a member of TXXXX XXXX XXXX XXXX XXXX. We are a Federally Recognized Tribe within XXXX XXXX. Under the US Treaty of 1855 we are a Sovereign Nation within the US. and not required by law to own a State Business License. 
I opened an account with Chase Bank on XXXX XXXX XXXX, Wa. on XX/XX/2020 XXXX XXXX XXXX XXXX. 
I was approved and received an Economic Injury Disaster Grant. My Grant was deposited into my private account on XX/XX/2020. 
I have a XXXX XXXX  with my XXXX XXXX  and have had this for many years. Chase Bank has decided I am not legally eligible to receive this Grant under my private account and refuses to release my funds.

The SBA Loan officer who approved my Grant has stated I am in fact eligible and the Bank can not withhold my Grant. 
Because I am a XXXX XXXX XXXX I feel I am being discriminated against and that the laws meant to protect me as a US citizen are being ignored by Chase Bank."
4460,"I am filing a complaint against Cash App ( Block, inc. ) due to inadequate customer service and unfair practices, which violate the Consumer Financial Protection Act ( CFPA ). Specifically, Cash App failed to take timely and effective to prevent and address fraud on their platform, leaving my account vulnerable and unprotected. Furthermore, their dispute resolution process was unfair and deceptive, as they did not comply with error resolution requirements under the Electronic Fraud Transfer Act ( EFTA ) and Regulation E. These actions have caused significant inconvenience and financial loss, and I seek appropriate redress for these violations."
4461,Bloomingdales/CBNA citibank there reporting on XXXX XXXX XXXX  I never opened an account with them i believe its fraud identity theft or mistaken identity. I would like it removed/deleted its affecting my credit score and financial goals. Ive tried to dispute multiple times they keep leaving it there. Account says opened XXXX XXXX XXXX XXXX XXXX XXXX credit limit XXXX closed. I call the number on the report it says macys im confused. that number reporting is XXXX
4462,"I used a link or some form of advertisement to open a new account with Chime with the understanding that by linking my direct deposit and using their debit card I would receive XXXX  XXXX amount back per monthly qualifying XXXX XXXX and XXXX % percent up to XXXX  XXXX amount from using my Chime Debit card on qualifying purchases within XXXX  days of account opening OR within XXXX days of activating the card. 

I contacted Chime via phone call and app chat, the only forms of communication available leaving me with no on-the-record protection against misadvisement, and received incredibly varying responses on new account bonuses including "" {$350.00} simply for opening a new account '' ( phone call communication ), and in XXXX chat session was advised that I could receive a combined total of {$500.00} via {$350.00} qualifying direct deposits and {$150.00} qualifying debit card purchases. I have screenshots of the chat communication."
4463,"Every time I make a payment on-line or by phone I am charged a fee. {$5.00} or {$15.00} My mortgage was originally with XXXX XXXX XXXX XXXX XXXX XXXX XXXX. I received a Loan Modification sometime in XXXX which wasn't much of a modification because I DID NOT receive a permanent relief as many years were added to the mortgage and I received a step interest rate which allows the interest rate to revert to the original interest rate. Notwithstanding this, XXXX SOLD my mortgage to SPS Servicing, which has very few options for payments without a fee. 

Lately I was told that if I make the principal and interest payment alone, I will not be reported late to the Credit Reporting agencies, but that was after reporting me late for XXXX. This has caused a decline in my credit score of about XXXX XXXX. ( I also do not have the option to make partial payment on-line but have to do a phone payment which is costing me {$1500.00} each time Please investigate this for me. Thanks"
4464,"XXXX, XXXX and Trans Union is reporting a debt from XXXX XXXX, XXXX. I have already provided proof that the debt is more than XXXX XXXX XXXX, in XXXX of XXXX. Now in XXXX the old information reappears on my credit report causing severe harm."
4465,My loan payments are super high. Over {$1400.00} a month. There is no way a payment can be made at that amount wirh having medical bills as i have and a XXXX in college and being a single parent. My loans are all over the place and going into collections at different times of the month in a year. I finish paying a rehabilitation program for one and i call for a status and the other XXXX go into default and I 'm back in square one.
4466,"Pursuant to 18 USC 8, I owe no debt, this company violating my consumer right to privacy pursuant to 15 USC 1681 b2. company has also no permission to report anything using my info pursuant to 15 USC 1681 4."
4467,"Someone opened a fraudulent debit card with Cash app in my name in XX/XX/XXXX with the incorrect address. When I contacted Cash App, they told me that they would investigate, but would not follow up with me and would not guarantee that the account in my name would be closed even though I asked it to be closed. Then XX/XX/XXXX I received a XXXX in the mail from Block Inc XXXX Cash App so I immediately contacted them to file yet another fraud claim and they said they could not help me unless I spoke to the police. So I filed a police report, then Block Inc, XXXX cash app said that the police could contact them, but they would not be able to help me"
4468,I was a victim of fraud and I informed my credit card company of the fraudulent charge made on my account XXXX   months ago. I then petitioned them for a full refund after said investigation providing them a copy of the police report in which the whole case is laid out. After providing them with everything they requested they refused to investigate and remove the fraudulent charges from my account. This has impacted my credit score greatly and my ability to pay my bills.
4469,"My vehicle was repossessed by Westlake Financial Services and was returned to me with significant damage that was not present before the repossession. The damage occurred while the vehicle was under the company 's control during the repossession process. After discovering the damage, I obtained a professional repair estimate documenting the cost to restore the vehicle. I also collected photographs of the damage and an auction acknowledgment document supporting that the damage occurred while the vehicle was in the company 's possession. On XX/XX/year>, I sent Westlake a Formal Demand for Compensation by U.S. Certified Mail, including the repair estimate, photographs, supporting documentation, and a request that they investigate the damage and compensate me for my losses. Despite receiving my correspondence, the company did not provide a meaningful response or resolve the matter. On XX/XX/year>, after making additional good-faith efforts to resolve the issue, I sent a Final Notice Before Legal Action by U.S. Certified Mail. In that letter, I again requested compensation for the vehicle damage and provided an opportunity for the company to resolve the matter without litigation. As of the date of this complaint, I have not received a satisfactory response. I have made every reasonable effort to resolve this dispute directly with the company before filing this complaint. I am requesting that Westlake Financial Services accept responsibility for the damage that occurred while my vehicle was in its possession, reimburse me for the documented repair costs, and provide a written response explaining the outcome of its investigation and the basis for its decision. I am submitting supporting documentation, including photographs, the repair estimate, certified mail receipts, and copies of my correspondence, with this complaint."
4470,"I sent in my loss mitigation packet on the XXXX of XXXX. On the XXXX th of XXXX i received confirmation via email from XXXX XXXX stating that my packet was accepted as complete and in review. I receive this information via mail from us bank on the XXXX th of XXXX, this is more than the 5 days allotted for this to happen legally. I filed a complaint with XXXX and was told tha ti needed more information, this is saying that i should have received this information on the XXXX th of XXXX but i did not. I had contacted XXXX on XXXX, and several after and did not find out that i needed the information until XXXX. I immediately sent in the information via email to XXXX and was told that i was once again in review, more than 30 days after my loss mitigation packet had originally been put in review. This company is not completing my packet in a manner that is deemed timely by the law."
4471,"In accordance with the Fair Credit Reporting act. The List of accounts below has violated my federally protected consumer rights to privacy and confidentiality under 15 USC 1681. 

Account Name : XXXX XXXX  : Account Number : XXXX Account Name : XXXX : Account Number : XXXX Account Name : XXXX XXXX  : Account Number : XXXX Account Name : XXXX XXXX  : Account Number : XXXX Account Name : XXXX : Account Number : XXXX Account Name : XXXX XXXX  : Account Number : XXXX And lists of unauthorized inquiries that don't have PERMISSIBLE PURPOSE to be on my credit report XXXX XXXX XXXX XXXX XXXX XXXX XXXX XXXX XXXX XXXX XXXX XXXX XXXX XXXX XXXX XXXX XXXX XXXX XXXX XXXX XXXX XXXX XXXX XXXX 15 U.S.C 1681 section 602 A. States I have the right to privacy. 

15 U.S.C 1681 Section 604 A Section 2 : It also states a consumer reporting agency can not furnish a account without my written instructions 15 U.S.C 1681c. ( a ) ( 5 ) Section States : no consumer reporting agency may make any consumer report containing any of the following items of information Any other adverse item of information, other than records of convictions of crimes which antedates the report by more than seven years. 

15 U.S.C. 1681s-2 ( A ) ( 1 ) A person shall not furnish any information relating to a consumer to any consumer reporting agency if the person knows or has reasonable cause to believe that the information is inaccurate"
4472,"In late 2020, my phone and SIM card were stolen. The person who stole it accessed my mobile account and made unauthorized charges using XXXX XXXX service. As a result, a charge of {$1100.00} was added to my account. 

I contacted XXXX and explained that only one month of service was legitimately mine, and the rest were fraudulent charges made after the theft. Despite this, they did not correct the balance and instead transferred the full amount to collections. 

Eastern Account System is now reporting the full {$1100.00} as a collection on my credit report. I formally disputed the charges with both companies and provided the necessary information showing that the majority of the debt was unauthorized. 

Even after the dispute, neither company has removed the fraudulent charges or corrected my credit report. I am only responsible for a single month of service, and Im asking for help getting the incorrect balance removed."
4473,"recently, I did an investigation on my credit report which cause me severe XXXX. 
finding out that there's incorrect, invalidated, inaccurate, unverifiable, and questionable items on my credit report that your agency didn't make sure was 100 % correct. 
in accordance with the fair reporting act. everything has to be 100 % accurate on my credit report and under 15 us code 1681e ( b ) and 15 us code 1681i ( 5 ) these accounts are in violation of not reporting 100 % accurate.

as well as, 15 us code s-2 responsibility of furnishers 15 us code 1681i ( 5 ) ( b ) reinsertion of deleted item 15 us code 1681i ( 2 ) ( i ) ( ii ) procedure in case of disputed accuracy which are also in violation of my rights under the fair credit reporting act? 

the credit reporting agency stated that these accounts were properly investigated and come back as verified. however, how is this true when there are several inaccuracies showing on my credit report, causing me XXXX, XXXX, mental health issues and financial hardship. 

as a consumer, I respectfully request to know all the steps your agency took to insure that all these accounts are 100 % accurate. 15 us code 1681i ( 7 ) method of verification- description of reinvestigation process RESOLUTION as a consumer and American citizen, by law my credit report must be made 100 % accurate immediately which is in the best interest of justice. i respectfully ask that the credit reporting agency update with 100 % accuracy and/or delete all the inquires, inaccurate information and fraudulent accounts listed in my complaint. 
please and thank you. 

I have also filed an identity theft report with the federal trade commission to protect my consumer rights. 

identity report and federal trade commission reference number. 
# XXXX"
4474,"On XX/XX/2021, I submitted a written request to Experian, XXXX, and XXXX asking that they remove the inaccurate addresses and jobs listed on my credit report. I also provided them with appropriate information which verifies my identity and also verifies my address. I also understand that Exeprian, XXXX, and XXXX must contact me within 30 days to either notify me of the results of my request or provide me with an updated copy of my credit report. They have failed to do any of the above. Per the Fair Credit Report Act, ( b ) Reasonable procedures. It is the purpose of this title to require that consumer reporting agencies adopt reasonable procedures for meeting the needs of commerce for consumer credit, personnel, insurance, and other information in a manner which is fair and equitable to the consumer, with regard to the confidentiality, accuracy, relevancy, and proper utilization of such information in accordance with the requirements of this title. '' As reflected, Experian, XXXX, and XXXX is reporting inaccurate information which is against the law. 

Please delete the following addresses and jobs as they are inaccurate : XXXX XXXX XXXX XXXX XXXX  MD XXXX XXXX XXXX XXXX XXXX XXXX XXXX XXXX, MD XXXX XXXX XXXX XXXX XXXX XXXX, De XXXX XXXX XXXX  of MD Please list my address as the following : XXXX XXXX XXXX XXXX XXXX XXXX XXXX, MD XXXX Please list my job as the following : XXXX XXXX XXXX XXXX XXXX XXXX XXXX XXXX XXXX 

I have attached all letter that were sent to Experian and also follow up letters that were sent to them as well with certified receipts. Please"
4475,This account is involved in litigation fraudulent charges made against this I have no knowledge of this and I have been getting threatened to get my credit damaged and impacted I have been getting harassed
4476,"Hi, I can't believe you guys are taking advantage of me. I AM VERY UPSET the credit bureaus have not responded back to me about my investigation. I sent a letter, it's more than 60days. I need these accounts deleted or updated. These are the items I demanding to be deleted immediately : 3. Misleading False Reporting This account is negligently and inaccurately reporting failing to comply to 15 USC 1681 XXXX XXXX XXXX Account Number : XXXXXXXX  Delete the account for failure to perform an investigation per FCRA regulation. Inaccurate information still shows on my report 4. Misleading False Reporting This account is negligently and inaccurately reporting failing to comply to 15 USC 1681 10 XXXX XXXX XXXX Account Number : XXXX Delete the account for failure to perform an investigation per FCRA regulation. Inaccurate information still shows on my report 5. Misleading False Reporting This account is negligently and inaccurately reporting failing to comply to 15 USC 1681 XXXX Account Number : XXXXXXXX  Delete the account for failure to perform an investigation per FCRA regulation. Inaccurate information still shows on my report 6. Misleading False Reporting This account is negligently and inaccurately reporting failing to comply to 15 USC 1681 XXXX XXXX Account Number : XXXXXXXX  Delete the account for failure to perform an investigation per FCRA regulation. Inaccurate information still shows on my report 7. Misleading False Reporting This account is negligently and inaccurately reporting failing to comply to 15 USC 1681 XXXX XXXX  Account Number : XXXXXXXX  Delete the account for failure to perform an investigation per FCRA regulation. Inaccurate information still shows on my report"
4477,"An auto loan with US Bank was on autopay. The banks system suddenly didnt recognize an account and instead of notifying me in a timely fashion, they called me on day 29. I paid that day but it wasnt processed for 3 days and the account was reported as over 30. This contradicts what they told me."
4478,"Dispute was submitted to collection company on XX/XX/2020 for outstanding balance {$280.00}. XXXX XXXX has failed to remove account. Dispute was submitted to collection company on XX/XX/2020 for outstanding balance of {$1800.00}. Consumer Adjustment CO has failed to remove account. Dispute was submitted to collection company on XX/XX/2020 for outstanding balance $ XXXX.XXXX  XXXX XXXX has failed to respond. These charges are fraudulent, I am a victim of identity theft."
4479,"I am posting this under Deposits and Withdrawals, but it should go into the Problems Caused by My Funds Being Low because these issues mostly affect those of us who live paycheck to paycheck. I have many years of experience dealing with this fraudulent bank. I am an expert about my checking account. I keep very close tabs on it because I live so close to the financial abyss. I am writing this because I have XXXX overdrafts on my account that I incurred in the last three days because : Key bank routinely applies debits out of order which can result in excessive overdraft fees. Key bank routinely holds payments in the Pending Status long after the vendors have been paid, sometimes up to 7 days. 
When the bank account gets credited for the purchase, the record of the credit to the account is placed earlier than the day and time the account is actually credited. 
Key Bank routinely does not apply changes to the account in a timely manner and also applies debits to accounts out of order. 
Key bank routinely does not apply deposits in a timely manner and holds onto deposits to incur excessive overdraft fees. 
Key Bank reports available balances that are not accurate. 
When a cash deposit is made into an account, the cash deposit is recorded in Pending instead of being deposited directly into the account. 
Key Bank incurs regional ATM fees that show up on the account days after the ATM card has been used."
4480,"A company by the name of InDebted attempted to collect money from me by requesting my debit card number. Impersonating XXXX, A pay in four payments company. They were attempting to collect an amount more than what I owe."
4481,"XXXX XX/XX/XXXX XXXX XXXX XXXX. XX/XX/XXXX. XXXX Principal is still XXXX, XXXX XX/XX/XXXX I reached out to company to settle on a payoff, I was told I didn't qualify because I had refinanced the loan XX/XX/XXXX and it was considered a new loan again. 

I have paid over XXXX dollars on the original loan of XXXX. The finance charge is too high to pay the balance. The balance never goes down. 

XX/XX/XXXX I inquired about a settlement payoff again, I was told I would have to offer a payoff of XXXX the principal, which still XXXX. I said it was too high."
4482,"After recently reviewing my credit report, I noticed unauthorized credit inquiries. I did NOT authorize the following inquiries listed below. These were not obtained with my consent. Please delete immediately."
4483,"I have repeatedly asked Experian to provide me with the specific method they used to investigate my dispute with the Bankruptcy Court in the XXXX XXXX of Florida. Instead of providing the information that I have asked for, they keep sending me a postcard with generic information about how they investigate a dispute. Most recently I have sent them a certified letter which was signed for on XX/XX/2020, which resulted with me getting an email with the same generic information that is on the postcards. I am attaching the letters I have sent and the copiers on the post cards. As you can see, I asked for very specific information and in return got a generic postcard and email. I am attaching a copy of the entry on my credit report, because the generic postcard tells me to go to my credit report to determine where the information came from. "" Public records concern legal matters associated with you and are gathered from courts and government agencies. '' does not give me the name and phone number of the contributor. "" US BKPT CT FL XXXX  '', implies that the government agency that Experian got the information from was the court. I have attached a letter that I received from the Court that says they do not provide any information to the credit bureau. 

The credit bureaus have been allowed to set their own rules and provide, or not provide whatever information they determine they want to provide. I fear we have created a monster that can not or will not be told what to do. They are required by law to provide specific information regarding who they talked to. Specific information that I spelled out in my request in not a preprinted postcard. By ignoring my requests Experian is giving the impression that they are hiding something. Perhaps it is as though all along, they did not verify the bankruptcy with anyone."
4484,"I issued a check from my BMO checking account to a specific payee. A third party fraudulently altered the payee line on the check and deposited it via mobile deposit at XXXXXXXX XXXX XXXX XXXXXX/XX/XXXX. The check was paid from my BMO account with an altered payee and unauthorized endorsement. I discovered the alteration on XX/XX/XXXX, and immediately contacted BMO on XX/XX/XXXX. I completed a fraud affidavit that same day, XX/XX/XXXX. BMO has not recredited my account. The bank has stated it is waiting for XXXX XXXX to return the funds before making me whole. BMO 's obligation under California Commercial Code XXXX to only pay properly payable items is independent of its right to recover from the depositary bank. A check with an altered payee and unauthorized endorsement is not properly payable, and BMO should not condition my recredit on its interbank recovery. Additionally, BMO verbally characterized this transaction as an EFT ( electronic funds transfer ) because the fraudster apparently used mobile deposit. This is a mischaracterization. The instrument is a paper check governed by UCC Articles 3 and 4. The method of deposit at the receiving bank does not transform a negotiable instrument into an electronic fund transfer. I am requesting immediate recredit of the full amount debited from my account."
4485,"Recently, I submitted a formal complaint to Rocket Mortgage because they claimed my fiance did not have a credit score, when in fact she had a XXXX credit score for a mortgage. I then filed a complaint with the XXXX, and as of today, Rocket Mortgage responded stating that my fiance received a denial letter. This is falseshe never received such a letter. 

I believe they are attempting to cover up what actually transpired over the phone. I have sent both emails and text messages to them regarding this matter, and at no point were we ever informed that we were denied for anything. 

Therefore, I am requesting that the CFPB conduct an informal investigation into Rocket Mortgage and provide me with an itemized list of the findings, including what transpired during the investigation."
4486,"I have a HELOC account with Chase that has a zero balance. I transferred {$100.00} to my nephews account and the transfer was processed on time and no issue. I then attempted to transfer {$10000.00} and that transaction was flagged by Chase 's fraud department. They called me and I called them back. I fully authenticated using my social security #, a one time passcode provided by Chase and I answered all of their authentication questions.

After fully authenticating, the associate then proceeded to ask me why I needed the money which I found very strange. I asked for a manager and after a lengthy conversation was told that the transaction is approved and it will be processed. 

I called the next day because the transaction was still showing pending. after another lengthy conversation I was once again told that the transaction was approved and it will process. I checked my account on XX/XX/21 and the transaction is now completely removed from my transaction history. I called Chase on XX/XX/21 at XXXX and was transferred to a VM where the call disconnected afterwards. 

I dont understand why I was told twice that this transaction was approved but the opposite was true. What is the reason why I cant transfer money from my HELOC account? Nothing has been explained to me and I don't feel that I am being treated fairly. I am expecting that money to be transferred, I am told the money will be available on several occasions but Chase doesn't seem like they have any intention of transferring these funds. WHY?"
4487,I have an auto lease with XXXX XXXX XXXX and on XX/XX/2019 it reported to all 3 credit bureau that i was late 30 days and caused my score to drop over 50 points which denied me an approval for a coop / condo mortgage. These mortgages have stricter requirements than standard single family homes. I called XXXX to express my concern and they provided me with a certified copy stating that my account was never late or been delinquent since its birth and they have never reported anything negative to the credit bureau. How is that mistake made and how can it be fixed. Tried to dispute with all three credit bureau but my credit score stays the same and provided them with a copy of the letter exonerating me from such delinquency.
4488,"XXXX XXXX XXXX XXXX XXXX XXXX, NY, XXXX Date of Birth : XX/XX/XXXX SSN : XXXX By the provisions of the Fair Credit Reporting Act, I demand that these items be investigated and removed from my report. Please remove any information that the creditor can not verify. 

1 ) Capital One Auto Finance. That account was reported as a lost to benefit from a tax break on XXXX, I disputed it and it was removed. 

Again they added it again this year for the same benefit. 

I traded a car worth of XXXX XXXX for XXXX XXXX because I needed a bigger family car. I was facing difficulties and the car was repossessed with me facilitating the process. 
They never update the balance of the loan. I believe they use that tactic as a loophole to benefit from tax breaks, that is hurting my credit crire, preventing me from buying a house. 

I also would like the : XXXX XXXX XXXX XXXX XXXX to be removed from my report as well because I do not owe that debt, unless they can provide proof about how I owe them the debt. 


I understand that under 15 U.S.C. Sec.

1681 ( a ), you must complete this reinvestigation within 30 days of receipt of this letter. 
Thank you for your time and help in this matter. 
Sincerely, XXXX XXXX"
4489,"I was double charged by a vendor. American Express has only investigated superficially and will not thoroughly investigate what is clearly a double charge. We have provided proof clearly indicating the charge was unwarranted as well as proof that the vendor has repeatedly lied to American Express but they wo n't take my claims seriously at all. The vendor has created a false narrative along with false papers to assert that the charge was owed. I understand that Amex can not be expected to see through the lies, however, my claim is simple. I am asking to see signed authorization for XXXX charges. American Express has only XXXX signed authorization and can not provide any further proof towards the second charge and yet they wo n't refund my money."
4490,"Yes, I have contacted "" Penny Mac Loan Servicing Center '', on numerous occasions and they still saying they can't find my check written on "" XXXX XXXX check # XXXX for "" XXXX XXXX ( XXXX ) XXXX XXXXXXXX XXXX  Dollars. 
I'm requesting your assistance in resolving this matter, because the check was written for my "" XXXX '' payments, with additional money to help with my escrow. My new mortgage payment is {$990.00} a month, which for "" XXXX '', is {$1900.00} and the balance ( {$630.00} ) is to be applied to my escrow account. 

Here 's the name of my mortgage company, I am complaining about : Penny Mac Loan Financial Servicing / phone # XXXX XXXX Thank you XXXX XXXX XXXX XXXX XXXX XXXX XXXX, XXXX XXXX XXXX South Dakota XXXX XXXX Loan # XXXX"
4491,"on XXXX XXXX XXXX i filed an application online for a loan with big picture loans. I was unaware that i would be paying {$4100.00} for a {$700.00} loan. Big Picture Loans called me and explained my payments would be XXXX every two weeks and to pay off loan it would be {$870.00}. It was implied that i could pay off the loan early and the total cost would be XXXX but was never made clear that the payments were interest only. i was never provided documents prior to accepting the loan to review, only the loan application. after accepting the loan, i became aware of the amount i would be paying in interest for the loan after i acepted it and the funds were dispursed. the rep on the phone was not clear on all details. He did not disclose any of the fees that i read about in the loan docs. I notices a XXXX dollar a week fee if i dont let them take the payment. If was made clearly aware of all these fees and stipulations and total final cost of the loan with details of the exact amount interest would be paid for loan if taken to term, i would not have accepted this offer. This is illegal. The rep was also pushy and speedy. he was rushing me through the process, i believe so i was n't completely aware of all the details. I have done research on the company and found out im not alone. This company has been doing this to many people. this company needs to be closed down it seems like they keep changing their name to avoid repercussion. not only am i asking for help in this matter, I want to know if its possible to bring charges against the company. How do i go about getting this loan dissolved without hurting my credit. they lied to me and illegally and intentionally did not disclose the whole details. in XXXX the ftc act passed a law so that these kind of companies can not use the tribal laws to take advantage of consumers. please help."
4492,XXXX XXXX is reporting to TransUnion that I had a credit card in XXXX. I was XXXX XXXX XXXX in XXXX and they refuse to take it off my credit report until I fill this out. I did all of this back when I turned XXXX and they still didnt take it off.
4493,"HELLO MY NAME IS XXXX XXXX XXXX XXXX OWNER OF THE XXXX XXXX XXXX XXXX, AND I AM MAKING THIS CLAIM BECAUSE XXXX XXXX HAS NOT DELIVERED ME A CHECK WITH THE FUNDS FROM MY ACCOUNT THAT SHOULD ALREADY BE CLOSED, I HAVE MORE THAN TWO MONTHS WAITING FOR A RECEIVED MY MONEY AND THEY NEVER SENT IT TO ME,"
4494,I applied for a Citi Strata elite card with annual membership of {$590.00}. When I got the card I was not able to use it because the bank put a hold on the card and they sent me an irs form for income verification and told me that if I dont send it back within 30 days my account will be closed. 1 month have passed and I repeatedly asked them to close my account but it is still active. I now have a charge of {$590.00} annual fee with a minimum payment for XXXX $ due by XX/XX/XXXX. They are not closing my account even after asking them repeatedly. Can you please ask them to close it down immediately
4495,"I applied for credit with Chase bank today and was denied. I filed bankruptcy in XXXX and have been working very hard rebuild my credit. I pay all my bills on time every month. I have several accounts with Chase 1 business account, 1 personal checking account, XXXX children 's accounts and a savings account. I also have my auto loan through Chase. I am applying for the credit card to further build my credit to buy a home within the next 12 months. I'm a hard working widowed mom. I am a XXXX, I own a small business and work a full time job. I am seeking a small credit line with Chase Freedom credit card to further improve and increase my credit competency. I would kindly ask chase to work with me in rebuilding and reconsider my denial I haven't had a single late payment. My credit scores range from XXXX to over XXXX"
4496,"Your continuous calls and such conduct has caused me to suffer severe humiliation, embarrassment, emotional distress and physical discomfort. Please take note that any unsolicited calls will be reported as a violation of 15 USC 1692c of the Fair Debt Collection Practices Act for debt harassment and unfair collection efforts in the attempt of collecting said debt. I am being caused mental anguish because of these unfair debt collection practices. I will be seeking and filing mental anguish and economic damages due to these deceptive trade practices. I will seek financial relief and any further contact will be recorded. Please refrain from the abuse or I will continue to file complaints and contact others that have had similar experiences to start a rally against your company."
4497,"Equifax will not send me my credit report. I requested it by the annual free report phone system, and Equifax sent me a letter saying I have had a free report in the last 12 months. 
This is incorrect. 
I have not received a credit report from Equifax in at least three years. Every year I try to get a report from Equifax, and I fail the questions. I suspect there is incorrect data in their report, but I can not get my report. I can not speak to them on the phone because I fail their questions. 
I locked my credit report with them ( I still have the pin ) at the time of their data breach, but I can not log on to their website because I fail their questions."
4498,I was depositing XXXX dollars in a chase ATM today on XX/XX/year> and the machine took my cash and did not credit the account. Instead gave me a receipt that said there was a problem with the ATM call customer service
4499,"On Saturday, XX/XX/XXXX at XXXX XXXX  roughly there was a charge attempted charge of {$XXXX} on my XXXX credit card XXXX minutes later I received a phone call from a toll-free number stating that there had been a transaction that was declined and asked if I had made this transaction. I told him no jumped on the XXXX  Card app and confirmed that the transaction had been Tried to be processed. I talked with them. They said that asked if I know knew a XXXX XXXX, and that there was an XXXX XXXX on my account and I told him no that all that was not correct. They told me that someone had got into my account so they requested that I changed my password change the password they requested the pin as soon as I did all this, I noticed that There was an account or an actual XXXX XXXX added to my XXXX ID account and all the passwords everything all my security was being turned off. I immediately hung up and called XXXX. They froze the card in the account and walked me through for an over an hour trying to recover my XXXX ID. XXXX unable to recover my XXXX ID And the fraudulent people called multiple times and also contacted my wife who was in another state at the time saying that I had fraudulent charges and I need to talk to them immediately they requested that I reverse the charge for a XXXX XXXX  for {$XXXX} and if I didnt do that that mXXXX XXXX XXXX was lost, I will attach pictures of the phone calls."
4500,"At the beginning of XX/XX/2018, the mortgage on my home at XXXX XXXX XXXX, XXXX, VA XXXX, which until that time was held by Sun West, was transferred to XXXX XXXX XXXX. At approximately the same time, XX/XX/2018, the premium for the insurance was due. Subsequent to this time, I was informed by XXXX that the payment had not been received ; so I paid it. Later, I received a check reimbursing me from XXXX and informing me that the premium had been paid ( by Sun West ). I have now received again a notice from XXXX that the premium is due ; and, upon inquiry, I was informed that Sun West stopped payment. 
At this time, I have again sent in the payment, which was to be paid out of escrow, for the insurance premium. Subsequent to XXXX  informing me that the premium was due, I contacted XXXX XXXX and they stated that Sun West owed it ; so, I have two mortgage companies each saying the other owes the premium. This is the second year in a row this is happened."
4501,"Dear Consumer Financial Protection Bureau, I am writing to formally file a complaint regarding the unauthorized access and potential misuse of my personal data in connection with my student loans. It has come to my attention that XXXX XXXX may have accessed or had influence over data shared between the Department of Education and financial institutions, raising serious concerns about privacy, security, and the use of my personal information without consent. 

I am particularly concerned about how this access could impact my eligibility for federal student loan forgiveness programs. The Department of Education holds sensitive financial and personal records, and any unauthorized access or interference could affect loan repayment plans, forgiveness applications, and overall financial security. 


Thank you for your time and attention to this urgent matter."
4502,"I am filing a complaint against PayPal regarding the sudden and unexplained permanent deactivation of my long-standing personal account and the holding of potential funds for up to 120 days. 

I have been a PayPal customer since approximately XXXX. This is a personal account only. I do not operate a business through this account. I have not engaged in high-risk transactions, international transactions, large volume transfers, cryptocurrency, gambling, adult content, policy-restricted activity, or anything remotely suspicious. To my knowledge, I have never had chargebacks, disputes, fraud claims, or compliance issues on this account. 

On XX/XX/XXXX, I received a notice that my account was permanently deactivated due to unusual activity with no specifics provided and no opportunity to correct or clarify anything. The email states funds may be held for up to 120 days. When I contacted customer support, I was told I could receive no further information unless I wrote a physical letter to their legal department.

I believe this is unfair, lacks transparency, and may violate consumer protection principles. A financial institution should not be allowed to permanently ban a consumer and restrict access to their financial platform without : explaining the specific reason citing the exact policy allegedly violated offering meaningful appeal or review I am requesting that PayPal : -Provide a detailed written explanation of the specific activity or policy that led to the permanent deactivation of my account. 
-Conduct a full manual review of my account, given it is a long-standing personal account with normal activity. 
-Confirm whether any funds are being held and ensure they are released as soon as legally permissible. 
-Reinstate my account if no legitimate compliance violation exists. 

This situation has created unnecessary stress, uncertainty, and disruption. I simply want transparency and fair handling. 


Thank you!"
4503,"I have reviewed my credit report and noticed incorrect information and inaccurate accounts. I have sent out numerous disputes to remove this inaccurate information and accounts on my credit report. Please remove this inaccurate information and accounts that can not be verified. Here are the following date disputes was sent, XX/XX/XXXX XX/XX/XXXX XX/XX/XXXX XX/XX/XXXX XX/XX/XXXX XX/XX/XXXX XX/XX/XXXXXXXX XXXX"
4504,"Trans world Systems Inc call nonstop from numerous different numbers several times a day, both robot calls and human callers. They never leave a message, when spoken with they refuse to give any info just want me to pay them I do n't know if I even owe as they refuse to send any info to validate. They threaten legal action w the courts, wage garnishment and use bullying tactics to get me to give my personal SS & DOB but refuse to give me any proof I owe any money."
4505,"We are behind in by a payment ( for XXXX ) and I attempted to pay towards the payment but was told that I could not make a partial payment. The payment we are behind on is over {$3500.00} due to escrow and late charges. I called the company on XX/XX/XXXX to make a partial payment, which they would not accept and instead I had to make the full payment or keep getting charged late charges. I asked for the paperwork to either defer or pay off the missed payment over XXXX months to be sent to my email and did not receive the email. I was supposed to receive an email by the next day ( XX/XX/XXXX ). I would prefer to defer the payment until the end of the loan. We missed a payment because of my husbands medical issues and that I lost my job. I am back to being employed. We are incurring late fees while we wait to see what to do next. This would not be the first deferment that we've requested this year, but we are actively trying to pay the missed payment and they will not accept anything other than the full amount nor will they accept the next month payment without the missed payment."
4506,"I am filing a complaint regarding a balance transfer transaction made from my Capital One credit card. 
Date of Transfer Request : XX/XX/XXXX Posted Date on Statement : XX/XX/XXXX Transfer Amount : {$250.00} Destination Account : XXXX checking account ( entered by mistake instead of a credit card ) Despite the transfer being reflected on my Capital One credit card statement, the funds were never received in my Chase checking account. 

I contacted Capital One customer service on XX/XX/XXXX, and XXXX to address this issue. During these calls : I explained that the transfer was made to the wrong account type ( checking instead of credit ). 
I requested Capital One to cancel or reverse the transaction, but they informed me that they can not reverse or recall the transfer. 
I was advised to contact XXXX and wait up to XXXX XXXX, but based on the nature of the error and the lack of receipt, I believe waiting further will not resolve the issue. 

At this point, the funds are neither available in my XXXX account nor being recovered by Capital One. I am financially affected by this unresolved transaction and lack of resolution. 

I am seeking assistance in resolving this matter and holding the responsible party accountable."
4507,"We made changes to our homeowner 's insurance and need to adjust the monthy escrow payment with Specialized Loan Servicing. I just need to talk to a person. The number for customer care is XXXX. It took my husband and I three afternoons, ridiculous telephone loops, 30 minute wait time and by the time we might have fund the right department they hang up on you! This happened three times in three days. All I want is to talk to them about adjusting my escrow balance. I just only want them to call me."
4508,"On XX/XX/XXXX I filed a fraud claim through XXXX XXXX XXXX XXXXn person letting them know that someone used their XXXX # to contact me and trick me into believing that he was a representative from the XXXX XXXX XXXX  First, I was contacted via text about a fraud attempt, asking if I'd attempted a {$3500.00} Zelle transfer. After responding "" No '' I received a call from someone who spoofed the XXXX # on the back of my debit card. 

I was guided through a process which led me to transfer money via Zelle to an unknown XXXX XXXX account. XXXX XXXXXXXX XXXX advised that the investigation could take up to 10 business days. 

On XXXX XXXX I filed a police report ( XXXX XXXX XXXX XXXX Police XXXX Report # XXXX ). As of XX/XX/XXXX, it had been 10 business days and the bank informed me that their fraud investigation team came up with nothing and closed my case. They were waiting for Zelle to get back to them. {$3500.00} ( in two transactions ) was taken from my savings account on XX/XX/XXXX. I have texts confirming the transfer of the Zelle money and a case number which has been dropped by XXXX XXXX XXXX. 

On XX/XX/XXXX, the bank informed me that they are unable to recover the money. 

On XX/XX/XXXX, I received a call from Agent XXXX from XXXX XXXX ( XXXX Ext XXXX, Claim # XXXX ) officially advising that XXXX XXXX XXXX is unable to help me recover my {$3500.00}. 
I am disabled and having anxiety attacks due to this horrific situation, struggling to pay my bills and have no one else to turn to. 

Your help would be greatly appreciated."
4509,In XXXX of 2022 - I paid my mortgage on time. A couple of days later - my mortgage was transferred to a new servicer - freedom mortgage corporation. The mortgage was paid from an old checking account - and the amount was deducted from the account - however they are saying this is not the case. I have provided proof - however they are not accepting it and calling me a liar. now my account is showing past due because when I make a payment towards the end of the month for the coming month ( like I always do ) they are applying that towards the current month. I have recently gone ahead and paid it because they have destroyed my credit- my credit has gone from being XXXX to now only being XXXX. I am very upset and repeated phone calls and messages to this institution have gone unresolved- and I am also out an extra {$1400.00} and they are also trying to assess late charges.
4510,I filed a dispute and they said it would take until XX/XX/XXXX to get an answer on that dispute when legally I should have never had to wait for the provisional credit it should be immediate. Also I am still waiting on two deposits that I deposited into Credit Karma from XXXX XXXX one was for XXXX the other was for XXXX XXXX both were illegally withdrawn and they never turned back up in the XXXX XXXX  account
4511,"My car was repossessed due to extremely high car payments and insurance added onto the loan that I never had with the bank, they never informed me of this and made my payments so high I could not keep up. They would not work with me to lower them as well. I had my own insurance for the car. My car was then repossessed and taken due to not being able to keep up with the payments. This was after I also got it out of repossession and tried paying on it again."
4512,"On XX/XX/year> I mailed a written request to JPMorgan Chase Bank ( XXXX, DE ) to close my credit card account and reverse the annual fee. This account had been unused for over a year, and there was no reason for it to remain open or incur charges. Chase ignored my written request and did not provide any response or follow-up statement, leaving me unaware that the account remained open. When I later contacted Chase, including speaking with supervisors and using secure messaging, none of the representatives acknowledged or considered my XX/XX/XXXX letter, and my requests for a refund were flatly denied, showing an unfair distrust of my legitimate request. On XX/XX/XXXX, I was told the annual fee could not be refunded because 41 days had passed since the statement closing date. This is entirely due to Chases failure to act on my prior written instructions and lack of communication. I am requesting a full goodwill refund of the annual fee, written confirmation that the account is closed, and a formal internal review of Chases handling of my account and written instructions."
4513,"I recently discovered recurring charges on my Citibank credit card labeled XXXX XXXX, which I never authorized or knowingly enrolled in. This appears to be the same product that Citibank was penalized for by the CFPB in XXXX  due to unauthorized enrollments. I am requesting a full refund of all premiums charged and confirmation that this product is removed from my account."
4514,I am writing to file a complaint against Navy Federal Credit Union regarding multiple overdraft fees I have incurred. Despite having sufficient funds when transactions were authorized I was charged fees due to lagged posting of charges and credits. This issue aligns with the recent CFPB findings against XXXX XXXX for similar practices where transactions settled with insufficient balances despite initially available funds. I believe these practices are unfair and request an investigation into my account transactions.
4515,"On XX/XX/year> I linked my external saving account from XXXX XXXX XXXX  ( savings ) to my Chase Checking account. I then intiated a funds transfer for XXXX. Chase immediately called to state they cancel transfer because they could not verify my identity from this bank.. I followed Chase requirements in linking the XXXX XXXXXXXX XXXX account and was accepted by Chase Bank. I haver another account linked ( checking ) from same bank and have transferred funds from it. This problem occurred earlier this month.

I've had problems with them canceling transfers since XX/XX/year> when I opened the account."
4516,"Received a notice from RPM that says they are trying to collect a debt I owe. The notice says I have ignored repeated attempts by XXXX to collect the debt. I have never had XXXX, and was never contacted about any debt. I have read numerous complaints against this company online - and a lot of them sound just like mine, even using XXXX as the company that is supposedly owed money. I am afraid to call them since most reports online say they are horrible, and harass and repeatedly call and threaten people, even when the debt is phony. It also appears that their bogus charges can appear on credit reports! I want to avoid any issues, since I do not owe anyone any money."
4517,"We were facing a health and employment ( overlapping ) crises in XX/XX/XXXX, and when we asked the bank to refinance, they refused. We were forced to stop mortgage payments, which were locked at a particularly high rate, in order to cover our medical and day-to-day expenses. As of XX/XX/XXXX, we resumed employment, and the bank commenced a long, drawn-out process of loan-modification application that was both tedious and confusing. They would send us conflicting documents and information, send multiple requests for the same information, and generally kept putting off a loan-modification offer. Finally, in the late-winter of XX/XX/XXXX they agreed to a trial period, where we made a series of 3 payments. These were all on-time and paid in full. On XX/XX/XXXX, they offered us a loan modification, which clearly stated that if we have any questions, we must refer them to the bank by XX/XX/XXXX. However, when we asked clarifying questions on XX/XX/XXXX ( to understand the terms of the loan, as any responsible consumer should! ) they rescinded the offer. Further, they later claimed that we REMOVED ourselves from the loan modification program, which we NEVER did. In fact, our letter ( attached ) CLEARLY states that we are/were eager to get back on board with the bank and would like to begin payments and a renewed agreement. This letter never received a reply. We subsequently re-applied in XX/XX/XXXX and were denied, with no explanation. We subsequently turned to a non-profit agency to assist us in understanding why we were denied and in submitting a new application, and the bank refused to work with the non-profit agency and refused to entertain a new loan-modification option.

In brief : the bank has given us repeated mixed-information and has not entered good-faith negotiations to turn our home into a performing asset."
4518,"Between XXXX and XX/XX/2019 Selene Finance made a change to their payment portal. Now if you pay XXXX as payment and try to add XXXX as principal it comes to XXXX for the total. If you make the principal XXXX then it comes to XXXX. This is after their system failed for several months preventing the ability to apply any additional payment at all on the principal. 

They sent me a couple letters assuring me they arent skimming the pennies but I dont understand why they dont fix it. I also was seriously upset when I could not pay extra on the principal. But they sure call and harass you starting on the XXXX of the month if they have gotten your payment yet. 

Selene Finance is a terrible servicer and I am so sad that united veterans uses them for mortgage servicing."
4519,"This is my several Complaint that I was the victim of identity theft. Per Fair Credit Reporting Act Section 605B ( a ) you are require to remove/block any items and bankruptcy which was opened without my knowledge, consent or authority within 4 business days with ( 1 ) appropriate proof of the identity of the consumer ; ( 2 ) a copy of an identity theft report ; ( 3 ) the identification of such information by the consumer; and ( 4 ) a statement by the consumer that the information is not information relating to any transaction by the consumer. 
XXXX, XXXX, XXXX XXXX, XXXXXXXX XXXX XXXX XXXX XXXX XXXX XXXX XXXX XXXX XXXX XXXX XXXX XXXX XXXX XXXX XXXX XXXX XXXX XXXX XXXX XXXX XXXX XXXX XXXX US DEPT ED XXXX Balance : {$4200.00} US DEPT ED XXXX Balance XXXX {$17000.00} US DEPT ED XXXX Balance : {$9400.00} XXXX  XXXX Bankruptcy Reference # : XXXX Date Filed/Reported : XX/XX/2016"
4520,"XXXX XXXX XX/XX/XXXX charged off as delinquent {$60.00} XXXX XXXX XX/XX/XXXX Payment after charge off/collection {$370.00} XXXX XXXX XXXX XX/XX/XXXX Charge Off/Other Derog {$370.00} XXXX XXXX  XX/XX/XXXX Payment after charge off/collection {$370.00} XXXX XXXX XX/XX/XXXX {$200.00} Capital One Bank Usa/Capital One {$1900.00} XXXX XXXX XXXX XX/XX/XXXX {$760.00} I am submitting this complaint in response to recent events involving a massive global data leak disclosed in XX/XX/XXXX. According to multiple reports, including XXXX and XXXX  XXXX, over XXXX XXXX login credentialsincluding usernames, passwords, and possible linked identifierswere discovered in a public breach compilation on XX/XX/XXXX This breach was not due to a hack of XXXX, XXXX, or XXXX, but rather the result of malware infecting millions of personal devices and stealing data over time. 

As a result of this exposure, I am deeply concerned that my personal identifying information ( PII ) may have been compromised and could be used to open fraudulent accounts, initiate hard inquiries, or modify my credit file without authorization. 

For all accounts listed I have contacted [ XX/XX/XXXX] directly, submitted documentation, and requested that : A fraud alert be placed on my file ; My credit report be investigated for any unauthorized accounts or inquiries that may have occurred after XX/XX/XXXX ; I be provided with a full consumer disclosure and findings ; The bureau remove any inaccurate or fraudulent data that may appear."
4521,"On or around XX/XX/year>, Bank of America placed a hold of approximately USD XXXX on my XXXX  account following a risk review, despite having no prior chargebacks, disputes, fraud cases, or negative history with this or any other payment processor. 

The funds originated from legitimate business transactions related to XXXX XXXX XXXX  already delivered. Bank of America blocked settlement of the funds without prior notice and refused to either release the funds or process refunds to customers, creating a severe cash flow disruption for my XXXX XXXX. 

I repeatedly requested a clear explanation of the specific risk findings, the legal or contractual basis for retaining the funds, and a concrete release timeline. The bank failed to provide meaningful answers and instead stated the funds could be held for up to six months.

This arbitrary action has caused material harm to my XXXX XXXX, limiting my ability to operate, meet obligations, and continue normal commercial activity, despite my clean XXXX  history and full cooperation."
4522,"As a borrower, since XX/XX/XXXX I have been struggling to repay my Navient loan off. The original principal was {$2500.00} and the unpaid principal as of XX/XX/XXXX is {$5400.00}. The interest type - ( variable ) with an interest rate of 7.25 %. 

I can definitely say I have been misrepresented and misguided over the years from plenty of Navient workers steering me toward multiple forbearances instead of income-driven repayment plans due to their lack of knowledge and unfair and deceptive practices. I am currently in a forbearance and although my payments are suspended temporarily, the interest continues to accumulate and I am paying more interest on their interest! 

I am struggling to stay float and this is negatively reporting to the 3 bureaus. I have been dealing with this for 18 years and I have received thousands of persistent "" robocalls '' yet the center practices to better serve me as the borrower is a complete nightmare. Navient lack of training and customer service shows greatly and navigating through the complexity of this has caused great difficulty. Navient workers are too busy to give personalized advice to the borrower and I am exhausted with them reading from a script and there incompetency. My estimated payoff date is XXXX/XXXX/XXXX. This is outrageous."
4523,I am writing to file a complaint with Navy Federal Cresit Union regarding multiple overdraft fees I have incurred. Despite having sufficient funds when transactions was authorized I was charged fees due to lagged posting of charges and credits. This issue aligns with the recent CFPB findings against Navy Federal for similar practices where transactions settled with insufficient balances despite initially available funds. I believe these practices are unfair and request an investigation into my account transactions
4524,"am filing a complaint against XXXX for failing to properly investigate my disputes regarding inaccuracies in my credit report. 
Despite my submissions, XXXX consistently responds within 24 hours stating the account is accurate, without providing any evidence of a thorough investigation.

This practice violates the Fair Credit Reporting Act ( FCRA ), 15 U.S.C. 1681i, which mandates a reasonable investigation of disputes. Furthermore, XXXX 's actions may also contravene the Consumer Financial Protection Act ( CFPA ), 12 U.S.C.

5536 ( a ) ( 1 ) ( A ) - ( B ), as highlighted in the CFPB 's recent administrative proceeding ( File No. 2025-CFPB-0002 ) against them for similar violations. I request that the CFPB take action to ensure XXXX complies with federal law and provides consumers with the necessary proof of investigation. 
For american credit acceptance andXX/XX/XXXXXXXX as inaccurate"
4525,"Hello this is in re : to Amazon {$16.00} Leg Loose Jumpsuit Romper due on XX/XX/2019 Amazon canceled my order for nothing, I paid for XXXX for XX/XX/2019 so Amazon needs to refund me the money back, -Amazon is going down because now they have resorted to underhanded things like selling my debit info to others companies-sad. 
Amazon claims to have {$30.00} in return funds in return products for me- I would need them just to send to me, most of their new workers can not speak English -this creates a new problem with billing if your staff can not understand, Once -I ask when the product was coming and the staff person - said if you don't like it-just return it. I knew then it was a language barrier going on."
4526,"Since XX/XX/2019, we have been locked out of the online payment process for Bank of America credit card. 

Upon them calling us for a missed payment, we explained that they rejected the original payment and have locked us out of the payment center for the account. 

This was explained at XX/XX/XXXX or XXXX, 2019 and again at XXXX payment cycle. 

They call my husband 7x a day and they call me 5x a day. This feels excessive considering the payment portal is still locked on their end preventing us to make a payment. 

As we both work during the day, we can not answer during work hours, so we are forced to continue this process for days on end as their office is closed when we are not working. 

For 4 payment cycles this issue persists and is harassing us for an error on their end."
4527,I was working in Illinois and someone was getting money from my account in XXXX Alabama they overdraft my account I complained twice and nothing was done about it and I was hit with numerous late fees and then they closed my account
4528,"This is concerning a debt I found on my credit report last summer ( attached ). I tracked down this debt as a bill from a joint account before I filed and went through an ugly divorce XX/XX/XXXX. There are XXXX anomalies on my credit report concerning this debt. I attempted to resolve this debt XX/XX/XXXX when I started a debt management program with XXXX and was unable to locate the owner of this account. I have not received any written correspondence regarding this account save the return of the letters I 've written this year. ( I received almost no mail XX/XX/XXXX due to it being forwarded by the person XXXX I was divorcing ). I have tried calling this creditor at least four times last year - leaving messages that were ignored, and wrote letters on XXXX XXXX, XXXX XXXX, and XX/XX/XXXX trying to resolve discrepancies on my credit report regarding this debt. With each letter I included a check for the full amount beyond the discrepancies. Each of my letters and checks were returned without any response save an enclosed sheet with their address on it ( attached ). The XXXX discrepancies I need addressed are : * ( 6 monthly payments of {$94.00} from XX/XX/XXXX-XX/XX/XXXX not deducted from the balance principle. 
*A difference of {$340.00} between the amount claimed I owe you and the high balance of the card listed."
4529,XX/XX/2022 1st financial has since then harassed me almost everyday and continue to harass. This account is involved in an lawsuit but yet I'm still getting phonecalls emails text messages mail letters. Under law the credit bureau has to correct and inaccurate information. The company have not yet verified my information but it's still on my credit report
4530,"I disputed this debt in writing more than 30 days ago and requested validation. The company has failed to provide any proof that this debt is owed or that they have the legal right to collect it. 

Despite failing to validate, Bounce AI continues to report this account to XXXX  and XXXX  which is a violation of the Fair Debt Collection Practices Act and the Fair Credit Reporting Act. 

I am requesting immediate deletion of this account from my credit report and cessation of all collection activity. 


I also request written confirmation of deletion and assurance that this account will not be sold, transferred, or reinserted in the future."
4531,"15 U.S. Code $ 1681c-2 a consumer reporting agency shall block the reporting of any information in the file of a consumer that the consumer identifies as information that resulted from an alleged identity theft, not later than 4 business days after the date of receipt. 
It has been 30 days and you are in VIOLATION of this law because I am a victim of identity theft!! Please delete these items IMMEDIATELY! 
These accounts should not be furnished on my consumer report as they are in VIOLATION!!!

Under, 15 U.S Code 1681b - Permissible purposes of consumer reports ( a ) IN GENEP, to subsection ( c ) any consumer reporting agency may furnish a consumer report u following circumstances and no other : ( 2 ) In accordance with the WRITTEN INSTRU consumer to whom it relates. I NEVER gave any consumer reporting agency WRITTEN ENT to report anything on my consumer report which violates my rights as a federal protect consumer. NO CONSENT IS IDENTITY THEFT. As a consumer I am demanding the deletion of the accounts listed IMMEDIATELY!"
4532,I had a credit card with US Bank. The credit card was opened XX/XX/XXXX and closed on XX/XX/XXXX. I no longer have the card. It says i owe {$290.00} on it and it was charged off. I keep having a derogatory 30 day late payment on my credit report every month up to the current date of XX/XX/XXXX even though the account was closed on XX/XX/XXXX. I've contacted the bank and their credit card services the see how I can resolve this but no one can find my account or how if I have a balance how to pay it so this will stop. Ive have not received any letters or bills stating an amount owed they just keep posting it to my credit report.
4533,"I RECEIVED COPY OF MY CREDIT REPORT AND I SAW ACCOUNTS WHICH I DON'T RECOGNIZE, I HAVE NEVER APPLIED FOR THESE COMPANIES, SO I HAVE NO IDEA WHERE THESE ACCOUNTS FROM, I DON'T HAVE ANY AGREEMENTS WITH THESE CREDITORS."
4534,"I filed my 2022 taxes using XXXX through credit karma as my family has done for years. Apparently there must be a big change in the fine print that I missed. Credit karma has sent me a card that at first I tossed in the recycling. 10 days later I realized it has my refund on it. I then try and use my money, but credit karma has a hold on the account so I can only use XXXX a day or transfer XXXX a day. Its unfortunate for my family who is in desperate need a of car. My only choice is to transfer XXXX a day for 7 days plus 3 days waiting period and then start looking for a vehicle. When you live in poverty hanging onto XXXX grand is nearly impossible. I can`t stress enough the hardship this is putting on me and my children. I need my refund now. Its cleared through the IRS, nothing holding it up except credit karma."
4535,I paid this loan off in XXXX 2015. They processed a payment after the loan was taken out. I asked for a refund of the payment. I ended up receiving the refund through XXXX XXXX XXXX. I have spoken to several different people and even sent my banking statement showing I never received a refund from them. The refuse to clear the account and it is negatively affecting my credit. I was hung up on 3 times while calling to speak to someone. I have someone arguing with me after I sent in the documentation of the what she asked. I would like this situation resolved immediately.
4536,"I was previously working with XXXX from box home loans, and I had gone under contract for a XXXX which would be my new primary residence that basically I should never have been approved for. About XXXX weeks away from closing ( XX/XX/year> ), after paying inspection and appraisal, writing letter after letter about intended use of the property & reason for the move, securing a tenant for the unit I am currently living in at my current property, and looking for the clear to close, he reaches out to me to tell me he will not be doing the loan because my XXXX  does not fit the conventional loan requirements. No new information was presented at this time and I previously had asked about my XXXX on XX/XX/XXXX, I will include the receipts below. My XXXX was 10 % higher than was allowed and according to him the rental amounts the XXXX used on the report are the reason my XXXX was high however I do not understand why he used such inflated rental figures to begin with as my realtor had the current rental figures from the seller and would have been more than able to provide him with estimated market rents also. He also knew I was going to be an owner occupant and could not use the XXXX units rent. Im not understanding how and why this miscalculation was able to occur at this stage in the process. All other lenders Ive asked to try to take on the loan after XXXX said this was a large error margin and something he should have been able to foresee sooner."
4537,BBVA has been moving my transactions out of order so that I accrue fees even though I have enough money in my account to cover all transactions. I have called them twice about this and they will admit no wrong doing and state that I dont have enough money in my account when I actually have more than enough. This is not the first time they have done this to me.
4538,"Since I started having Bank of America I noticed how my transactions disappear and the money I have available doesnt add up. For example on XXXX when I went to bed I had {$140.00} in my account, when I woke up there were no new transactions but my work check deposited and there was XXXX. I should of had XXXX in my account but the bank is charging me twice for transactions that are processing and already taking out of my available balance. Another example XXXX took {$16.00}, and {$100.00} twice out of my account unauthorized. There still is a processing XXXX on my account and the other one disappeared. The XXXX XXXX gave back to me but for some reason both of those transactions are missing from my account. How can they erase my transaction history"
4539,"Hello this is a feature of my XXXX XXXX XXXX debit card that I am supposed to be able to use, but for some reason has never worked for me. I tried XXXX XXXX at XXXX powered by Ria multiple times, a feature of the XXXX XXXX, and it says that they are unable to approve the transaction for some reason. I tried for lesser amounts, XXXX, XXXX, XXXX, etc but all were "" unable to be approved '' errors. This also happened today. I still don't understand why it doesn't work. I don't believe that I have reached any of the XXXXXXXX XXXX  described on the XXXXXXXX XXXX and my account has sufficient funds. This is very stressful and distressing to me and am having difficulty even getting to anywhere to try and purchase money orders somewhere, mail them, use a ATM machine and also have to deal with daily ATM limits and fees. I need to complete my important payment as soon as possible and for some reason nothing is working and am still having problems with everything. I have verified my identity with XXXX XXXX XXXX and attempted the XXXX XXXX feature many times in multiple browsers and devices. I attempted to do a bank transfer from my XXXX XXXX  with Ria, and it was declined and my account "" locked for security purposes '' while waiting for the bank account verification deposits on my XXXX XXXX and I explained in the email this situation, but have not received any response yet. I have been having difficulties attempting to purchase money orders and getting any help at all from Ria or XXXX XXXX XXXX."
4540,"I received a debt collection letter from XXXX XXXX firm dated XXXX/XXXX/XXXX stating that this was attempt to collect a debt, and that I had 30 days to respond to their notice, so I responded to their debt collection letter with my letter dated XXXX/XXXX/XXXX, asking for the requested items of validation and verification according to what their noticed stated, what I received was not verification, I received a letter stating that Law firm received my letter and that they would send it to U.S Bank, as of today no response or answer to my validation letter, I have tried to communicate to the attorney office to no avail."
4541,"Capital One Bank issued me a XXXX for 2014 in the amount {$5200.00} for credit card account number XXXX. My Federal Tax Return Form XXXX for 2014 included same amount. Capital One has yet to advise the credit reporting repositories ( XXXX, XXXX and XXXX ) that said account should be listed as "" {$0.00} BALANCE, PAID IN FULL ''."
4542,"Call bank to ask about sone fees issue about a month or maybe more ago, bank tells me they gon na close my account on XX/XX/, i ask them why they tell you will get a letter with an explanation! letters.come but no explanation i go to a branch in XXXX  dc XXXX XXXX they tell me they can not help me to call a number on the letter sent, no number on lertter though! i Feel i owed an explanation after banking with them over the past 10 year before it became truist bank. before it was Bbt bank. I really feel violated i need this bank account to help out my kids in college and the sad part is that i can not open another bank account no where else! i need an explanation!"
4543,"Company was gracious and understanding, in the beginning. Called to inquire about payment deferment due to COVID-19. They claimed they extended my time by a month, which was really two weeks, from the previous payment date. When I called in to see if they would extend deferment because the Governor of Ohio extended the mandatory closure of the state by 30 days, they were not willing to help at all. They implemented no policy for COVID-19 and used their standard deferment policy, which is after one deferment is given, 6 months is required before you can have another one, all while still reporting to the credit bureau. Yet they have a propaganda campaign of "" We're Here To Help '' posted all over their website. The business practices of this company are beyond questionable, the ethics are non-existent. I would not recommend this company to anybody due to their lack of empathy with the ongoing pandemic, and lack of effort to do anything to help the consumer. I will be refinancing my loan through another lender and cancelling any contracts with anybody affiliated with this company, ( i.e. XXXX )"
4544,"To Whom It May Concern, I disputed an account reported by XXXX  in the file you maintain under my Social Security number. 

I was informed that XXXX, XXXX XXXX XXXX, XXXX, and the XXXX XXXX XXXX was deleted from my credit report. 

Now I have discovered that the item has been reinserted on my credit report. 
In accordance with the requirements of the FCRA section 611 ( a ) ( 5 ) ( B ) ( ii ), you are required to notify me of the reinsertion in writing within 5 business days. I filed a police report ( B ) Requirements relating to reinsertion of previously deleted material ( ii ) Notice to consumer If any information that has been deleted from a consumers file pursuant to subparagraph ( A ) is reinserted in the file, the consumer reporting agency shall notify the consumer of the reinsertion in writing not later than 5 business days after the reinsertion or, if authorized by the consumer for that purpose, by any other means available to the agency. I received no such notification. This is a very serious violation of the FCRA, and I reserve the right to pursue legal action for your blatant disregard for the law. 

I hereby demand that you immediately delete the item from my credit report in order to avoid legal action. I am submitting this complaint to the Attorney Generals Office, and the XXXX. 

Please govern yourself accordingly. You have my police report on file on the subject matter above. 

Cc : Consumer Financial Protection Bureau Cc : Attorney Generals Office Cc : XXXX XXXX XXXX"
4545,"On XX/XX/2020, I ordered groceries from XXXX XXXX XXXX XXXX. The groceries were not delivered despite the driver saying they were. 

I called XXXX to inform them of the failure to provide me with the groceries I paid for using my Discover card. XXXX sent an email saying they would credit the account due to the fact that I have security ( a gate with a security guard as well as cameras ) at my home and could prove the driver never arrived with the groceries.

After waiting for several days for the credit to appear on my account, I  decided to call Discover. I filed a dispute and attached the email from XXXX showing the refund that they never gave me. 

It is now XXXX and Discover is refusing to return my money for the groceries I never received from XXXX despite being in possession of the email showing the refund that was never issued. 

I am asking that Discover send me a check or money order for {$220.00} on or before XX/XX/2020 for the groceries I paid for and never received."
4546,ACH transfer via Wells Fargo to XXXX XXXX XXXX XXXX. In XX/XX/22 ACH in the amount of {$17000.00}. XXXX failed to deliver goods and services paid for. Requested WF reverse transfer. WF refused without reason ACH rules state s failure to deliver goods or services is a valid reason for reversal.
4547,"I disputed a documented overcharge by XXXX. Capital One has now closed my dispute four times, claiming I did not upload the requested supporting documentation. That claim is false.

I provided : The original booking confirmation showing the correct price The credit-card transaction showing the incorrect charge Written correspondence from XXXX explicitly admitting the charge was incorrect and should not have occurred A Capital One customer service representative confirmed to me by phone that no documentation appeared to be missing and recommended that I submit a written request for reopening. 
Despite this, Capital One closed the dispute and re-billed the charge without substantively addressing the evidence or the merchants written admission of error. 
This represents a failure to properly investigate a billing dispute under the Fair Credit Billing Act. I am requesting that Capital One reopen the dispute, review the documentation in full, and permanently credit the disputed amount of {$150.00}."
4548,"Ongoing problem since XX/XX/year>. I had to change my checking/ debit card number because of fraud. Since then capitol one has made me send in copies of my two checking accounts and they are requesting my full statement with one entry in question for {$100.00} payment. The only way to get the full account number is to send in c as called checks ie my old. Account number and my new account. 
I have sent the cancelled checks into them. Today I contacted their fraud department again and now t hey say they now want a checking statement with all the data on it. I have and will continue to redact the statement info that they are not asking for. This is my consumer information and I can protection the data that is and how it is used. This is a direct violation of my rights. I am trying to close out this account to redeem my cash back balance but they have restricted my account. 
Sincerely XXXX XXXX XXXX XXXX XXXX XXXX XXXXXXXX XXXX XXXX XXXXXXXX XXXX XXXX"
4549,"I am submitting this complaint regarding the abrupt and unexplained closure of my Cash App account, which is serviced by XXXXXXXX XXXX I am a public school teacher and I have used this account responsibly for personal transactions, primarily to send and receive money from family and friends, and to manage travel-related expenses. 

Earlier this week, on XXXX XX/XX/XXXX, I received a notification that my account had been permanently closed due to alleged violations of the Cash App Terms of Service. However, no specific details were provided. I contacted customer support multiple times to request clarification, but I was only told that activity was found that violated the termswith no explanation of what activity or which line item in the terms was supposedly breached. 

This lack of transparency is deeply concerning. As an educator, I rely on financial tools like Cash App to manage everyday expenses. I do not engage in fraudulent behavior, nor do I have the means or intent to do so. I maintain a clean financial record and have never received any prior warnings or flags on my account."
4550,In XX/XX/XXXX my husband and I put our home up for short sale with a Realtor and their attorney for short sales our Mortgage Co is PNC it has been nothing but a nightmare since they were told by the attorneys office to cease and assist and contact them only they did not every month we where inendated with paper work when it was complete they told us we ran out of time and they can not use what was sent. we have lost 3 buyers going on 4 because on XX/XX/XXXX the house is going to forecloser. Their lastest antics ask asking for a trash bill which we do not have and this was told to them in XX/XX/XXXX when we first started this short sale. They are impossible. The emotional and mental distress they have put us through is overwhelming and it has to be stop so one else has to go through it.
4551,"Date : XX/XX/year> From : XXXX XXXX XXXX XXXX XXXX XXXXXXXX XXXX XXXX XXXXXXXX Phone : ( XXXX ) XXXX Email : XXXX Subject : Final Demand for Immediate Removal of All Late Payments, Hard Inquiries, and Repossessions Pursuant to 15 U.S.C. 1681a-2 Exclusions from Consumer Reports To Whom It May Concern : This letter serves as a final legal demand for full and immediate removal of all negative information appearing on the credit file of the undersigned, XXXX XXXX XXXX XXXX including but not limited to : All reported late payments All reported hard inquiries All reported repossession entries under the authority of the Fair Credit Reporting Act ( FCRA ), specifically 15 U.S.C. 1681a-2.

Legal Basis for Demand : Under 15 U.S.C. 1681a-2, certain communications and reports are expressly excluded from the definition of a consumer report, and therefore may not legally appear in consumer credit files or be furnished by consumer reporting agencies, including but not limited to : Transactions and experiences between the consumer and the entity making the report ( Section 1681a-2 ( A ) ( i ) ) ; Internal communications among affiliates where disclosure and opt-out requirements are not met ( Section 1681a-2 ( A ) ( iii ) ) ; Specific credit authorizations directly by issuers ( Section 1681a-2 ( B ) ) ; Certain communications excluded under subsections ( o ) or ( x ). 


Accordingly, negative transactional data such as late payments, hard inquiries, and repossessions when improperly reported or exceeding lawful scope must be deleted immediately if they fall within these excluded categories.

Additionally, under 15 U.S.C. 1681s-2 ( a ), furnishers of information are required to report only accurate and complete information. Failure to comply constitutes willful noncompliance, making you liable for statutory and punitive damages."
4552,"This is a letter to request Back Dated Reversal of Fees + Interest and Dispute of Accuracy on the Credit Report. 

I notified Citibank of change of mailing address in XX/XX/XXXX. 
XX/XX/XXXX XX/XX/XXXX Custom Credit Line statements have been continuously mailed to incorrect address, generating late payment fees and interest generated to amount of $ XXXX, as well as a determination of reducing my credit line. 

All product accounts are consolidated on Citibank.com under the XXXX XXXX online profile : XXXX XXXX account ending in # XXXX XXXX XXXX account ending in # XXXX Citi Rewards credit card ending in # XXXX Credit line : Checking Plus Line of Credit # XXXX Brokerage IRA : XXXX There is no consolidation of XXXX XXXX XXXX ending in XXXX, there is no way to see online statements if the account is paperless. 

On XX/XX/XXXX @ XXXX, I paid a balance {$1600.00} this balance was an unknown error caused by XXXX  XXXX XXXX Autopay for a mortgage payment. 
ID # XXXX Request was made to reverse the late fees and interest during the timeline of mis-mailed statements. So far only XX/XX/XXXX and XX/XX/XXXX were waived despite repeated attempts to call in a request for approval. Confirmation # XXXX Please reverse these determinations and fees on my account immediately. I am a long time XXXX customer and have a track record."
4553,"Complaint filed by XXXX XXXX XXXX, XXXX, as authorized representative of XXXX XXXX under attached assignment/authorization agreement. I previously submitted a written dispute to VOLVO CAR FINANCIAL SERVICES LLC dated XX/XX/year>, regarding an account that is being inaccurately reported on my credit file. Despite providing all the necessary identifying information and requesting verification under the Fair Credit Reporting Act ( FCRA ), VOLVO CAR FINANCIAL SERVICES LLC has failed to respond, verify, or correct the information within the required thirty ( 30 ) days. Under 15 U.S.C.

1681s-2 ( b ), the furnisher of information is required to conduct a reasonable investigation once a dispute has been received. Since VOLVO CAR FINANCIAL SERVICES LLC did not provide any documentation to substantiate the accuracy of the reported account, they are now in noncompliance with federal law and continue to furnish unverifiable and misleading data to the credit bureaus. This inaction has caused harm to my consumer credit profile and has obstructed my efforts to maintain accurate and fair reporting. I am therefore seeking the CFPBs intervention to ensure VOLVO CAR FINANCIAL SERVICES LLCs immediate compliance with FCRA requirements. VOLVO CAR FINANCIAL SV XXXX"
4554,"We have been trying to work with Ocwen for XXXX years now on keeping home after a job loss, bankruprtcy and a Loan Modification process which included XXXX trial payments made by us with Ocwen implying they would grant us a Modifiation, we filled out final paper work for a modification and then Ocwen proceeded to cancel it without notice despite the fact that we followed through on our end and they are now implying that they are proceeding with foreclosure process. We have had numerous certified letters returned to us as undeliverable even though we mailed them to address given to us directly by ocwen. we have had telephone conversations with their "" agents '' who promise a solution us long as we continue making our payments and these "" promises ' are turning out to be just spoon feeding us that thee is a solution. We were told they would give us a loan modification only to then be told that due to some technical difficulty it was cancelled and we were never notified of it? Who does business like this? We have stopped trying to deal with them by phone because it becomes he said, she said. We have been doing every thing by certified mail and keeping documentation of such. No one at that company seems to know what the other person at that company if doing. We receive numerous correspondence from them that come after letters that tell us one thing only to be told something else. they are impossible to deal with."
4555,"I am filing this complaint against XXXX  for debiting unverified funds from my bank account and refusing to resolve a dispute I raised in advance of the withdrawal. 

On XX/XX/XXXX and XX/XX/year>, I made multiple deposits via XXXX  totaling approximately {$14000.00} to XXXX. At the time of these transactions, my linked bank account had insufficient funds, which I discovered and reported to XXXX  in writing before any debit attempt succeeded. 

XXXX  support explicitly told me that I could not dispute the charge through them and must resolve it with XXXX. XXXX then directed me back to XXXX. Despite this dispute and insufficient balance, XXXX  proceeded to initiate an ACH withdrawal, and is now pursuing repayment and potential collections. I messaged them today as well and they refused to send me the transcripts of the chat today because they were telling me they refused to help. I do however have transcripts from XX/XX/XXXX. I was told once I went back and forth between XXXX  and XXXX multiple times, that I should talk to my bank if I had an issue, so that is what I did. I put a stop on payments to those platforms so I would stop getting negative overdrafts on my account. 

This practice of allowing transfers from insufficient, unverified accounts, especially to high-risk merchants like online gambling platforms, is not only predatory, it violates the principles of responsible money transmission. My account was negative, I told them that, and XXXX  then tried to debit {$14000.00} dollars on my account. 

I am requesting that the CFPB review XXXX ACH risk and dispute-handling procedures, particularly for gambling-related payments, and require that they reverse this transaction and cease any debt collection activity related to it."
4556,"Right path servicing is my mortgage servicer. I had a loan modification approved, signed and finalized with an approved finalized partial claim. I have an FHA mortgage and it was approved and finalized in the beginning of XXXX. We sent back all required documents in time signed notarized check by my HUD Lawyer family member everything was correct, right path servicing confirm that everything was signed finalized and approved. The first payment was made in XXXX as long it was made in XXXX it was OK and the first payment was the start of a new loan modification upon completing that which it was paid on XX/XX/2023 it was Sent out at that time because the loan servicer had a customer computer breach and told me dont send any payments now a month or so later they approved me for a second one after the reversing the original and raise my payment {$500.00} that is them breaching the contract. I need them to honor their contract, I will not sign since one was already finalized. Thank you."
4557,"On XX/XX/XXXX, I purchased a used XXXX XXXXXXXX XXXX from XXXX XXXX XXXX in XXXX, CA. The deal was structured with a {$20000.00} down payment funded by a XXXX XXXX XXXX XXXX XXXX XXXX ) pre-approved auto loan blank check ( which requires XXXX to be the first lienholder ) and {$9800.00} financed through Westlake Financial. 
In late XX/XX/XXXX, the finance manager at XXXX XXXX XXXX informed me that Westlake is the first lienholder and that the only way to resolve the issue is for me to take out a personal loan to pay off Westlake. 
As of XX/XX/XXXX ( over 90 days after purchase ), the California XXXX has no record of any registration or title submission for the vehicle only a smog test is recorded. The dealer-issued temporary operating permit has expired, and I am unable to legally drive the vehicle.

No permanent registration or plates have been provided, and the lien/financing conflict remains unresolved despite my attempts to work with the dealer and Westlake. 
I am seeking resolution, including proper titling with XXXX as lienholder, cancellation of any conflicting financing, issuance of registration/plates, and no additional cost to me for the dealer 's handling of the transaction."
4558,"Interoffice emails from banking officer internally deleted. One of the six survived & XXXX XXXX started a review. They can't go d deleted emails or review. ( Repetitive patterns of lies and incompetence as in poor follow through modification reqhezts. Can't find those either ). 
Hired attorney to find out why they didn't let me apply. They stonewalled him, still did not let me apply & now say they would only communicate with him in the bankruptcy but this was two years before the bankrt (? ). Absolutely Kafkaesque! 
XXXX said they would not let me apply for a new loan ( illegal ) & said the advertised rate on the radio was not offered ( violation of her in advertising ). Repetitive patterns of illegality. 
XX/XX/XXXX bankruptcy filing withdrawn on XX/XX/XXXX, not dismissed in XXXX."
4559,"On XX/XX/2019, I received a XXXX Payment of {$350.00} from XXXX. Funds were instant and all was well until XX/XX/2019. There was an unrecognized charge of {$350.00} labeled as Misc Debit. I assumed this was a XXXX payment reversal so I contacted USAA to fill out a research form to provide me more information it as there was no information on the charge. 

I let time pass and I accepted my loss and had moved on, however recently I wanted to understand what the charge was for so I contacted USAA on XX/XX/2019 and started a call with them at XXXX XXXX  EST. The rep was very kind and assisted me in getting senior specialists to assist in determining what the cause of the charge was. They spoke with their executive big boys/gals and they stated that they were not able to determine the cause of the payment debit other than related to a transfer. They stated if it had been a XXXX  reversal it would be stated as XXXX reversal. Informed that in order to look into it further I would have to get a court-order subpoena to have execs provide internal information as to why my account was debited {$350.00}. 

So here 's the bottom line, USAA admitted that it was not a XXXX payment reversal. Stated that there were no disputes received in regards to the XXXX payment of {$350.00} and that they're unable to provide any further information as to why my account was debited {$350.00}. I do not wish to classify this as an unauthorized charge, but I would allege that it is until USAA is willing to provide accurate information. I trusted USAA to protect my assets and at the drop of a hat {$350.00} poofs and 0 explanation can be given. 

USAA is a great company overall when it comes to my banking needs and would not choose another bank, but the future looks grim if they lose track of their customer 's finances."
4560,"I have a Checking Account with PNC. My account became overdrawn because PNC decided to pay for some charges for {$4.00} and {$6.00} and {$10.00} and so on. PNC covered maybe 6 or 7 charges. Yes this was an oversight on my part, however, they should have just rejected the charges, instead they paid it off and charged me {$36.00}. They gave me about 6 or 7 {$36.00} charges and then they charged me and still charging me to this date {$7.00} a day for a continuous daily overdraft fee. That is absolutely ridiculous. If I could NOT pay for a {$4.00} charge why would you charge me more and more daily. Insane. So now im getting all these harassing calls from PNC not to mention my account is now at about {$400.00} in the negative and they are still charging me {$7.00} per day. Can someone please help me out on this. I am a XXXX XXXX and my pay check is deposited directly into my checking account and they know this so that 's why I am being taken advantage of. Please help."
4561,"Company name : XXXX XXXX XXXX  ( loan originator ) XXXX XXXX XXXX XXXX XXXX XXXX XXXX XXXX  Product : Personal loan / Line of credit I am a North Carolina consumer with a high-cost loan originated by XXXX XXXX XXXX XXXX XXXX XXXX XXXX XXXX XXXX XXXX XXXX  ). The stated XXXX on this account is approximately 244 %, which I believe is predatory and not sustainable. 

The loan is structured so that the vast majority of each payment goes to interest, with little to no reduction of principal. This creates a debt trap rather than a reasonable path to repayment. 

I am experiencing financial hardship and have formally revoked XXXX authorization under the Electronic Fund Transfer Act ( Regulation E ). Despite this, I am concerned about continued pressure to make payments under terms that are not fair or affordable.

I am requesting regulatory review of this loans structure, disclosures, and servicing practices, as well as assistance in obtaining a hardship accommodation, interest reduction, or other reasonable resolution. 

I am not refusing to resolve the debt ; I am seeking fair treatment and relief from a loan that is causing ongoing financial harm. 



I am requesting hardship consideration, fair repayment options, interest or fee reduction, and confirmation that XXXX authorization has been revoked. I also request that all communication be in writing. 

I reside in North Carolina, where payday lending is prohibited. 
This loan would be illegal if not structured through a bank partner. 
I believe this loan warrants regulatory scrutiny due to its excessive APR and debt-trap structure."
4562,"Our loan was sold, to a company with very poor reviews. We had never had an issue with our prior company, since the loan was sold they have failed to run payments, cashed cashiers checks for payments yet failed to credit them. We sent a XXXX cashiers check that was cashed XX/XX/XXXX. We sent another XXXX cashiers check that was cashed on XX/XX/XXXX and another XXXX on XX/XX/XXXX that I have verified was cashed but am waiting on the confirmation of the date cashed, believe it was the XX/XX/XXXX. That's XXXX we have received no credit for. Shellpoint says last payment was XX/XX/XXXX. They have made it impossible to refinance to get away from them by reporting us late since XX/XX/XXXX. Shellpoint claims we have an outstanding balance of XXXX yet we have sent XXXX in cashiers checks that have been verified from our credit union as being cashed."
4563,"On XX/XX/XXXX, I was in XXXX Texas attending the XXXX  festival. I believe that I was pickpocketed at this event. I did not realize that my debit card was missing until later when I took the XXXX back to the hotel. I opened my Chase app and realized there were two charges that I did not recognize. One of the charges was for {$100.00} for XXXX XXXX and the other charge was for XXXX XXXX for {$37.00}. I immediately went into the app and locked my debit card and proceeded to contact Chase. They informed me that they would unlink my debit card from any and all apps and that they would cancel my card and send me a new one. They also informed me that they would be doing an investigation into the incident and would let me know what they found out. 
I then decided to get on the phone with XXXX and tell them about the situation. They looked up the transaction that was for {$100.00} and informed me that someone from a different account had made this purchase. They asked me if I had another account and I told them that I did not. They also informed me that this person had attempted to make two separate transactions after this first transaction. They informed me that they would close down this account and unlink my card. They suggested that I change my password and so that is what I did. I then called Chase back and told them about what I had found out. They said that they would put it in their notes and would let me know what they found out in their investigation. 
I then received a notification on XX/XX/XXXX via my app. The notification did not clarify specifically what they had found. The only thing that they said was that the charges were authorized, and that there would be no adjustment to my account. I do not feel that I was given a clear explanation, and I do not think in any way that it is fair that I have to lose my money when someone else made these charges."
4564,"XX/XX/year> Texas almost XXXX, XXXX XXXX with Social Security exposed and a massive data breach with Trans Union. Trans Union confirmed that the stolen person information include customer name date of birth Social Security number. I have unauthorized accounts and inquiries on my credit report behind this data breach, Im asking Trans Union to dispute them three unauthorized in hard inquiries in this mid XXXX XXXX unauthorized account Person information leaked out in a data breach with Trans Union."
4565,I was just told that I didn't receive the job at XXXX XXXX XXXX  XXXX because of an Aggravated Assault from XXXX. I gave consent for XXXX XXXX to do a background check for either 7 or 10yrs. Criminal record from XXXX  and XXXX  was released to XXXX XXXX XXXX  XXXX and therefore I didn't get hired.
4566,"The debt collector calls me everyday, not just once a day, but multiple times a day, including weekends. They ask for XXXX different names that I have no connection with, and do not know. They are very rude over the phone, before I can explain to them that they are calling the wrong number, they hang up and I can never explain it to them. When I call back to see what they are calling for, they will not tell me who they are and what company unless I first tell them my information. So I had to backtrack their phone number to find out who they are. 
They company is Coachella Valley Collection Service Located in XXXX XXXX, CA Phone number : XXXX"
4567,"I got behind on my payments after being on time for 15 years. I made my last payment of XXXX in XXXX and XXXX turned it over to Rushmore. With them I filed a loss mitigation form and was accepted. They put my deceased mother on the contract so had to send a death certificate. I received a letter in XXXX saying they received it and then 3 weeks later received a letter saying it was filed. They were suppose to send a new package but still have n't received it and no one can give me an answer when I call. I feel like they are avoiding me, I do n't want to lose my house. I 've called XXXX XXXX who is over the loss mitigation department and is handling my account but she only returned my call one time during my work hrs so I called back and left my cell phone number and she still have n't called me back."
4568,XXXX Credit line inquiry on XX/XX/XXXX - called and company will submit fraud inquiry to be investigated XXXX XXXX Credit line inquiry on XX/XX/XXXX - called and company will close application XXXX XXXX XXXX Credit line/loan inquiry on XX/XX/XXXX - Successful- charged {$610.00} loan - company submitted fraud application to be investigated by company JP Morgan - Credit line inquiry on XX/XX/XXXX - called and company will submit fraud inquiry to be investigated
4569,"On XX/XX/2022, I received a text from a number claiming to be from XXXX 's fraud department claiming that someone was trying to purchase a XXXX XXXX  and to call the number on the text to let them know it wasn't me.. I then called the number and the person that answered said they were with XXXX 's fraudulent claims dept and that they needed to gain access to my phone remotely to XXXX  hackers from XXXX XXXX and XXXX that were trying to use my IP address to run a XXXX XXXX XXXX  Under duress I gave them access to my phone They then started purchasing XXXX XXXX  and stocks in XXXX XXXX XXXX  and they would sell both and then transfer the funds back into my bank account. They did this repeatedly for the next 3 hours, never allowing me to use my phone to call for assistance as it was being remote controlled by them. At some point they were distracted and I was then able to turn off my phone and when I turned my phone back on, I immediately uninstalled the application the used to remote control my phone. They tried calling me back numerous times then I blocked the number. At the end of this ordeal they had purchased XXXX of XXXX XXXX via my XXXX account and sent it to their personal wallet. I then notified Wells Fargo that I fell victim to fraud and they put XXXX back into my account as a provisional credit. Wells Fargo said they would investigate and would notify me in 30 days. I was notified that my claim was closed because I gave the scammers permission."
4570,"The government informed me on XX/XX/2020 that I would have my stimulus payment deposited into my PayPal account. However, PayPal has not processed my stimulus payment and it's not even showing in my account as pending, four days later. There is no way to get a hold of PayPal by phone and they are claiming that they don't have enough staff to man the chat on their website for customer services. This seems contradictory though, because employees online are claiming that they were sent home with computers so they could work from home. Either way, I have been ignored by the company and was also told by whoever mans their XXXX page that if I post anymore information about how people can file a complaint against PayPal for this mismanagement of their account/money would get me blocked from posting on their page. So, in all ways, I am being shut down as a customer by the company. With this being during a world-wide pandemic, they have made mine and my family 's suffering even worse, as we are heavily relying on that stimulus payment."
4571,"Subject : Complaint Regarding American Express Denial of Fraud Dispute Due to Delayed Discovery I am submitting this complaint regarding American Express and its handling of a dispute involving fraudulent misrepresentation. In XX/XX/XXXX, I used my American Express card to pay unitedpassport.com for what was as an official U.S. passport processing service. The merchants website and communications strongly implied affiliation with the U.S. government, which led me to reasonably believe I was using a legitimate government service. In XX/XX/XXXX, when I attempted to complete my childs passport application through the United States Postal Service, I was informed that this company is not affiliated with the government and that I had been scammed. I immediately filed a dispute with American Express upon discovering the fraud. However, my claim was denied solely because the charge occurred more than 60 days prior to the dispute. American Express did not appear to consider the critical fact that : The merchant engaged in deceptive practices by impersonating a government agency This deception prevented me from discovering the fraud within the standard dispute window I acted promptly and in good faith once the fraud became known This is not a typical billing dispute, but a case of fraudulent misrepresentation and services not rendered as advertised. The denial based only on timing fails to account for the delayed discovery caused by the merchants conduct. I respectfully request that the CFPB require American Express to : Reopen and fully investigate this dispute under fraud/misrepresentation guidelines Consider the delayed discovery timeline rather than applying a strict 60-day limit Issue a chargeback for this transaction I am prepared to provide supporting documentation, including receipts, communications, and evidence of the merchants misleading claims, as well as proof of when the fraud was discovered. Sincerely XXXX XXXX XXXXXXXX XXXX"
4572,"I received a statement for {$660.00} from XXXX. I paid the amount in full by check sent on XX/XX/year> and it was cashed by the company and cleared my bank account on XX/XX/year>. Today I received a collection letter from a debt collection company dated XX/XX/year> requesting payment of XXXX from XXXX XXXX. 

I will be communicating this information to the debt collecting company, but apparently XXXX continues to fraudulently bill and send customers to collections inappropriately. This is not okay."
4573,"1. Synchrony Bank is illegally trying to make 2 MC credit cards into general-purpose credit card store cards like Lowes or XXXX XXXX XXXX 
2. Today 's date, XX/XX/2023. I checked my available credit on my Sam 's Club MasterCard. I sent in a payment of {$700.00}, but I only had the available credit of XXXX available on the card when I looked up it online, the XXXX Dollar payment has got there. The available credit was wrong and the available cash was wrong also I called the XXXX number of Synchrony Bank ( Sam Club ) and then they just released the hold with no reason at all. Then my available credit jumped up to {$800.00}. But the available cash stayed the same and I was not given a good reason why there was a hold on my available credit I also paid a bill, and a Synchrony Bank credit card ( Walgreens ) while online the web page asked me to use another checking account to make a payment. both these cards Sam and Walgreens which are under Synchrony Bank are trying to tell me how, when, and when to spend my money. And when I speak to them on the phone, Im not going to pretend to be happy about it."
4574,I would just like this loan reviewed to see if it all legal. I have been paying {$84.00} every other week since XX/XX/XXXX to pay off {$1100.00}. Almost XXXX XXXX years and they said I am set to pay until XX/XX/XXXX. Is all this interest legal? They take payments directly from my checking account.
4575,"XXXX was informed of billings to my credit card with XXXX from Google. Google has a ridiculous policy of only allowing 48 hours to request csncellatiom for a refund. How is this legal? All other credit card and service providers are a minimum of 30 days to allow for a cancellation. 

Second, XXXX never received from Google, from Google 's own website where I cancelled 4 months worth of XXXX XXXX and I cancelled this charge every month from the very beginning with Google! There are 4 charges of {$75.00} per month for XXXX  that was purchased through Google and canceled through Google. When is Google actually going to reply pond with canceling their billing for services no longer desired by their customers? I ask, as I am still being billed!

This is outright billing fraud!"
4576,"Professional Credit Service, a collection agency of ill repute, that has thousands of complaints, has illegally inflated a prior bill from XXXX  in XXXX, to an amount that would be allowed to be put on my credit report. It was a bill for a much smaller amount, that was covered by insurance and should have been run through my health insurance in accordance with the law. This bill was XXXX percent covered by my health insurance which would leave it paid in full. This information was conveyed to prior companies also attempting to collect this same supposed debt, as well as Professional Credit Service. Bottom line, Professional Credit Service took an old bill, that was covered by insurance, that if XXXX ran through said insurance, ( which in accordance with the law they are required to do ), would have been fully paid and satisfied. In an attempt then to extort money, Professional Credit Service created a new bill of an amount that would allow them to skirt the law on medical debt and place their fake bill on my credit reports. I have contacted XXXX XXXX  who claim Professional Credit Service does not represent them and is illegally collecting this false bill of a completely fabricated amount."
4577,"On XXXX, I found out that {$310.00} XXXX XXXX ) was taken from my account without my permission. I've called The Bank of America, and they had sent me a Unauthorized ACH Return Form which I need to fill out and FAX it back to them and told me to wait for updates. After I did fill out the form and FAX it back to them, for about 2 weeks I decided to call again and they told to that I still have to wait for about 2 months. Then I called back again, they told me that my I didn't fill out the form in the time frame of 24 hours on XXXX, when the transaction was taken, and that my claim was closed/deny and that the bank couldn't do anything about it, so my money can not be return back to me. I do not believe that there is such rule about me having to fill out a form in 24 hours on the day the transaction was taken, usually in this situation the bank would resolve the issue and give back my money but whenever I try to call again to figure out a solution they answer with why I am calling again and asking the same question and to figure it all out myself. I called the police seeing if they can help, and when they called The Bank of America for me and the bank said that they would send another form for me to fill out and FAX back, which I did and I called back to make sure weather if they had received the form or not, they replied saying why I'm calling back again and that my claim was closed they can't do anything about it. So now, I am hoping that you can help me get my money back."
4578,"I am filing a complaint against Cash App ( Block , Inc. ) due to inadequate customer service and unfair practices, which violate the Consumer Financial Protection Act ( CFPA ). Specifically, Cash App failed to take timely and effective measures to prevent and address fraud on their platform, leaving my account vulnerable and unprotected. Furthermore, their dispute resolution process was unfair and deceptive, as they did not comply with error resolution requirements under the Electronic Fund Transfer Act ( EFTA ) and Regulation E. These actions have caused significant inconvenience and financial loss, and I seek appropriate redress for these violations,"
4579,"ON XX/XX/2022 we went to XXXX attended the presentation. XXXX XXXX ( different name on the credit card statement ) try to sell us membership ( said that it was not time share ). The price was too high, we were told we have 2 years to cancel with full refund. later found out that was not true. It's only XXXX days to cancel. This is fraud, and now they don't want to cancel the contract saying that I signed the contract. This is another lie because they emailed the contract on the wrong e-mail address, so I never received the contract. When they send me the signed contract i see that they used my signature ( fraudulently ) to put everywhere in the contract that I never received. 

The name showing on the credit card as a merchant is "" Loyalty travel destination '' but the name where to send payment and correspondence is "" XXXX XXXX XXXX ''. The business card shows "" club sunset '' and the place is called "" XXXX XXXX '' who knows how mayny more names there are."
4580,"I was not notified of my right to rescission as required by law under 15usc1635. I would like to rescind this transaction, retain possession of the property, and receive compensation for payments/ down payment sent to this company. in accordance with the law."
4581,"I am an XXXX citizen and resident. I was in XXXX in holiday and the company, Coinbase, closed my account. I provided them with my passport and my residence documents, explaining them that it was just an holiday and as a XXXX citizen I am allowed to go to XXXX. They closed my account, took my money and never replied to me. It 's been over 20 days and I am very worried because I lost my money and they do not want to reply to me. I wrote several emails, provided all the proper documents and asked several times to be able to receive at least an answer, but no one from their team wants to reply to me. I tried also on social media but no results. As a XXXX and XXXX citizen that has proved not to have any business or neither residence in XXXX, I thought it would be easy to solve my problem, but they do not want to resolve it. In the meanwhile they took my digital money. This situation is incredibly frustrating, providing all the documents and proof did not help. Thanks"
4582,"I was sent {$100.00} on Cash App by a family member to pay my light bill at XXXX XXXX on XXXX XXXX. I then had the money scheduled to go to my bill the following day. At XXXX XXXX on XX/XX/2019, I received some notifications on my phone stating that I sent {$20.00} then {$80.00} to a person that I did not know. When I went to look at my account it showed that someone had added their email to my account and sent the money to their Cash App account. When I went to refresh the page to look at the email address they had deleted their account by that time and also removed their email address from my account. I then went to ask for a refund of my money and the app said they were unable to request cash from that person. I also changed my pin number and removed my bank card from the account. After that I contacted the Cash App Support Team at XXXX XXXX on XX/XX/2019 and they contacted me back at XXXX XXXX on XX/XX/2019 and filed a claim. The support team contacted me back and said that they will investigate the claim and that I would hear back from them shortly. After I explained what happened, I have not heard from them since."
4583,"In accordance with the Fair Credit Reporting act. The List of accounts below has violated my federally protected consumer rights to privacy and confidentiality under 15 USC 1681. 

Account name : XXXX XXXX  Account name : XXXX XXXX, Account name : XXXX XXXXXXXX, Account name : XXXX XXXXXXXX, has violated my rights. 

15 U.S.C 1681 section 602 A. States I have the right to privacy.

15 U.S.C 1681 Section 604 A Section 2 : It also states a consumer reporting agency can not furnish a account without my written instructions 15 U.S.C 1681c. ( a ) ( 5 ) Section States : no consumer reporting agency may make any consumer report containing any of the following items of information Any other adverse item of information, other than records of convictions of crimes which antedates the report by more than seven years.

15 U.S.C. 1681s-2 ( A ) ( 1 ) A person shall not furnish any information relating to a consumer to any consumer reporting agency if the person knows or has reasonable cause to believe that the informationisinaccurate. 
Please remove these Inquiries from my credit report. 
These inquiriesarelisted : XXXX XX/XX/XXXX XXXX XXXX XXXX XXXX XX/XX/XXXX XXXX XX/XX/XXXX"
4584,"I received a postcard stating my student loans were part of a lawsuit, and I was eligible for compensation. Despite this, Ive continued making payments. I am requesting a full review of my account, as I paid Sallie Mae/Navient ( now XXXX ) hundreds of dollars in forbearance from XXXX to XXXX to keep my account current during financial hardship. Each period of forbearance only added more interest and fees, increasing my debt instead of helping. 

Navient consistently pushed forbearance as the primary solution, trapping borrowers in a cycle of mounting debt. These practices have placed an undue burden on individuals like me who were already struggling. The compensation I received does not seem to reflect the extent of my financial losses during those years. 

I respectfully ask that you review my payment history and determine if further compensation or adjustments are warranted. Thank you for your attention to this matter. I look forward to your response. 

Sincerely, XXXX XXXX"
4585,On XX/XX/2019 my bill did not go through when it was on auto-bill.I reached out to the company and they said that they saw the payment try to come out of the bank but it was rejected. They never notified me of the rejection and gave me this late payment. I now can not get a mortgage because of this mark on my credit and the company will not help me with this unfair situation.
4586,"Transferred money into Robinhood to trade cryptocurrency. When it came time to withdrawal they placed a restriction on my account and will not allow me to withdrawal my money. I tried to verify myself with them and they are not allowing me to, I have over {$34000.00} that they refuse to release to me. I have had multiple phone calls with over 2 hours hold times with screenshots to prove it. They are stealing money."
4587,"back on 2017 I came from third world country ( XXXX ) with a limited XXXX, I was buying a refrigerator. that a target employee approached to me and ask me if i want that XXXX XXXX XXXX which is giving us 5 % discount in every purchases. because I never used credit card before I thought it is some sort of coupon, but any way my wife without telling me she has used XXXX red card several times, later on with i find out to solve this issue with target i have visited XXXX customer service a few times but no body help me. they provided me a number that i was calling and with on the line for over an hour and nobody respond. 

please kindly consideration about this mistake, people with no experience it is really hard to understand how debit and credit work, Thanks,"
4588,"I am writing to formally express my concerns regarding Zelles handling of disputes particularly in light of the recent CFPB lawsuit highlighting significant issues with the platform. Despite using Zelle multiple times and reporting discrepancies, my financial institution and Zelle failed to investigate my claims adequately. They informed me that recovering lost funds was impossible and that tracking these transactions was infeasible. The CFPBs findings indicate that Zelle has not only neglected to protect its customers but has also allowed repeat offenders to exploit the system, leaving users vulnerable to scams."
4589,"I am currently in the SAVE plan with federal student loans who are managed by MOHELA. 

On XXXX I sent an application to MOHELA to switch from SAVE to ICR as a repayment plan. 

Current guidance from the Department of Education is that accounts who are unable to be switched expediently should be put in a processing forbearance which is eligible for PSLF I called mohela who stated that they would not put me in a processing forbearance, and do not project they will comply with my application expediently ( "" XXXX at the earliest '' ) I have tried multiple times to get in writing their rationale for this, but they have skirted around the issue by not answering in writing, asking me to call their office. 

Hold times with mohela "" specialist '' range at least 3 hours."
4590,"RE : Notice of Rescission and Billing Error Dispute To Whom It May Concern : This letter serves as formal notice of my intent to exercise my rights under the Truth in Lending Act, specifically pursuant to 15 U.S.C. 1635 and 15 U.S.C. 1662. Pursuant to 15 U.S.C. 1635, I hereby rescind the above-referenced credit transaction. This notice is being provided within the time frame allowed by law. As required under 1635 ( b ), you must return any money or property given in connection with this transaction and take appropriate action to reflect termination of the security interest within XXXX calendar days of receipt of this notice. Additionally, pursuant to 15 U.S.C. 1662, I dispute the following billing errors related to this account : Under federal law, you are required to acknowledge this dispute in writing within 30 days of receipt and resolve the matter within XXXX billing cycles ( not to exceed XXXX days ), during which time you may not attempt to collect the disputed amount or report it as delinquent. Please provide written confirmation that : XXXX. The transaction has been rescinded pursuant to 15 U.S.C. 1635 ; XXXX. Any security interest has been terminated ; XXXX. All funds have been returned ; and XXXX. The billing errors have been investigated and corrected. Failure to comply with these statutory requirements will result in further action to enforce my rights under federal law. I expect your full compliance within the time required by statute"
4591,"Paypal has permanently suspended my account with no real reson, i have tried contacting them but they have done nothing to help me, i have genuinely ever done anything wrong and i have not even used the account for any financial transactions, a close friend told me i can use this site to file a report, hoping you can assist me, the email linked to my account is XXXX paitently waiting for your assistance in resolving the matter"
4592,"Hello, I've had my Capital One Venture account since XXXX. It was no longer my primary card but I recently decided to begin re-using the account to keep it active. I called Capital One on XX/XX/XXXX to convert from a Venture card to a Quicksilver card and have those cards mailed to us so we could begin using the accounts again. At the time of my call, my account was open and in good standing with zero issues. I explained that we'd be using the cards more often and was acknowledged by the associate, who was more than happy to have the new cards shipped our way. 

Upon receiving the cards today, XX/XX/XXXX, I called Capital One to activate the cards and was informed that on XX/XX/XXXX my account was closed for inactivity and there was nothing they could do to re-open the account. 

Please note the account was closed 2 days after they mailed new cards for a reason I called to prevent, and before I had a chance to receive the cards. I called them immediately upon receiving the new cards in the mail. 

I am currently serving on XXXX XXXX with the XXXX and have served since XX/XX/XXXX. I read about another XXXX XXXX XXXX having his account re-opened with Capital One once they found out he served. Do I have any extra rights or ability to have my account re-considered since I have all the intent of using the account and do not want my average age of credit to take a hit with an unnecessary closure? 

I appreciate any and all help and thank you for your time and assistance."
4593,Capital One Bank is reporting an erroneous late on my credit file. I recently submitted disputes with the credit bureaus to dispute another late on XX/XX/2020. They removed this late but added this new XXXX late. I was NEVER late in XX/XX/2020. I am requesting this proof be provided to me. I was not late and this needs to fixed on my credit file.
4594,"On XX/XX/year> there were XXXX fraud charges to my debit card. Both to XXXX XXXX for {$240.00} and {$210.00}. This left my account with exactly {$.00}. I called immediately and told them to reject these because they were fraud. I was told XXXX  that they could do nothing until the charges posted. When they were no longer pending I call and they opened up a dispute and told me they would get back by XX/XX/XXXX. I thought I would get the money back in my account but the email said "" Based on our investigation no error occurred '' How could that be. I called and they said they would send the documentation but of course they never did. I called back and they asked if I could send in documentation. Really .. what documentation do I have for fraud charges. I did look up my ticket master account and sent them screen shouts showing I did not buy any tickets. I was told they would reopen my claim with the documentation I sent in. When I checked on line it said I had no open disputes. My last call lasted about an hour and I first talked to customer service who transferred me supposedly to the fraud department who said I needed to talk to the dispute department but disconnected me instead of transferring me. How can they be allowed to do business like this. The fact that I had only {$.00} left makes me feel like whomever took my money know exactly my balance.? inside person"
4595,"I pulled a copy of my credit report with Equifax and noticed an account that was not originated by me and therefore must be deleted. This also is a violation of identity theft pursuant to 15 USC 1681c-2. EQUIFAX XXXX XXXX XXXX needs to be DELETED from my credit profile with EQUIFAX XXXX The other XXXX credit reporting agency 's, XXXX and XXXX show nothing for this fraudulent account. I also filed a FTC complaint for this erronious account : REF # XXXX."
4596,"please see complaint XXXX. Midland funding attached a fraudulent certificate of summons. the summons shows that they swore under oath to serve a XXXX XXXX XXXX XXXX woman XXXX in height. I am almost XXXX XXXX XXXX and nearly XXXX '' furthermore no one lived at my previous address but myself and my now XXXX XXXX XXXX son, they have lied under oath in order to get a default judgement. in a previous complaint they indicated that this is for a XXXX credit card yet in a XXXX response they submitted false docs showing compute equipment. they have yet to verify the other midland funding account yet it has been reported on my credit report for years"
4597,"I recently refinanced my home through Rocket Mortgage ( Quicken Loans ). I was told my loan was due on the first but I had until the XXXX to pay before my loan will be considered past due. 

It was going fine with auto pay until Rocket Mortgage ( Quicken Loans ) decided to change the date for their billing statement to the XXXX of the month. No advanced notice was given that if I did not change the date of my auto pay that I would be considered past due. 

It was not until I received my last billing statement in the mail that my loan showed that I was past due by one payment. 

I consider this a deceptive practice by Rocket Mortgage ( Quicken Loans ). If I now had to show my billing statement to someone in order to obtain a new loan it would show that I'm late by a payment. 

I contacted Rocket Mortgage ( Quicken Loans ) and they advised I'm not really late and it just shows that I am on the statements. This makes absolutely no sense. If I'm not really late why are my statements showing that I am. Since I am very concerned about what is on paper along with what my credit report shows this has forced me to move my auto pay date to the beginning of the month. Moving the auto pay to the beginning of the month also forces me to move up my payment by one pay check which impacts my overall budget. 

Rocket Mortgage ( Quicken Loans ) should be ashamed of themselves for such an underhanded and deceptive practice. They advertise a mortgage experience engineered to amaze and this definitely does not fall into that category. I'm completely disgusted by this billing experience. 

I would like my mortgage statement fixed to show that I was never past due since according to them I'm not and it just shows that I am. 

It makes me wonder it they think they move the statement date up that they can have more funds on hand sooner to originate more loans. If this is not the case I would like them to explain why they would do this."
4598,"XXXX : XXXX XX/XX/2024 Equifax, XXXX, and Equifax Subject XXXX Dispute of Negative Items on Credit Report Dear XXXX, Equifax, and XXXX I am writing to formally dispute the multiple negative items listed on my credit report, as provided by your agencies. I request a thorough investigation of these items, as I believe they are inaccurate and in violation of the Fair Credit Reporting Act ( FCRA ). 

The negative items I wish to dispute are as follows : XXXX. XXXX XXXX  ( Equifax, XXXX, XXXX ) XXXX. XXXX Bank XXXX XXXX, XXXX ) XXXX. XXXX XXXX ( XXXX, XXXX ) XXXX. XXXX XXXX ( XXXX, XXXX ) XXXX. XXXX XXXX Bank XXXX XXXX, XXXX ) XXXX. Department of Education XXXX XXXX, XXXX ) XXXX. XXXX XXXX Bank XXXX XXXX, XXXX ) XXXX. XXXX XXXX ( XXXX, XXXX ) XXXX. ALL INQUIRIES NOT TIED TO AN ACTIVE ACCOUNT. 

These negative entries are related to adhesion contracts, which I believe are inherently unfair and may not represent a true reflection of my creditworthiness. I am requesting that you provide validation of these debts, including the original creditor information and any signed agreements.

Additionally, I have concerns regarding the involvement of your agencies in practices that may be construed as peonage. Peonage is an illegal system of involuntary servitude and is punishable under federal law. Should I find that these negative items are not only inaccurate but also tied to predatory practices, I will take further action to protect my rights.

Please investigate these matters and inform me of the results at your earliest convenience. I appreciate your attention to this issue, and I expect a response within the XXXX timeframe as mandated by the FCRA. 

Thank you for your prompt attention to this matter. 

Sincerely, XXXX : XXXX"
4599,"I made reservation online to stay for the period of 4 nights at XXXX XXXX XXXX XXXX in XXXX, XXXX. Upon arrival at the hotel, I made the payment with Capital One credit card for the booked reservation. After spending a sleepless night at the hotel I had to check out early next morning due to the unbearable conditions at the hotel : No hot water, loud noise coming from street, music, holes in the windows and balcony doors of my room. At the time of checkout I requested the front desk clerk to refund money, and they provided me the receipt in Spanish with total amount. After coming home from my trip, I found out that the hotel still charged my credit card for the full amount of the reservation. I contacted Capital One and disputed the transaction. I explained that I was unable to stay at the hotel due to the fact that hotel could not provide the basic necessities for my stay : hot water, ability to sleep at night. After two months of dispute resolution process Capital One refused to refund my money. When I asked the bank representative why or what they based their decision on, they answered that I did not provide sufficient evidence to support my claim. I wrote two letters to explain what happened and to respond to the letters from XXXX XXXX XXXX representative. 
I submitted other documents to the bank, receipts, etc. I am not proficient in Spanish. The hotel XXXX XXXX failed to provide a room with minimum required facilities for enjoyable stay : not hot water, no ability to sleep. Nevertheless, they unjustly enriched themselves by charging me for the services they did not provide, and Capital One refused to refund my money. 
I can provide all the documents and correspondence with Capital One to help you resolve this issue. Please, I need your help to help resolve this problem."
4600,"In XX/XX/year>, I applied for the PSLF Buyback Program in order to purchase my remaining two qualifying payments so my loans could be forgiven. At the time of application, I was informed that the process would take approximately XXXX weeks. It has now been several months, and despite calling twice for updates, I have been told only that there is no time estimate and that no supervisor or escalation option is available. I was told the only option was to "" keep waiting. '' This delay is having a serious impact on my life planning. I am currently in a toxic work environment due to a new manager and have an opportunity to move to a private practice role that would offer greater stability, flexibility, and improved compensation. My fianc and I are also planning our wedding and hoping to start a family. Unfortunately, I can not leave my current nonprofit role without losing my eligibility for PSLF, which places me in an untenable position both professionally and personally. The prolonged uncertainty is also affecting my mental health. 
I am respectfully requesting assistance in reviewing and expediting my Buyback Program application or, at minimum, providing a clear status update and realistic timeline for resolution. I have fulfilled my public service commitment in good faith and simply seek closure on a process that appears to be stalled with no available recourse through standard customer service channels."
4601,"I demand that this be deleted from my credit report effective today as I do not recognized this account, no knowledge and no prior contractual obligations with this company. You violated my rights rights under 15 USC codes sections XXXX d, XXXX f g of FCRA/FDCPA. Remove from my credit report. You violated XXXX of the FDCPA by engaging in conduct that the natural consequences of which was to harass, oppress, and abuse client in connection with the collection of an alleged debt and the collection letter you sent me which contains veiled and empty threats of legal action ; You violated XXXX of the FDCPA by its use of any false, deceptive, or misleading representation or means in connection with the collection of any debt when you engaged in, at least, the following discrete violations of XXXX ; You violated XXXX ( XXXX ) ( A ) of the FDCPA with its false representation of the character, amount, or legal status of any debt and the collection letter you sent me which contains veiled threats of legal action against me, the client ; You violated XXXX ( XXXX ) of the FDCPA by its threat to take any action that can not legally be taken or that is not intended to be taken when you sent me the collection letter contains veiled threats of legal action against me, the client ; You violated XXXX ( b ) of the FDCPA by engaging in collection activities that overshadowed or was inconsistent with the disclosure of the consumers right to dispute the debt with the language it used in the Collection Letter ; and You violated XXXX of the FDCPA by its use of unfair or unconscionable means to collect or attempt to collect any debt when you engaged in all of the misconduct alleged herein."
4602,I deposited a check in a total of {$700.00}. Prior to depositing the check I contacted customer service to ask about necessary procedures and steps before depositing the check. After I deposited the check the funds were verified and TD Bank decided to close my account with no reason. I requested a reason for the closure in writing but was denied that too.
4603,"I am XXXX XXXX XXXX and I am submitting this complaint myself and there is no third party involved. Upon reviewing my updates, incorrect information was found still in my reports. The Equifax Credit Bureau has not complied with the Fair Credit Reporting Act, 15USC Sections 1681i, and continued reporting as unverified information without any proof provided, within the time allowed by law, is not authorized. Below are the accounts and inquiries that are still reporting on my Credit Reports and need to be deleted completely from my Credit Report : XXXX XXXX XXXX XXXX XXXX XXXX Balance {$0.00} XXXX XXXX XXXX XXXX Balance {$8800.00} XXXX XXXX XXXX XXXX XXXX Balance {$0.00} EQUIFAX XXXX XXXX Inquired on XX/XX/XXXX XXXX BANK Inquired on XX/XX/XXXX XXXX BANK Inquired on XX/XX/XXXX XXXX - XXXX SERVICE Inquired on XX/XX/XXXX XXXX Inquired on XXXX XXXX, XXXX"
4604,"my mortgage loan has been sold or transferred to another company. during this process it appears that they somehow lost an escrow payment. I have had this loan open for over 6 years and never missed a payment. I escrow monthly for my property taxes. I received a letter telling me that I am {$2500.00} short in my escrow account and either have to pay my mortgage servicer {$2500.00} now or they raise my payment to cover this difference. I did not have {$2500.00} to cover this shortage and there SHOULD NOT BE A SHORTAGE since I pay my mortgage and never missed a payment. I called the escrow department, showed them proof that mortgage payment was never missed, the escrow department acknowledged this fact, yet they stated I still needed to continue to pay an extra {$200.00} per month that I can not afford or they will not accept my payment, essentially forcing me into default if I do not comply with their demand. I asked for them to put my escrow on hold while they investigate, they refused and told me if I want to stop escrowing for taxes I would need to login on their site and make a request. They told me it would take over 1-3 months to do an analysis and figure out where they lost my money to pay my property taxes and while they try to figure this out, I am forced to pay an additional {$200.00} per month or go into default if I can not afford it. I am XXXX years old, I live on social security and I am now forced to not pay other bills in order to maintain my current status on my mortgage. This is an absolutely egregious error on their part, they listen, they agree I'm right, but because they can not figure out why they lost a payment due to a transfer of servicing, they are putting the onus on me to pay for their incompetence and mistakes."
4605,"In XXXX of XXXX we applied for HAMP Modification for the pandemic for a two month deferment but they approved us for 4 months. We skipped two payments and began to pay as normal. We started getting mail that we were going into foreclosure. I contacted LakeView Mortgage and I paid those two payments that we skipped to stop the letters. 
I told them not to do the HAMP paperwork but they applied the 4 months of payments to the loan anyway. Skip forward to present, we are trying to get a Home Equity loan and the ( HAMP ) Deed of Trust ( XXXX ) ( for account XXXX ) needs to be paid off in order to have the XXXX as second position. We can not get any information from HUD or LakeView Mortgage to find out how to pay that lien off. We close on the XXXX until we get this info. 
We even called the Trustee XXXX XXXX XXXX  office and got nowhere. 
I have two emails from HUD saying that in four days we will get a reply. But still no information how to pay this off. The XXXX shows the Secretary of Housing and Urban development as "" lender ''. XXXX XXXX and Page 1836 Any help with getting this XXXX paid and released would be of great appreciation."
4606,"Car loan was re-financed with XXXX XXXX and GM financial is still reporting that my account is open with them on credit report. They are also reporting two late payments on my credit report, which they were just moved to the end of the loan. I called twice and still can not get this resolved. It is impacting my credit profile and dropping my credit score. 

Gm financial needs to report to all credit bureau 's that the account is closed, paid in FULL, and they need to update the bureau 's that there were not late payments. If not corrected within 30 days, I will seek legal action."
4607,"Repeated Cold Calls from "" Discover '' offering to lower my interest Rate. 

I have not had a Discover account for years. 

I have repeatedly asked them to stop calling me ; but the calls continue. 

Most recent call came from XXXX on XXXX at XXXX AM CST My numbers are in the "" Do Not Call '' registry"
4608,"My car was stolen. My information was shared with a third-party company to repossess my vehicle without my written and/or verbal consent. There was no court order to repo the vehicle which is illegal, and they stole it grand theft auto. According to UCC & 9-609. They breached my peace and caused damages. 

XXXX XXXX XXXX - XXXX"
4609,"According to 1681o. Civil liability for negligent noncompliance and 1692d. Harassment or abuse under federal law, Resurgent Capital Services is engaging in said violations of latter federal statutes. Resurgent Capital Services did not provide within 30 days of their notice of alleged debts which apparently goes back several years, and furthermore do not enclose a date of when this alleged debt occurred. There is no itemized receipt that was produced within the afforded time frame of 30 days, nor any evidence that I owe any money to XXXX XXXX. In fact I have never had XXXX XXXX service as my current provider is XXXX, and before that I had XXXX, I do not owe any money to this alleged account. Thus, I hereby refute the validity of this collection attempt, as null and void. This company needs to cease and desist and not communicate with me again on a debt I do not owe."
4610,"My US Bank Savings account was hacked online on XX/XX/20. There were transactions that were made that I did not authorize. Some of the charges were reversed with the exception of XXXX XXXX transactions in which they denied my claim stating they were authorized by fingerprint authentification. I have called several times to speak with a manager and I pretty much have been getting the run around because I have yet to speak with one. The crazy thing is 5 days prior to my account being hacked, I received an alert on my phone stating information changed on my account, and if I did not make the change to call the bank. When I called the bank nothing was never verified and she told me it was probably a delayed alert."
4611,"I was automatically deferred for repayment by enrolling in a college that participates in the nation student loan clearing house. As a result of my deferment, the private lender, Discover Student Loans, removed a 0.5 % interest rate deduction I was receiving for on-time payments. I called the lender today ( XXXX/XXXX/XXXX ) ( after a secure message sent on their website on XXXX was not responded to XXXX to remove the deferment ( since I did n't want to be in deferment anyway XXXX and to return my account to repayment status, however, because of the way their system works, this repayment status wo n't take effect for another XXXX months in XXXX, therefore the XXXX % interest rate reduction wo n't be in effect until after that XXXX date. My interest is capitalized into the loan after deferment ends, so as a result of no action of my own ( since this was triggered by an automatic process XXXX, they removed a loan benefit from my account and will not restore it promptly, causing me financial loss as a result."
4612,"I have messaged, and called Paypal trying to close my account. They are refusing to do it, even though I have no money in my paypal account, no transactions pending, etc. My account is not limited. I would love to attatch screenshots, but because I called about closing my account ( it tells me to call when I try to close it in my account ) they froze my account so its still open but I cant access it! I'm supposed to call back in 3 days to see if they will unfreeze it and maybe close it then. This sounds rediculous, but this is what I'm dealing with! I have called 3 times, and messaged in app."
4613,Yes I applied for a XXXX loan on line with XXXX main financial. Pre approval. Than they called me asked me my finances and too bring in my pay stub. I told them I'm on XXXX. They said no problem. I told her I need the money too pay off my 2major credit cards. She said come down your approved. So I sat down with her and she said looks good. Than she left talked too someone I guess. Said I can get the loan because if my finances the loan payment would have been XXXX a month. I was happy. I could afford that. Paying biff the 2credit cards would have saved me on both cards like XXXX ; a month alone. They did not figure my finances right. I know what I can afford. She said we don't go by credit. We got by what you can afford. They did run my credit they lied. Lost 6points. Hard inquiry. Want them too contract all 3credit bureau 's get them delivered out of courtesy. Also XXXX XXXX just approved me for a loan also. They lost good customer.
4614,"Mortgage was transferred to GreenTree servicing XX/XX/XXXX. We have had nothing but problems. 
1. Applied for loan modification under XXXX. They told us our mortgage/payments HAD TO BE CURRENT, and eventually only qualified us for a XXXX yr term. 
2. Called my employer ( School that I teach at ) and harassed me and disclosed our financial state with the school secretary numerous times. I was called/harassed at home numerous times even though we told them we filed Chapter XXXX. 
4. When I called to make payments, was told I had to use Speedpay and there was a {$12.00} fee. 
5. Often time, even now, I make my payments online and it takes them 2+ weeks to post them to our account. Often times, we are changed a late fee as a result. 
6. MOST IMPORTANT : We have NO CLUE what our balance is and what is going to principal or interest. We do n't get statements- they tell us we will not get statements since we filed Chapter XXXX although we did n't file it on our home/mortgage. 
7. WE ARE BEING CHARGED $ XXXX AS BANKRUPTCY FEE FROM GREENTREE. When I call and inquire ( numerous times ) they claim "" We will look into and get back to you. '' THEY NEVER HAVE IN 2 YEARS. 
8. We had an overage in our impound account- Like {$4000.00}. When we asked to have that refunded to us, we were told numerous times "" A check is on it 's way to you. '' We never got a refund. We were then told the overage was added back to our principal ( even though they will not give us a statement/ account summary of our balance so we could verify this. '' 3 months later, they sent us a bill because our impound account was short $ {$.00} 
9. We do n't know who our mortgage servicer is now- We have n't received a letter or statement in 3 months. We "" heard '' on the news Greentree does n't exist and do n't know who to pay or call. 

We feel soo robbed, and ripped off. We are still being charged $ XXXX monthly for "" bankruptcy fee. '' PLEASE HELP US!!!"
4615,"I have received repeated calls from a debts collector named Midland Credit. They said I owe numerous credit card debts and I need to settle it now. I owe over {$4000.00} and I need to settle it now, they are going to take it to an attorney if I do not settle it now. They have called me more than 8 times a day on either my house phone or cell phone. They have even called after XXXX at night. They answer the phone just saying hello and the guy even laughed when I was asking questions. I have NEVER received any type of notice or anything stating anything the man said. I believe they are harassers and just want my money. We are in a Pandemic and he was demanding money. They are using scare tactics."
4616,"I financed a XXXX XXXX XXXX back in XX/XX/XXXX of XX/XX/XXXX, the car was running fine and I was making payments up until about XX/XX/XXXX of that same year and I was involved in a car accident which resulted in the car being a total loss per the insurance company after they took the car in for inspection. I was told the debt would be settled by my insurance company and the loan company XXXX XXXX XXXX is still asking me for a settlement or a balance to pay to remove all negative inquiries."
4617,"My insurance company remitted a loss draft payment payable to my self and my Servicer Shellpoint Mortgage. Despite approval issued and almost a year now Shellpoint has not released the funds to me. I have paid for the repairs out of pocket, provided them invoices, allowed their third party inspector to visit our home and take photos and confirm work is complete. The Loss Draft department at Shellpoint has told me in writing that the release has been approved and they simply "" dont know '' what the problem is nor when it will be resolved."
4618,"Dear This letter is being sent to you in response to : XXXX  XXXX ( XXXX ) - Notice sent to me on XXXX - Response to a listing on my Credit Report. Be advised this is not a refusal to pay, but a notice sent pursuant to the Fair Debt Collection Practices Act, 15 USC 1692g stating your claim is disputed and validation is requested This is NOT a request for "" verification '' or proof of my mailing address, but a request for VALIDATION made pursuant to the above-named Title and Section. I respectfully request your offices provide me with competent evidence that I have any legal obligation to pay you. At this time, I will also inform you that if your offices have reported invalidated information to any of the 3 major credit bureaus ( XXXX, XXXX  or XXXX  ) this action may constitute fraud under both Federal and State Laws. Due to this fact, if any negative mark is found on any of my credit reports by your company or the company that you represent, I will not hesitate in bringing legal action against you and your client for the following : Violation of the Fair Credit Reporting Act, Violation of the Fair Debt Collection Practices Act, and Defamation of Character. If your offices are able to provide the proper documentation as requested in the following Declaration, I will require at least 30 days to investigate this information, during which time all collection activity must cease and desist. Also, during this validation period, if any action is taken which could be considered detrimental to any of my credit reports, I will consult with my legal ounsel for suit. This includes any listing of any information to a credit reporting repository that coul e inaccurate or invalidatec It your office fails to respond to this validation request within 30 days from the date of your receipt, all references to this account must be deleted and completely removed from my credit file and a copy of such deletion request shall be sent to me immediately.

Sincerely,"
4619,I have been sick since the beginning of the year where I was hospitalized in XXXX for 2 weeks I started to get better but due to the lack of income I had to defer two payment back in may I have exhausted all savings and so has my family I continued to make my payments in XX/XX/XXXX through XX/XX/XXXX as I went back to work however in XX/XX/XXXX my doc advised that my XXXX was dropping again due to the XXXX attacking my XXXX XXXX it is throwing my body out of whack well my doc said I need XXXX again or I could XXXX so I have been doing them since XX/XX/XXXX they cost me over 300 each round because I chose the high deductible medical plan I called gm and asked for another deferral because I do n't want to loose my car I need it to get to work and doc appointments I have been waiting on a response for two weeks when the last corp rep advised me not to worry to get a sup involved and they will help me due to my hardship. next year I will be ok because I will have better insurance that will cover my medicines and my XXXX it will cost me more per pay period XXXX dollars per paid period that is why I am asking for assistance because I forsee the problem I am out of money I cant even afford to give my kids a XXXX I did n't ask to get sick but now that I am I have to deal with it the best I can.
4620,"I am an XXXX service member of the United States military filing this formal complaint against OKX XXXX ( Legal entity : XXXX XXXX XXXX XXXX for engaging in textbook Unfair, Deceptive, or Abusive Acts or Practices ( UDAAP ). In XXXX 2026, OKX XXXX abruptly restricted my account 's trading privileges without any legitimate XXXX or compliance justification, causing immediate realized losses on my active trading algorithms. Fearing for the safety of my capital due to this unannounced freeze, I executed a minuscule XXXX USDC test withdrawal. The platform maliciously used this defensive actionprompted entirely by their own restrictionto arbitrarily cancel my previously earned "" Deposit Match '' promotional rewards. This bait-and-switch bad faith is irrefutably proven by their system 's automated prompts, which demanded mathematically absurd redeposits of {$64000.00} and {$110000.00} simply to "" restore '' previously earned payouts of {$410.00} and {$310.00}, even though my net deposits never fell below the original required thresholds. This is a predatory, algorithmic trap explicitly designed to confiscate thousands of dollars in contractually earned user rewards under false pretenses. I submitted a Formal Demand for Restitution to their Executive Compliance Team, but they rejected it using a generic "" Terms of Service '' template, completely ignoring the documented algorithmic extortion."
4621,"Chime closed my account and did not return the balance, which totaled {$610.00}. Rather than returning my money, Chime moved my funds into a XXXX XXXX account and then closed my account, keeping the money. I received an email from Chime stating that I am not eligible for a refund. This money is mine, and withholding it is improper. Some of these funds are legally protected. A total of {$200.00} in my account came from XXXX XXXX XXXX benefits, which I access through my XXXX card and deposited into my Chime account as cash to pay my bills ( these deposits came from more than XXXX XXXX withdrawal ). XXXX XXXX benefits are exempt from seizure by creditors under federal and XXXX XXXX State law. Chime was not permitted to withhold these protected benefit funds or apply them toward any amount owed to Chime. When I contacted Chime, the representative told me only to seek legal counsel and did not return my funds. I rely on this money for basic living expenses, including rent, utilities, and food, and can not meet those needs without it. I am requesting the immediate return of the full {$610.00}, including the {$200.00} in protected public assistance benefits. I have also filed for XXXX XXXX bankruptcy, and these funds are protected. I am aware the CFPB has previously taken enforcement action against Chime regarding delays in refunding balances on closed accounts."
4622,"XXXX XXXX, XXXX, XX/XX/XXXX This CFPB complaint has been filed to request pursuant to FCRA 605B ( 15 U.S.C. 1681c-2 ) that you, the XXXX credit XXXXeporting agency , block information appearing on my consumer credit report that is the result of identity theft and fraud within 4 business days of you receiving this complaint. This fraudulent, inaccurate, and false information consists of XXXX XXXX XXXX XXXX XXXX XXXX XXXX XXXX XXXX XXXX XXXX XXXX XXXX XXXX XXXX XXXX XXXX XXXX XXXX XXXX XXXX XXXX XXXX XXXX XXXX XXXX XXXX XXXX XXXX XXXX XXXX XXXX XXXX XXXX XXXX XXXX XXXX XXXX XXXX XXXX XXXX XXXX XXXX XXXXXX/XX/XXXX These accounts have resulted in several fraudulent hard inquiries and fraudulent collections appearing on my consumer FICO credit report. All of the aforementioned accounts, collections, and hard inquiries are the result of identity theft and fraud. I have attached a copy of FTC Identity Theft Criminal Complaint XXXX as proof from the XXXX Federal Trade Commission that all of the aforementioned consumer credit accounts, collections, and hard inquiries are the result of identity theft and fraud."
4623,"MoneyLion Bank is operating a fraudulent rewards scheme where new customers are promised a promotion match on their initial direct deposit, but these matches do not take place and the bank is arbitrarily refusing to honor the terms of the promotion. 

The "" pave the way '' promotion operated by MoneyLion ( https : //get.moneylion.com/XXXX ) promises a 17 % match on initial direct deposits - this match was not honored on my account even though promotion terms were met. The contact info on the www.moneylion.com website is also inaccurate, since the phone # disconnects upon transfer and the e-mail has since been replaced by a ticketing system that makes it near impossible to file a support request. 

I deposited {$3500.00} to my new MoneyLion account via direct deposit on XX/XX/2019. A second direct deposit of {$3500.00} was processed on XX/XX/2019. On top of that I went above and beyond the bonus requirements and even had a third direct deposit of {$3500.00} processed on XX/XX/2019 and kept my ALL funds in my account for over 100 days without withdrawing any money. I have met the offer terms and I should be awarded the 17 % bonus on the original direct deposit. 

I request that MoneyLion acknowledge the inaccuracy of their promotion terms, and provide appropriate remedy and credit my account {$590.00}, which is 17 % of of initial deposit of {$3500.00}. Thank you."
4624,"Hello Guild Mortgage Co, Pursuant to the Escrow Analysis dated XX/XX/XXXX, this analysis is severely flawed and is double counting my tax obligation due XX/XX/XXXX. Therefore, Guild has concluded they need to increase my mortgage payment by $ XXXX to make up for this non-existent shortfall. 

The analysis shows that my tax obligation was paid 1 month early, in XX/XX/XXXX, and then still assumes it will be paid again in XX/XX/XXXX, resulting in the non-existent shortfall. 

This is a glaring error, and I am bewildered that it was not able to be recognized and corrected during my multiple phone calls today, XX/XX/XXXX. This seems like a predatory way to squeeze more funds out of your customers where it is completely unwarranted, based on the irrefutable mathematics involved. 

If this is happening to me, it is likely happening to other customers who may not take the initiative to advocate for themselves to correct this error which conveniently lines Guilds pockets with funds they are not entitled to."
4625,"Consumer Name : ( XXXX XXXX XXXX ), Consumer Social Security Number : ( Private SSN ), Consumer Date of Birth : ( Private DOB ), Contents of Complaint : This CFPB complaint has been filed to request pursuant to FCRA 605B ( 15 U.S.C. 1681c-2 ) that you, the credit reporting agencies, block information appearing on my consumer credit report that is the result of identity theft and fraud within 4 business days of you receiving this complaint. This fraudulent, inaccurate, and false information consists of Western funding Llc {$6700.00} XXXX XXXX XXXX {$11000.00} These accounts have resulted in several fraudulent hard inquiries and fraudulent collections appearing on my consumer XXXX credit report. I've attached a list of the hard inquiries in question as well as a copy of the consumer XXXX  credit report maintained by you which shows the aforementioned fraudulent items. I do not recognize the aforementioned accounts, collections, or hard inquiries as reported. The aforementioned accounts, collections, and hard inquiries appearing on my consumer credit report maintained by you were not opened, made, or initiated by me. All of the aforementioned accounts, collections, and hard inquiries are the result of identity theft and fraud. I have attached a copy of FTC Identity Theft Criminal Complaint # ( private case number ) as proof from the US Federal Trade Commission that all of the aforementioned consumer credit accounts, collections, and hard inquiries are the result of identity theft and fraud."
4626,"I have noticed that my credit report contains incorrect personal information, which appears to be causing unknown and inaccurate accounts to show under my name. I have been a victim of identity theft, and my personal information was used without my authorization. As a result, there are accounts on my credit report that I have never been associated with. Following TransUnion 's instructions, I filed an FTC Identity Theft Report and submitted the necessary documentation. Despite this, the fraudulent items are still being reported."
4627,"Ace cashed my check a before the actual due date due to it being a holiday without my consent, My account was over drafted as a result of this and when i called them to tell them what they did she told that they cashed it and it would n't go thru due to it being a holiday and that they were not going to reimburse me for my overdraft charges i received for XXXX. Not to mention i have already paid them double of what I have borrowed already and have always used them and paid every single loan on time every time was never late. Today i get a call from a guy calling from a company called XXXX number XXXX asking me if I will be home so he can come and deliver me some papers THRU XXXX XXXX, which led me to believe that he was a sheriff. I asked him what was this for and it said he would have to transfer me. He transferred me and it was Ace Cash Express. I was livid when she told me that this is a validation letter that was going to be mailed to my home. I called him back and told him that i will be home i was calling off, but i wanted to know what was his job title and why was he coming to my home to give me papers, He said he was a courier. I do n't feel safe with someone that knows my information threatening to bring papers to my home. The person that i spoke with said that he must have been confused so i called him back just to make sure this was n't a mistake. He asked for my work address and if i still worked for my old job and then said the name of the place. By this time i have my recorder on and asked him the same questions again just to make sure that this really just happen.And he said the same thing but got mad and said you are being blocked. and hung up in my face."
4628,"In XXXX this account was sold to Santander Consumer USA , Inc. from XXXX XXXX ( original lender was XXXX from XXXX/XXXX/XXXX ). However, Santander is reporting that I took out a loan on XXXX/XXXX/XXXX which is incorrect ( see attached ). 

This account shows no payment history prior to XXXX because Santander did not have the account. Even though I made payments with both XXXX XXXX Bank and XXXX XXXX and did not begin to fall behind until the account was sold to Santander in XXXX, there is no payment history reflected on my Equifax. I have proof of payments but it will take a few days to get copies of checks from my bank. 

In XXXX of XXXX, this account was reported as current yet I voluntarily turned in the vehicle in XXXX of XXXX. 

Account shows a 7 year loan which is incorrect. According to the original contract, the loan was financed for 72 months ( see attached ). I have never taken out a car loan for 7 years and am unaware of lenders who finance vehicles past 5 years/72 months. Due to predatory tactics such as padding the balance, I would still be paying on the vehicle if I had not turned it in to Santander in XXXX. That equates to a 9 year auto loan."
4629,On XX/XX/2020 @ XXXXXX/XX/XXXXeastern time. I have made my 3rd attempt to contact AVANT Credit card customer service to be sent a final bill so I can pay the account in full. I was told for the 3rd time that they would submit a ticket and see what they can do. I was told that it could take up to 14 calendar days for a response. I have gone through this 3 times and have not received anything from them. In the mean time the late fees and interest continue to add up. They also continue to report to all 3 credit bureaus and now again my credit score has dropped another 30 points. All I wanted was the bill to make the payment. I have just returned to work after being off for 13 weeks I am struggling like many other people during the pandemic. I am trying to do the right thing and just pay my bills. After months of trying to settle this account I have come to a point I don't know what way to go. Is there anything you can do to help me resolve this matter. They are going to continue to destroy my credit with their late payments and charge off. All I want is the Bill to pay them. I don't think what they are doing should be legal. They are avoiding the final bill to accumulate late fees and interest no matter the amount when it is done to thousands of people it adds up. Thank You.
4630,On XX/XX/2019 I completed a background screening for the USPS. The position is contingent on the background screening and the company has not completed the screening and its been over a month. I know my record is clean so theres no reason there should be this long of a wait. I need this process to be moved along so I can hear back from the job I applied to.
4631,"I am receiving multiple phone calls every day from this company. They never leave a message, but continually call from multiple different phone numbers. 
This company has also called my relatives acting as a court service and left detailed messages on my relatives ' voicemails."
4632,"I submitted a dispute to all 3 credit bureaus ( XXXX, TransUnion and XXXX XXXX on XXXX via USPS certified mail. Unfortunately, as of today I have not received any response from XXXX  or TransUnion. 
I know that Under Federal Law ( Fair Credit Report Act ) the credit bureaus are required to complete a full re-investigation within 30-45 days. 
On top of the stress that COVID-19 has caused me personally, I am truly distressed about my credit and the lack of assistance that the credit bureaus are offering. 
I would like to know the following information : 1. Did XXXX  and TransUnion receive my reinvestigation request/dispute letters on the date provided by USPS? 
2. If so, why have I not heard back from them? 
3. If my dispute was not received, then who has all of my account information and copies of my personal documents that was sent certified to the credit bureau?"
4633,Please help as this situation has really plagued my life for the worst. These malicious bureaus must be held accountable for all the wrongs that they place onto the american public. I will trust you take this formal complaint seriously and enforce these acts to the fullest extent of the LAW. On XX/XX/XXXX I sent a letter regarding inaccurate and unverifiable and misleading accounts on my consumers report. To this exact date over sixty days later i have not yet received a timely response yet. I feel as if i am being taken advantage of as a consumer of this great country and my disputes are being ignored. Section 611 ( a ) it is plainly stated that a failure to investigate these items within thirty days gives a legitimate reason to IMMEDIATLY delete and remove these items from my consumers report. It has been over sixty days so these should be deleted PROMPTLY. I demand these accounts be deleted immediately or i will be forced to file litigation due to the stress this misleading reporting has caused me. My information and personal information was also affected by Equifax Data Breach that took place in XXXX and may have gotten into the wrong hands. I AM THE PERSON WHO WROTE THIS COMPLAINT AND ONLY ME. PLEASE DONT RESPOND SAYING OTHERWISE.
4634,"I made extra payments as they stated to do to pay the principal balance and they refused to apply the extra payment towards the principal as they stated it would be. Spoke with XXXX XXXX refused to correct what was supposed to be applied to the principal balance. 
I was told by XXXX that the bank policy overrides any laws federal or state."
4635,"The mortgage company failed to inform me that my mortgage payments increased in XXXX. They later returned my payments for XXXX, XXXX and XXXX, and asked me to hold sending in further payments until further notice. When I called them to find out why my payments were being returned, they informed me that the payments were not for the correct amounts. They then told me that my property was in foreclosure and I had to pay a certain amount to have the loan reinstated. The amount they were asking was almost twice the amount I owed for returned payments plus the 2 months that the payments were being held. The mortgage company wouldn't speak with me about the loan because my account was being represented by a chapter XXXX attorney, who also failed to keep me up to date with the issues regarding the loan."
4636,"TRANSUNION XXXX. XXXX XXXX XXXX PA, XXXX I reviewed my credit report and noticed XXXX unauthorized credit Inquires on my report. I never requested credit from these companies. This inquiry was made without my knowledge or consent and I would like to be provided proof I consented to this inquiry via FCRA Sections XXXX and XXXX, as well as the accuracy of this inquiry via FCRA section XXXX. If you have no proof immediately of any or XXXX, I would like it removed immediately. XXXX XXXX XXXX : XXXX. XXXX, XXXX. 

XXXX XXXX ( Bank ) XX/XX/XXXX : This inquiry was made without my knowledge or consent and I would like to be provided proof I consented to this inquiry via FCRA Sections XXXX and XXXX, as well as the accuracy of this inquiry via FCRA section XXXX. If you have no proof immediately of any or XXXX, I would like it removed immediately. 

XXXXXXXX XXXX XXXXXXXX ( Bank ) XX/XX/XXXX : This inquiry was made without my knowledge or consent and I would like to be provided proof I consented to this inquiry via FCRA Sections XXXX and XXXX, as well as the accuracy of this inquiry via FCRA section XXXX. If you have no proof immediately of any or XXXX, I would like it removed immediately. 

XXXX ( Bank ) XX/XX/XXXX ; This inquiry was made without my knowledge or consent and I would like to be provided proof I consented to this inquiry via FCRA Sections XXXX and XXXX, as well as the accuracy of this inquiry via FCRA section XXXX. If you have no proof immediately of any or XXXX, I would like it removed immediately."
4637,"Chase bank helped me with a loan to purchase property. We were told to bring a cashiers check for {$85000.00}. This amount covered everything at closing including appraisal fee, flood certification, environmental, and future release fees. The day after closing, Chase bank withdrew {$4300.00}. That's was the total for the fees described above. Basically charged me twice for the same thing, but most importantly, they withdrew these monies without authorization which actually overdrew that account. We contacted on XX/XX/year>, today is XX/XX/year> and still isn't resolved."
4638,"on XX/XX/XXXX I found that {$3600.00} was taken out of my Apple bank saving account. I called Apple bank claims department where I was told someone activated a debit card using my DOB and S.S. my saving account was access over 10x with the amount of {$400.00} taken out every day from XX/XX/XXXX to XX/XX/XXXX. The bank never alert me and no statements were being sent to me my last statement was on XX/XX/XXXX. I never activated a debit card from apple bank. Apple bank rep was supposed to call me back on XX/XX/XXXX but never did. I than called claims department on XX/XX/XXXX I spoke with one of the supervisor in claims department where u was told after 60 days I can not receive payment, my case was closed and I need to do my own investigation by going to different atm with my police report to get video footage to than maybe I will get my money back. I then went into the branch in my neighborhood so speak with assistant manager who than told me my case was still open and they will be looking into it."
4639,"I am writing to formally express my concern regarding Zelles handling of disputes particularly me in the light of the reason CFPB lawsuit, highlighting significant issues with the platform. Despite using Zelle numerous times. And reporting discrepancies. My financial institution and Zelle have failed me to investigate. My claims adequately. They informed me that recovering lost funds would be impossible and tracking these transactions was unfeasible. The CFPB. Findings have noted that they have failed. I neglected to. Protect consumers. But have also allowed offenders. To exploit the system. Leaving users to vulnerable scams."
4640,"In XX/XX/XXXX LVNV placed a debt from XXXX XXXX for a credit card in the amount of {$6600.00} on my credit reports in XX/XX/XXXX letters for account verification where sent to LVNV Funding And XXXX XXXX to which both failed to verify the debt so it was removed from my credit reports. XX/XX/XXXX LVNV Funding has a new owner Resurgent Capital Services, they have placed the debt back on my credit so I sent out a account verification letter to Resurgent Capital Services on XXXX XXXX XXXX  giving 30 days to respond it is now XX/XX/XXXX and they have not this is long enough for this debt that does not belong to me to be removed Also I was able to have it removed by XXXX dispute # XXXX on XX/XX/XXXX but not XXXX XXXX XXXX XXXX"
4641,"On XXXX XXXX, XXXX I sent a certified letter to Portfolio Recovery Associates asking for them to validate a debt of mine that had been sold to them on XXXX/XXXX/XXXX. I received validation of this debt from them via mail on XXXX XXXX, XXXX. This letter validated that they had purchased the debt in the amount of {$2200.00}. On XXXX XXXX, I replied to the validation with a letter sent certified mail explaining the situation and offering to settle the debt for {$1100.00}, and also asked that the account be reported as paid in full to the XXXX major credit reporting agencies once they received payment from me. I received a card back from the United States Postal Service stating that a XXXX XXXX received the document on XXXX XXXX, XXXX. I have not heard back from Portfolio Recovery Associates since sending that letter- nearly three months ago. I would like to get this debt settled but have not received a letter accepting or denying my settlement offer."
4642,They would n't let me lower my payment and said it would go into automatic default if my dad died. They kept putting it in Forbearance instead of lowering my payment like they said. I 'm about to default. I kept asking for a lower payment but they said they could n't do it until the past due was caught up but they gave me no way to do that. I offered to send what I could but they told me not to bother because it did n't matter. My dad died a over a year ago and I 'm scared to call them.
4643,"I am filing a complaint against Cash App ( Block , Inc. ) due to inadequate customer service and unfair practices, which violate the Consumer Financial Protection Act ( CFPA ). Specifically, Cash App failed to take timely and effective measures to prevent and address fraud on their platform, leaving my account vulnerable and unprotected. Furthermore, their dispute resolution process was unfair and deceptive, as they did not comply with error resolution requirements under the Electronic Fraud Transfer Act ( EFTA ) and regulation E. These actions have caused significant inconvenience and financial loss, and I seek appropriate redress for these violations."
4644,"I initiated a balance transfer on my Barclays credit card account in order to reduce interest on my existing balance. At the time, I had XXXX promotional balances : an existing balance that was nearing the end of its promotional period, and a new balance transfer. When I made a payment, it was applied to the balance transfer rather than to the existing balance that was about to begin accruing interest. As a result, the existing balance was left unpaid and began accruing interest at approximately 22 %, resulting in about {$61.00} in interest charges. This caused avoidable interest and defeats the purpose of initiating the balance transfer. This outcome was not clearly disclosed at the time of the transaction. I also received inconsistent and inaccurate explanations from customer service, including being told the interest was due to my card being expired, which is not relevant to how interest is calculated. I am requesting a reversal of the interest charges and a clear explanation of how my payment was applied across balances."
4645,I had my paycheck direct deposited into my Venmo account. When I tried to withdraw my money it would not let me. I received an email from Venmo stating I needed to submit my driver 's license. I did. Then I received a second email stating I needed to submit picture of me holding my license. I did again. Then I received a third email stating my has been deactivated and my funds will be held for 180 days. Seriously I did everything asked and still could not get my money. What did I violate. I worked. My company deposited my paycheck. Venmo made up some nonsense and kept my money. I have bills and this has put me in a bad position.
4646,I receice a call from Porfolio Recovery ( XXXX ) every day from XXXX to5 time a day. I keep telling them that the person they are calling is not me. They say that my tel. no. Will be removed. The call keep coming.
4647,"Equifax is reporting incorrectly a current balance in the amount of {$1000.00} on the XXXX XXXX partial account number XXXX. ( Please see page attached from my credit report. ) This account has been paid and there is no balance due and consequently nothing to collect and/or chargeoff. This account needs to report a {$0.00} balance. This false reporting of a balance due is seriously harming my credit score and this line item needs to be removed from my credit report. I have contacted the bureaus to remove this however, I have not been successful."
4648,"I am filing a complaint against Cash App XXXX XXXX XXXX XXXX ) due to inadequate customer service and unfair practices, which violate the Consumer Financial Protection Act ( CFPA ). Specifically, Cash App failed to take timely and effective measures to prevent and address to fraud on their platform, leaving my account vulnerable and unprotected. Furthermore, their dispute resolution process was unfair and deceptive, as they did not comply with error resolution requirements under the Electronic Fund Transfer Act ( EFTA ) and Regulation E. These actions have caused significant inconvenience and financial loss, and I seek appropriate redress for these violations."
4649,"Our loan was sold by XXXX XXXX XXXX to Seterus. We were not notified. We called because there was no loan statement sent. XXXX XXXX XXXX advised us of the change, and when we did hear from Seretus, they assured us were not late. My wife called them to confirm. Less than two weeks later, on a Sunday, we receive a FedEx package advising us we are in default and threatening foreclosure."
4650,In XXXX of 2024 I began receiving treating phone calls from https : //www.debtdirectmanagement.com/. I tried to settle with them for my original balance and they refused to work with me and insisted I made XXXX dollar payments for a XXXX $ loan from XXXX. They continue to call and threaten me after telling them to stop.
4651,"I recently received a copy of my ( XXXX, XXXX, and XXXX ) consumer report, and I noticed that Capital One is reporting an auto loan as a charge off on my consumer reports. The IRS clearly defines a charge-off as gross or ordinary income, income does not get reported on the consumer report. Which in fact makes the reporting of this account inaccurate. The IRS clearly states a canceled debt or charge is income. The reporting of this account as a debt is inaccurate."
4652,"I am disputing an alleged debt being reported by CCS Collections on behalf of XXXX XXXX XXXX XXXX in the amount of {$360.00}, under account number ending in XXXX. I have no knowledge of this debt, have never received a valid bill or insurance statement showing this amount due, and have not been provided any legally sufficient documentation substantiating the validity or accuracy of this claim. 

This account appears to be reported without proper verification and without prior notice to me, which violates both the Fair Debt Collection Practices Act ( FDCPA ), XXXX U.S.C. XXXXg ( a ), and the Fair Credit Reporting Act ( FCRA ), XXXX U.S.C. XXXX et seq. 

Pursuant to FDCPA XXXXg ( b ), I am exercising my right to request full validation of this debt. I am requesting : A copy of the original contract or policy from XXXX XXXX showing I agreed to this balance ; A full itemized account history with billing statements or insurance claim details ; Proof of assignment or legal authority CCS has to collect this debt ; A statement verifying the amount claimed is accurate and not inflated by unauthorized fees ; Proof CCS is properly licensed to collect debts in my state. 

Reporting a disputed debt without sufficient validation may constitute a violation of FCRA XXXXe ( b ) ( failure to ensure maximum accuracy ) and XXXXs-2 ( b ) ( failure to investigate after notice of dispute ). These violations are actionable under FCRA XXXXn ( willful noncompliance ) and XXXXo ( negligent noncompliance ). Continued collection or credit reporting without proper validation also violates FDCPA XXXXe ( 8 ) and XXXXd. 

This account is causing material harm to my credit and financial reputation. If CCS Collections and XXXX XXXX can not provide full and complete documentation to validate this debt, I am demanding its immediate deletion from all consumer credit reports."
4653,"My wife has 3 subsidized loan at 3.8 % a 3 unsubsidized at 6.8 %. She has giving me permission on her great lakes student loan account and something does n't seem right. She has n't graduated yet but is n't attending right now because we have kids at home. I believe the 6.8 % is to high, and believe that for a graduate student the max is 5.7 but I might be wrong. Can you please give me some advice or direction on this matter."
4654,"Hello, my name is XXXX XXXX XXXX, husband ( XXXX XXXX XXXX, XXXX ) died in XX/XX/2022. The vehicle/loan is in my deceased husband 's name. I have contacted Nissan Acceptance Corporation, LLC advising them of his death and provided them with the death certificate. I have continued making the monthly payments. I have been calling customer service to see what the process is of getting the loan changed over in my name. I was asked to fill out an application and fax them over to them, which I have done several times and I also mailed it in, as of today the issue has not been resolved and the vehicle will be paid off in approximately 12 months. 

I need help with getting the title changed over so that I can ensure there will be no issues in the future in the event I need or want to sell the vehicle. 

Thank you, XXXX XXXX XXXX XXXX ( home number )"
4655,"Experian has been really careless with my credit report. They've included unauthorized transactions on it, which is a clear violation of my privacy and the law. 

Specifically, Experian 's actions violate the following laws on my consumer report : Fair Credit Reporting Act ( FCRA ) : 15 U.S.C. 1681a ( 2 ) ( ii ) requires consumer reporting agencies to obtain the explicit consent of consumers before including certain information in their credit reports. Experian has not provided my written consent for Experian to include the aforementioned transactions and experiences on my consumer report. 

Electronic Fund Transfer Act ( EFTA ) : 15 U.S.C. 1693g prohibits unauthorized electronic fund transfers from a consumer 's account. Experian 's inclusion of unauthorized transactions on my credit report violates this law, as it has lead to creditors attempting to collect on debts that I do not owe. 

Identity Theft Prevention and Consumer Protection Act of 2003 ( ITPCA ) : 15 U.S.C. 6801 et seq. requires businesses to take reasonable steps to protect consumers from identity theft. Experian 's failure to obtain my consent before including unauthorized transactions on my credit report violates this law, as it exposes me to the risk of identity theft and financial losses. 

I'm demanding that Experian immediately remove and exclude all unauthorized transactions related to XXXX XXXX XXXX account number XXXX from my credit report. 

If Experian fails to comply within 30 days, I will be prepared to pursue all available legal remedies, including seeking damages under the FCRA, EFTA, and ITPCA."
4656,"For the past 2 years I have been sending my mortgage company bi-monthly payments of $ XXXX to pay for my mortgage payment. The mortgage company wasnt crediting the payments correctly. Instead they would apply the XXXX bi-monthly payment to the principal ( without telling us that btw ) and it wasnt until months later when they stated we were short for our escrow we realized THEIR error. 
Now our mortgage has been transferred to another mortgage company and the original mortgage company is stating our mortgage payment is now {$220.00} MORE due to a "" shortage payment '' There was NO shortage payments - THEY were not crediting our payments correctly causing this insane increase on our mortgage payments. We can NOT afford {$220.00} more a month - this is on THEM not us! 
With our new mortgage company ( XXXX ) now assumes our monthly payment should be {$890.00} which is WRONG!! 
If they had credited all the bi-monthly payments to them to the XXXX instead of just putting it where ever this wouldnt have happened!"
4657,"I sent a XXXX transfer using the wrong phone number. 

The phone number is not in operation. 

Bank of America 's mobile app filled in the contact info for me when I started entering the phone number. I mistook it for filling in the information for a registered XXXX user. 

I have followed their procedure to ask for the money back, but they have denied it twice with no information as to why except they "" followed my instructions. '' On the phone they'll say it's up to an unnamed "" third party '' bank whether to refund me or not. In truth, it being a non working number, it was probably sent into XXXX and they haven't refunded me because they can't spend XXXX XXXX having a live human consider that. 

All info for the complain was taken by them via phone."
4658,"After I cancelled the bi-weekly withdrawal request in XXXX, the extra payment of {$600.00} was still withdrawn in XXXX. The following is a timeline of events. 

Cancelled the bi-weekly request in the beginning of XXXX through Customer Service by voice and through email request. Customer Service Representative confirmed she cancelled the request Called customer Service to verify payment in the middle of XXXX. The Customer Service Representative again verified the cancellation. Your website verified the monthly payment was due on XX/XX/XXXX and not on XX/XX/XXXX as with the bi-weekly payment. 
On XX/XX/XXXX, you withdrew the bi-weekly payment. I called Customer Service to resolve this matter and found that it was cancelled in the system, but it appeared it was reinstated. The Customer Service Representative stated that I would probably get payment back in three days. 
On XX/XX/XXXX, I again called Customer Service to ask about the status. I was told the bi-weekly payment was cancelled, but not the scheduled payment for the original request. This representative also stated it could take up to 10 days for reimbursement. 

It is now four days past the initial request for reimbursement, and I have not received the reimbursement. Since this was your error, the money should have been returned immediately. I have incurred a fee because the money was withdrawn without authorization. Its not acceptable to say that I can expect reimbursement 7-10 days when this was their error."
4659,"Mohela is my service provider for my student loans. They transitioned my account to their new platform mid-XXXX and was told the transition was complete XX/XX/XXXX. None of my account information or settings transitioned. My auto pay information was gone so my interest rate reduction was gone and was being charged a higher interest rate. My account was put into paid ahead status so that my over payments went toward future payments instead of being paid all at once. My pending payment was distributed incorrectly and so my interest wasn't paid that month for one of my loans. And my interest during the transition period was posted as principle to the new account. I have been calling, emailing, and sending forms consistently since XX/XX/XXXX and have only been jerked around, given conflicting information, or given due dates that come and go by the months. I wait on hold for over an hour each call to be on the phone for potentially hours for someone to say there is nothing they can do to just, try back another day. I'm truly at my wits end and don't know what to do but every month I'm still paying for Mohelas mistakes."
4660,"On XX/XX/year> I was notified via my bank ( XXXX XXXX XXXX XXXX ) that my wages were being garnished. I was informed that they received documents from Midland and I thought it was strange because I have not received any notification about payment, settlement, or anything before this. My bank provided me with a number to call and the case number. When I called XXXX they would not provide me with any information without me verifying my identity, I questioned the validation process and XXXX different representatives hung up in my face. I did not feel comfortable providing my personal information when I was unaware of the debt. When I was able to speak to someone, I asked for copies of the judgment, the contract or any documents stating what was owed. He told me that the judgment was for {$1000.00} but they had received {$800.00} already. However, {$1600.00} was taken out of my account. I still have not been able to get any validation of the debt or the documents stating what was owed, received, or what was to be taken out of my account."
4661,"XXXX, XXXX, and XXXX are not properly investigating my claims. I have been saying for years XXXX XXXX and Portfolio Recovery were using illegal tactics to recover on a debt. 

XXXX XXXX, held the debt longer than necessary. They held a debt for 3 years. 3 years when they could have sent it after 120 days. 

Instead of 3 months, they waited 3 years to maximize the amount of damage they could do. Portfolio is a willing participant because they acquire POCKETS/PACKAGES of debt in bulk without doing research on each individual account. 

It is absolutely unfair and ridiculous that they were willing to go hand in hand with borderline fraudulent or at least malicious activity. Stop it. Youre better than that."
4662,"I believe a fraudulent account through the Albert financial app has been opened in my name using my social security number. 

On XX/XX/27, I received an email thanking me for signing up for "" XXXX XXXX, '' which I never signed up for. 

I tried to email Albert to say that this account was fraudulent, but they responded that I had to log into the app to receive any help. 

Then, I subsequently received an email with a pre-filled direct deposit form, with "" my '' alleged signature, and an old address I used to live at. 

When I tried to download the app to reset the password and get help, I could not log in without giving my social security number."
4663,"I currently have a loan serviced by Aidvantage. I'm in a XXXX interest program for now. I called today to change my repayment plan and they keep changing the amount of my loan. The keep adding to my loan balances. When they first received the loan in XXXX, the balance was {$20.00}. Due to covid and other financial situation, my loan has be XXXX interest. Therefore, no interest should have occurred on this loan. However, my balance is {$21000.00}. They can not explained how the balance has changed. I had an issue with them adding money to my loan on XX/XX/XXXX when I filed a complaint with The XXXX XXXX XXXX. I was XXXX XXXX XXXX  and was about to be induced so I explained great stress. They fixed the problem, however it has happened again. 

Please look into this company because they are doing something unethical to my account and could be doing it to other people."
4664,"Just received a phone call from phone number XXXX which is recognized as National Credit Adjusters. 

I submitted numerous complaints via the cfpb online complaint submittal for acknowledgment of these harrasing calls to a place of business. This is my place of employment and we have a policy in place for no such calls to be verified or answered by creditors."
4665,"In XXXX of 2021 we received a new mortgage statement from Flagstar bank that our mortgage would be increased from {$1900.00} to {$2300.00} beginning in XXXX of 2021. They claimed this was due to a shortage in escrow in the amount of {$2000.00}. After submitting the attached documents to Flagstar providing documentation that the amount has indeed been paid by the title company and several phone conversations, the problem was not resolved and we have paid the unnecessary overages for 5 months now and would like to have that overage returned."
4666,One day a guy asked for my info pretending to be a rep attorney for the treasure of the arrest something like that and didnt send info two days later another person is messaging me and its asking for {$50.00} of my money for a gift card its saying that its a lawyer rep for the samthing thing and its threating me with arrest
4667,"I was pre qualified for a loan through Wells Fargo & submitted all the documentation needed and myself, the listing agent, my real estate agent & the seller were told everything looked great. This went way past the due diligence period, I put down my earnest money, had the home inspected & had the appraisal completed. The closing date was scheduled for XXXX XXXX. XXXX XXXX I received a call that the property taxes were more than they anticipated, & to keep the debt ratio down, they needed me to put down another {$25000.00} and also told me I 'd need to switch my Homeowners Insurance to Option B, which was a higher deductible of {$2500.00} with poor coverage & no full replacement value to reduce my premium. My insurance agent refused to do this to protect my interest. As a result of these XXXX requests at the last minute, I had to back out of the loan. I lost the house, & now I 'm out all the money I put down because of their negligence in informing me of needing this additional money right before closing. They had all my information & knew the taxes for an entire month. What can I do to get Wells Fargo to reimburse me for my earnest money, inspection fee & appraisal fee. I 'm out {$2700.00}. That 's a lot of money for me when they are a Federal Bank & should take responsibility for their incompetence."
4668,I dont claim to owe the original creditor or collection agency anything. The paperwork they sent has different reasons listed all to match one number but none of the documentation makes sense and some paperwork is not filled out completely. They have been trying to collect a debt that I do not owe and when asked to tell me what sent me proof that the number was made up and they simply entered in different reasons to come up with this specify number. Some documents claim I had security deposit some documents claim I didnt some documents have different rent amounts which again was not stated how they came up with this number in the first place but yet all documents total the same end balance. Thats fraudulent to make up fees and cost when I never owed them in the first place.
4669,Miscalculation of Loan modification Being overcharged for the last 6 years. Modification was completed thru GMAC and OCWEN now manages the loan. They were given a written notification to correct the problem. We received 2 letters from them the first one said they received our letter and would need 45 days to review the modification. after the 45 days we received another letter stating under RESPA they are afforded an additional 15 days. It has been 20 ( Business ) days and still no resolution.
4670,"Consumer Finance Protection Bureau, please help me with my terrible situation with Navy Federal Credit Union. On XX/XX/year>, I lost my Navy Federal credit card ending in XXXX. Not long after, a very large and completely uncharacteristic charge for {$5100.00} was made at XXXX XXXX on XX/XX/year>. I never made this purchase. As soon as I discovered the card was lost, I contacted Navy Federal to report it and asked them to review any transactions that occurred after the loss. This XXXX XXXX charge immediately stood out because I never make purchases anywhere near this amount, and Navy Federals system should have recognized it as unusual activity. I also never received any fraud alerts or warnings, even though the transaction was clearly outside my normal spending habits. I reported the charge as fraudulent right away, and Navy Federal initially issued a provisional credit, acknowledging that the transaction appeared suspicious. However, weeks later, I was shocked to see that the fraud charge was put back onto my account, as if Navy Federal decided it wasnt fraud. This decision is completely unfair and does not reflect the reality of what happened. I have always used my account responsibly and have no history of large or high-risk transactions. For Navy Federal to place this enormous charge back onto my accountdespite it being made after my card was lost and without any fraud alertsis extremely disappointing and feels unjust. I am asking Navy Federal Credit Union to reconsider this decision, acknowledge that this was clearly fraudulent activity, and remove the {$5100.00} XXXX XXXX charge permanently from my account. I hope Navy Federal will stand by me as a loyal member and handle this matter fairly. If I am not properly assisted, I will have no choice but to reconsider continuing my relationship with Navy Federal."
4671,"I was a first time XXXX  XXXX XXXX to the XXXX from XXXX, opened a US checking account with Bank of America for the first time. The representative at Bank of America knows that I am only an exchange student who would be in the US for one semester and would not stay in the US thereafter, she knows that I would not need my US bank account when I leave the US and would have it closed. As it was my first time opening a bank account in the US, I have asked my peer who had an exchange in the US previously and the bank representative that my US bank account will be closed by the bank if I withdraw the amount and leave it dormant. When I ended my semester in the US, I used all the amount left in the checking account and kept a slight positive amount that the bank did not allow me to withdraw ( less than {$1.00} ). I have then returned to XXXX and attempted to close the account via its internet banking service. However, the online service did not offer the option to close an account online conveniently. I left my bank account with zero point something balance, waiting for the bank to close itself. To my dismay, the bank accumulated negative balance on my account as a monthly maintenance fee. I then tried to close the account with a phone call, it took more than XXXX minutes of long wait time to get on the line with their representative. The representative asked me to pay for the negative balance that Bank of America accumulated on my account, if not they will not close the account and will instead let the account accumulate a bigger negative balance charged from maintenance fees. I asked for a fee waiver but the bank representative refused."
4672,"I sent a request to Capital One and all my credit card companies in regard to a hardship. I have increased medical bills due to my son being diagnosed with a XXXX XXXX condition. XXXXXXXX XXXX and XXXX immediately put me on a hardship program that they advised was offered by XXXX XXXX It permanently closed the account and put me on a 60 month repayment program with 0 % interest. However, XXXX XXXX and Capital One refuse to work with me."
4673,"According to my research about FCRA 605, Credit Bureaus are required by law to remove & block any items that are found to be opened due to identity theft. Again, it appears that my credit with you has been compromised, these items being reported are creating a ton of emotional & financial stress which is impacting my ability to sleep, causing problems at my job & creating unwanted stress in my home life. The following items that you must remove are listed below : XXXX XXXX XXXX XXXX XXXX XXXXXX/XX/year>"
4674,"Im submitting a complaint to you today to inform you I was the victim of identity theft. I researched on how to remove the fraudulent items in my report and found that I need to visit FEDERAL TRADE COMMISION or https : //www.ftc.gov to file a report and Per FCRA section 605b Credit Reporting Agencies are required to remove any item listed on an id theft report. Please find the ATTACHED documents to assist in the blocking of the erroneous information which is being posted to my report. 

Here is the list of items which do not belong to me or were opened without my permission. 

XXXX XXXX XXXX XXXX XXXX Balance Owed : {$0.00} ; XXXX XXXX XXXX XXXX XXXX Balance Owed : {$5200.00} ; XXXX XXXX XXXX Balance Owed : {$14000.00} ; XXXX XXXX XXXX Balance Owed : {$0.00} ; XXXX XXXX XXXX Balance Owed : {$16000.00} ; XXXX XXXX Balance Owed : {$0.00} ; XXXX XXXX Balance Owed : {$0.00} ; XXXX XXXX XXXX XXXX XXXX XXXX, CA XXXX ; XXXX XXXX XXXX XXXX XXXX XXXX XXXX CA XXXX ; XXXX XX/XX/XXXX ; XXXX XXXX XXXX  XX/XX/XXXX ; XXXX XX/XX/XXXX ; XXXX XXXX XX/XX/XXXX ; According to FCRA Section 605B ( a ) the CREDIT REPORTING AGENCIES shall block any information in the file of a consumer that the consumer identifies as information that resulted from an alleged identity theft, not later than 4 business days after the date of receipt."
4675,"On XX/XX/XXXX my PayPal account had been limited permanently after my paycheck was deposited i called and asked for a reconsideration they did I have the ticket number and I spoke to many different supervisors about it and they found no suspicious activity and asked for a review today XXXX XXXX 2023 I have been informed they were not going release the limitations and it will not be reconsidered. There is no illegal activity conducted through my account i use it for personal banking purposes only and have my wages deposited through there direct deposit services that it offered I pay bills and a little bit of online shopping and that was it, nothing improper was conducted no illegal purchasing and no laundering was committed the freezing of my wages is improper and caused a extreme hardship i am the sole provider for me and my husband who is a XXXX victim i have been unable to pay for medications for both of us this is day 4 that my husband has been without the insulin needed for his health and well-being"
4676,"Sent adverse action letter, Customer Identification Program ( CIP ) printout, Federal Reserve Act Section 16, a Power of Attorney ( POA ) form giving power to the agent of the principal 's account and Instructions to the CFO of American Express Credit Card Division, instructing them to extend a line of credit to the principal 's account and to respond in writing giving reasons for non performance of fiduciary duties and breach of contract if instructions are not followed. I sent these documents by certified mail on XX/XX/2023. I allowed 5 days to respond and have received nothing as of the time of sending this complaint."
4677,"XXXX XXXX XXXX of XXXX, XXXX, Tx ... XXXX XXXX aka Navient..the most popular student loan company ... they are HORRIBLE. They take your payment and apply it to whatever they want, not to the loan YOU want it to be applied to. Your loan may be for {$2000.00}, but in year, will be over {$3000.00} because they do not apply the payments correctly. Your {$200.00} payment is going on XXXX different loans but you think it 's going towards that {$2000.00} loan. This is how interest grows and so does the amount of your loan. The people you call and talk to on the phone ... worthless."
4678,This loan was opened XX/XX/year>. For total of {$8000.00}. I had been paying on this loan until I learned how the banks are using my signature and social security number and monetizing them then turning the promissory note into securities without my permission. I also learned that the time I signed the promissory note the Credit Union did not disclose that they do this process. The Credit Union can not and will not produce the original promissory note. All I get is a front page copy. The Promissory Note is and was legal tender. This loan was paid the minute the NOTE was signed. Banks can not lend their own assests. 12 U.S. Code 1431 - Powers and duties of banks. I was not aware of banking tactics when this so called loan was activated. This action by this institute is fraud. I am the excitor and this institute did not have my written consent to do these actions. I do not consent and I did not waive any rights.
4679,"I sent a check to pay my escrow shortage in full, it wasn't received. My bank is aware & will stop payment if it comes through. On XX/XX/XXXX I called & spoke with XXXX at Specialized Loan Services, my mortgage company. I paid my escrow shortage {$330.00}. I had been told previously my payment was still going up, from {$760.00} to {$790.00} even after paying the escrow shortage. My monthly bills kept showing {$820.00}, as if escrow was never paid. I called XXXX XXXX and was told escrow showed as paid, the system just wasn't updated but would be. The regular payment should be {$780.00}.?? I paid what I did last time. XXXX bill arrived, same problem.. XXXX bill arrived and I called on XX/XX/XXXX. I spoke with XXXX. She was very nice & as confused as I was. Escrow HAS been paid!! She transferred me to the escrow dept & I spoke with XXXX.This is when she told me that when they took over my loan in XXXX there was a {$28.00} escrow shortage! it had gone up to over {$50.00} ... I GOT VERY UPSET!! this is the first I'm hearing of it.. From almost 3 years ago!!?? I pay my escrow shortages in full every year!! What the XXXX happened?? I said I was not going to pay for something that happened years ago & I was never informed about.. She said I would get a letter of explanation.. I HAVE RECEIVED NO LETTER ... on my mortgage statements.. 
XX/XX/XXXX uncollected escrow {$28.00} XX/XX/XXXX uncollected escrow {$56.00} XX/XX/XXXX uncollected escrow {$50.00} XX/XX/XXXX uncollected escrow {$45.00} XX/XX/XXXX uncollected escrow {$45.00} XX/XX/XXXX uncollected escrow {$39.00} I want an explanation why I'm paying for escrow from XXXX How did it go from {$28.00} to {$56.00}??? and what exactly is my real house payment suppose to be??"
4680,"I have an account that went into a derogatory status after being honorably discharged from the US Navy. I had fallen upon hard times and could not afford the payments at the time. It did take me a while, but I have recently settled this debt with the debt collection agency, whom goes by the name of XXXX. After settling this debt on XX/XX/XXXX, I called Experian to explain my situation and that I wanted this information updated on my credit report. Each time I called, The agents were very rude and impolite, I was even hung up on by one of the agents. They insisted on not updating any information and that they would be filing a dispute before the account was updated. On XX/XX/XXXX, I uploaded an image from the debt collection agency the account was settled with, showing a fax I received stating that the account should reflect "" settled/paid in full ''. On XX/XX/XXXX the Experian dispute results were in, and they stated that the information that they had on the account was correct, I settled the account for {$2600.00}. After settling an account, the balance is to reflect {$0.00}. Experian only updated the account as if I were only making payments, bringing the {$8800.00} balance down to {$6200.00}. This reporting is incorrect due to the fact this account has been settled, I did not start a payment plan with the company ( which is a statement that Experian later added to the notes section of the reporting as well ) I also have a recording of a conversation with XXXX XXXX XXXX XXXX, which is the original creditor, stating that this balance is to reflex {$0.00}. This account reflecting this high balance is severely hurting my revolving credit, which is keeping me from buying a home for my wife and children. I do not believe I have been treated fairly by Experian as a consumer and assistance is needed to make this situation right."
4681,"I have been sued for two private student loans in XXXX XXXX XXXX Florida. These loans are past the statute of limitations in Florida as they are more than six years past the first payment due date in the notes. 

I am a 100 % XXXX XXXX adjudicated since XX/XX/2013. I have had legal representation on all debt since 2013 and XXXX XXXX XXXX was notified of my XXXX and legal representation. It is a violation of the FCRA for these actions to have happened at all without response to or contacting my legal representation. 

Additionally the companies have tried to present this as credit card debt and not promissory notes, fraudulently misleading the court. 

These actions also violate the consent order by the CFPB and XXXX XXXX XXXX XXXX case Case XXXX"
4682,I submitted a request to have this card removed from my credit report as I do not hold this card. I was a authorized user and not the account holder. I have no financial obligation to the card and want it off my credit immediately per the Fair Credit Reporting Act guidelines ( FCRA ).
4683,"I received a Notice of Account Closing dated XX/XX/year> for all my accounts : checking account numbers XXXX, XXXX, XXXX, and XXXX ; and XXXX XXXX account numbers XXXX and XXXX. I request a detailed explanation and reconsideration/reopening of the account. I have been a client in excellent standing for more than 31 years. Please review urgently."
4684,"Equifax did not properly secure my protected personal information from intrusion, such as through appropriate patching, 2-factor authentication at the point of service, segmentation of data, etc. As such, it appears my full name, Social Security numbers, birth date, addresses, and possibly driver license number is cross-matched to each other and in the hands of criminals who can use this data to breach any number of accounts in perpetuity such as my banking and financial data, medical data, legal complaints, political data, and any other number of sensitive accounts. 

Further, I am unable to secure these accounts because they ask for the very personal information that is breached in order to verify my identity and approve a change. 
Equifax is currently offering a limited credit monitoring service, which does n't even activate immediately. Even this had to be sought out by those who see the news reports, follow the news links to the Equifax page, which in turn link to a shady third-party website asking for 2/3 of one 's social security number plus last name and a waiver of all class action recourse in order to discover if one is among the breached accounts, only changed to waive class action recourse from the third party site if it too is breached with the sensitive data it is querying once the news of this spread. This is insufficient to the need created by their negligent protection of my information, which I did not give them myself, but which they curated as their business from other businesses."
4685,I am requesting with this complaint that the following inaccurate items be removed from my credit report. The items are not mine and are causing me financial distress because of their derogatory information XXXX XXXX CO XXXX
4686,"Because of a data breach that compromised my personal information, fraudulent accounts have been placed on my credit report. Under Section 605B of the FCRA ( 15 U.S.C. 
1681c-2 ( a ) ), please block and delete these accounts within 4 days : Also, would like to have all addresses and names REMOVED from my credit report, except for my only name and address listed below : Name : XXXX XXXX XXXX : XXXX XXXX XXXX XXXX CA XXXX Please delete and block the following accounts from my credit report Accounts XXXX  XXXX - Account Number : XXXX XXXX XXXX XXXX XXXX  XXXX, Date Opened : XX/XX/year>, Balance : {$170.00} XXXX XXXX XXXX - Account Number : XXXX XXXX XXXX XXXX XXXX XXXX, Date Opened : XX/XX/year>, Balance : {$220.00}"
4687,"va loan mishandled by jp morgan chase - inaccurate financial transaction record - failure to ensure insurance rider placement and payment distribution in accordance with va loan regulations - failure to service va loan according to va regulations, - submitting and making misleading and misrepresentations to state, federal, courts ands judicial officials and agencies - failure to provide mortgage modification authorized and approved by the VA - failure to provide and misrepresentation of required policy and procedures to assist and/authorize homeowners claim repairs and payment disbursements i have submitted these complaints previously supporting witnesses XXXX XXXX, va loan specialist, XXXX pa attorney general XXXX, XXXX pa, XXXX attorney XXXX, XXXX pa, XXXX attorney XXXX, XXXX pa, XXXX pa state trooper XXXX and XXXX, XXXX pa XXXX, XXXX thousands of supporting documents, recordings, texts, and emails available upon request"
4688,"Dear Sir, This complaint is against Nationstar Mortgage the servicing dept. I was told by Nationstar that I should participate in their HARP loan program, where my loan originally was a interest only loan that turned into a fully index loan with PITI. The payment through me out of Budget, so Nationstar stated the best option was the HARP Program. Enclosed is the email stating that I was approved, and I would be skipping a payment the date was XXXX/XXXX/15, on the week of my closing I get an email that I 'm was not approved. I thought that something was wrong because the communication checking to see what is going on had stop. I kept going to voice mail for XXXX days. The loan office on this deal plus the processor could not be reach, on XXXX/XXXX/15 I got the enclosed email telling me that I was not approved. I told them since this file is with Nationstar can you take it to the modification dept. personally since you quoted the wrong rate, a teaser, XXXX I told them that I had a problem paying the original loan payment and I reached out for help and they suggested this program. I am now going to be in foreclosure if this problem is not corrected. I need someone from their management to look into this. The loan number is XXXX, borrower is XXXX XXXX. This like a switch and bait after the client does everything in their power to give them what Nationstar ask for. The companies hide behind the automatic systems and voice mail system, it takes a strong consumer to fight through this so that it can be justice."
4689,"I have a US Bank Platinum Visa Card.

For the last XXXX months- if not more - I have been charged double interest in the amounts of {$37.00} & {$27.00} on XX/XX/year> and again on XX/XX/year> in the amounts of {$33.00} & {$30.00}. 

I have never in my life taken out a cash advance or done anything else that would require me to be charged twice for interest each month. The bank has been of no help solving this either. 

They also are not willing to extend the grace period to help me pay it off as that was another suggestion I had to resolve the issue. The response was a rude "" No, if that was the offer - that's the offer. It doesn't change. '' I've has so many issues with US Bank that it's getting out of hand."
4690,Order a  free trial and paid shipping and handling.  Company has  automatic charges start after 18 days and did not send any new product s. Company th en said the {$110.00} charge they charged us for was for the trial. The advertising says free trial just pay {$4.00} f or S & H. T he company is bogus and has tons of complaints on  Internet.  My credit card company of 20 years will not credit us the charges that we filed as fraud. Citicard managers do not understand they just lost a long term great client to back a bogus money grabbing compan y. Citicard  will not be used in our house again.
4691,"Woke up today, noticed my credit score fell XXXX points! It was caused by the Department of Education/NELN . I have only ever used XXXX for all of my student loans and have 100 % proof. I have never missed a payment, and have autopay on. How would I have 9 different missed 90 day payments if I never even have had a 30 or 60 day late payment? My score was decreased for no reason and I need help please! I can barely afford to live. I pay XXXX $ + a month and barely make XXXX a year. Cant even find a job with my XXXX XXXX. Life is not as easy as it was 40 years ago. My dad makes all the payments and his score was unaffected. If I actually owed the money they claim, his score would be affected. But thats why his score is XXXX, we try to be perfect, but clearly NELNET prefers scamming over morals."
4692,"Recently i did a full investigation on my credit report and found several items on there to be inaccurate and unauthorized.

15 U.S Code 1681i ( 5 ). Any Information disputed by a consumer, an item of the is found to be inaccurate or incomplete or can not be verified the consumer reporting agency shall promptly delete that items of information from the file of the consumer, or modify that item of information.

I am writing to formally dispute inaccurate and potentially fraudulent information on my Experian credit report as a result of being a victim of a data breach. 
My personal information was compromised in a data breach, which has led to unauthorized accounts, names, inquiries and phone numbers being associated with my credit file. I kindly request that you block this information from my credit report within four business days pursuant to 15 USC 1681c-2 ( a ) of the Fair Credit Reporting Act.

I am a victim of the data breach and fraudulent accounts and request that you block and delete all listed account, names, Inquiries and phone numbers from Experian. 
XXXX XXXX XX/XX/XXXX XXXX $ XXXX XXXXXXXX XXXX XXXX XXXX XXXX XXXX XXXX XXXX XXXX XXXX XXXX XXXX XXXX XXXX XXXX XXXX XXXX XXXX XXXX XXXX XXXX XXXX XXXX XXXX XXXX XXXX XXXX XXXX XXXX XXXX XXXX XXXX XXXX XXXX XXXX XXXX XXXX XXXX XXXX XXXX XXXX XXXX XXXX XXXX XXXX XXXX XXXX XXXX XXXX XXXX"
4693,I have student loans around XXXX dollars which should be removed/ forgiven based off the studentaid.gov website. This loan was consolidated with previous XXXX loans which the previous loans were forgiving. However this balance was not forgiven and should have been when I consolidated all my Loans into one.
4694,"On XX/XX/year>, I submitted a formal dispute to Experian regarding several inaccurate accounts that do not belong to me. In my written dispute, I specifically requested that Experian obtain and provide proper documentation from the original creditors, including copies of any signed contracts, applications, or written agreements bearing my signature, to verify the validity and ownership of these accounts, as required under the Fair Credit Reporting Act ( FCRA 611 and 609 ). 

Instead of supplying any verifiable documentation or proof from the original creditors, Experian simply marked the accounts as verified without providing supporting evidence or copies of the original signed documents. This action does not meet the verification standards outlined in the FCRA. 

By failing to provide documentation showing my written authorization or agreement to open or use these accounts, Experian did not complete a proper or reasonable investigation. The continued reporting of these unverifiable and inaccurate accounts has caused damage to my creditworthiness, financial opportunities, and emotional well-being. 

I am requesting that the CFPB require Experian to produce proper verification from the original creditors including documents containing my written signature or immediately delete all disputed accounts that can not be legally verified."
4695,"-Stopped attending university ( XXXX University , XXXX XXXX , XXXX XXXX ) in XXXX of 2013 due to financial and mental health issues. 
-did not graduate -All Federal loans service by Sallie Mae `` sold '' to spin-off company Navient -Could not afford loan payments due to minimum wage income and monthly financial burden -Navient sent emails every 3 months offering to "" Resolve your student loan payments '' by replying to emails with the word, "" yes ''. 
-Interest ( between 4.5 to 6.8 % for 5 different loans ) has accrued for years without any suggestion to alternatives -interest accrual increases the amount of the loan, and thus the difficulty of paying off such a loan without a college degree-paying occupation -Original loan principle was {$16000.00} total for 5 loans, Now totaling {$31000.00} to be paid off in a 10-year period"
4696,"In XX/XX/2024, I was living with my ex and she had gotten upset that I had left her and she wanted to ruin my credit. She did this by going on her phone using my information to make an account and rent a house and I pay it back, but put it under my name. Then I got the report that my credit was lowered because of this even whenever I did not authorize the charge she has since then been charged."
4697,"Received letter in mail by Unifin over a credit card balance that is XXXX XXXX XXXX. The old account that use to own this credit card, XXXX XXXX was not able to verify the debt or dates to see what interest or debt occurred while in the pandemic when the president forced creditors to stop collecting payments.. This debt occurred during the XXXX pandemic. Status of limitations has been reached with this credit card in the state of XXXX."
4698,"Please stop contacting me via phone, fax, text, or email. All communication should be sent to me by USPS certified mail. Any other form of correspondence will be rejected or refused. 

CAVALRY PORTFOLIO SERVICES XXXX"
4699,"i had filed a debit card dispute regarding a charge of an extra {$250.00} that i was charged from a hotel that i stayed at, they had given me a provisional credit and then a few weeks later sent a letter to me saying the credit was final. A few weeks after that they sent a letter to me that looked a third grader wrote it, stating they were taking the money back and gave a blank date on when the funds were going to be removed. i tried to discuss this with them but only got offshore customer service which was no help. I would like them to honor their word and give the credit back"
4700,"On XX/XX/year> Bank of America illegally set off a personal bank account ending in XXXX for {$1900.00} dollars, which was from personal wages deposited into a separate XXXXXXXX XXXX account moved to XXXX to pay a XXXX personal credit Card. 

Bank of America was not authorized to remove {$1900.00} from XXXX personal account and has violated federal and XXXX  XXXX  on setting off personal accounts with employment wages for a business charged off debt. 

This caused my personal credit card payment to be late and I also had them file. 30 day late payment on my credit card which has destroyed my credit"
4701,"I RECENTLY DISCOVERED THAT I WAS A VICTIM OF IDENTITY THEFT. SOME OF THE INFORMATION AND ACCOUNTS APPEARING ON MY CREDIT REPORT DID NOT REFLECT ANY TRANSACTIONS MADE BY ME OR ANYONE I KNOW. I REACHED OUT TO THE INDIVIDUAL CREDIT BUREAUS AND TRIED TO RECTIFY THESE PROBLEMS. I WAS INSTRUCTED ON WHAT TO DO. I WAS ASKED TO CONTACT MY LOCAL POLICE DEPARTMENT AND FILE A POLICE REPORT AND ALSO CONTACT THE FTC AND VARIOUS LENDERS. I DID ALL OF THESE AND MORE. I SUBMITTED ALL THE DOCUMENTATION TO THE 3 MAJOR CREDIT BUREAUS ( XXXX, EQUIFAX, XXXX  ). AFTER 30 DAYS OF INVESTIGATION, XXXX  AND XXXX  REMOVED ALL THE FRAUDULENT ACCOUNTS AND INQUIRIES. ON THE OTHER HAND, EQUIFAX HAS DENIED TO REMOVE AND BLOCK ALL THE FRAUDULENT INFORMATION. 

IT COMPLETELY BAFLES ME HOW EASY IT IS FOR A CREDIT REPORTING AGENCY TO SLAP FRAUDULENT INFORMATION IN YOUR CREDIT REPORT BUT SHOW RESISTANCE TO DELETE IT. I AM A LAW ABIDING CITIZEN AND I CONTRIBUTE POSITIVELY TO SOCIETY. UNFORTUNATELY, I AM UNABLE TO HAVE TOTAL CONTROL OF MY PERSONAL INFORMATION BECAUSE OF IDENTITY THIEVES. THE CREDIT BUREAUS ARE SUPPOSED TO PROTECT ME AND MY INFORMATION. THIS HAS NOT BEEN THE CASE WITH EQUIFAX. I WILL LIKE THE CONSUMER FINANCE PROTECTION BUREAN TO STEP IN AND HAVE THIS ISSUE RESOLVED. THIS IS COMPLETELY UNFAIR AND TOTALY BIASED. ALL 3 CREDIT BUREAUS CONDUCT THE SAME INVESTIGATIONS INTO IDENTITY THEFT. BUT I DON'T UNDERSTAND HOW 1 CREDIT BUREAU IS ABLE TO HAVE A COMPLETELY DIFFERENT OUTCOME FROM THE OTHERS. MY CREDIT REPORT IS SUPPOSED TO BE FAIR AND ACCURATE. UNFORTUNATELY, EQUIFAX HAS NOT MADE THE EFFORT TO MAKE SURE MY CREDIT REPORT IS ACCURATE. PLEASE HAVE THIS FIXED AS IT IS IMPACTING MY LIVELIHOOD. 

I HAVE ATTACHED A COPY OF MY OTHER REPORTS WITH THIS COMPLAINT SO EQUIFAX CAN HAVE A REFERENCE TO ENSURE ACCURACY I HAVE ALSO ATTACHED A COPY OF THE ORIGINAL POLICE REPORT, FTC IDENTITY THEFT REPORT, FTC IDENTITY THEFT AFFIDAVIT, PROOF OF IDENTITY AND PROOF OF RESIDENCE"
4702,"I reviewed my recent credit report and upon checking I noticed that there are inaccurate and fraudulent account that I needed to report and correct by your company. My information was misused and it is identity theft. I did not own the following debt. Here is the list that indicates the company name, balance, and date last reported : XXXX XXXX XXXX XXXX/ {$4500.00} / XX/XX/2022"
4703,I attempted to get my number updated and became increasingly agitated with each call I had to make. Each rep gave different information and failed to help with my requests. Finally getting so upset halfway through my day still trying to get answers and now a complaint logged with them directly Im having to contact the CFPB. Multiple people did not know their complaint process and said a formal resolution is not provided to the complaintant which forces me to go through CFPB.
4704,"Account was deleted XX/XX/XXXX in a dispute and they are still calling me being rude, using profanity language and calling. My job threatened to have police arrest me. And decreased my credit score by 23pts Creditor info. 
1. XXXX XXXX XXXX XXXX XXXX, KS XXXX ( XXXX ) XXXX 2. Original Creditor XXXX XXXX XXXX Status Open Opened Date XX/XX/XXXX Closed Date -- Responsibility Individual Balance {$170.00} High Balance {$170.00} Remarks Account information disputed by consumer"
4705,"While at a XXXX XXXX art auction on a cruise ship ( XXXX XXXX XXXX ) the Park West employees placed a number of art works on the stage. The auctioneer then told the audience that as a reward for simply applying for a Park West Collectors credit card the applicant would receive any XXXX of the artworks displayed on stage absolutely free. I filled out the application and told the Park West employee my choice of the free artwork. At that point I was pressured to purchase XXXX artworks by the same XXXX for a total of {$810.00}. I chose not to purchase these artworks, indicating I only wanted the piece of art that was offered for free. I was then given an appointment to come to the Park West office after the auction, which I did at the appointed time. Upon arrival the representative told me my choice of artwork was out of stock and that I would have to pay {$35.00} to have it shipped from another location ( I found the same piece of art listed online for {$35.00} with free shipping included ). I told the Park West employee that there is at least XXXX such piece of art available-the one that was displayed on stage. I further told the representative that It is deceptive to display such a piece of art as available at no cost when it is in fact not available. I then told the representative that I wanted to withdraw my application for the credit card and demanded the application I had completed. The representative gave me the application and I left with it, thinking this was the end of the matter. Upon arriving home I discovered an E Mail from XXXX XXXX indicating a new credit account had been opened. I went to the Credit Karma website and discovered that Park West had in fact opened the credit card account against my stated desire .It is a Park West Collectors card through XXXX Bank XXXX"
4706,"I applied for a Capital One credit card with XXXX XXXX on XXXX and after a few hour i was told that my application was denied without any further explanation, I have very good credit and my application ( Securities ) are gon na be traded on the secondary market without my permission, if they don't extend me credit or send my application ( Securities ) back to me Im reporting that company for SECURITIES FRAUD. 

XXXX XXXX XXXX XXXX XXXX XXXX XXXX XXXX XXXX XXXX"
4707,"I purchased this Netspend card at XXXX to give to my child on his trip. I bought this card on XX/XX/2022. We tried to activate the card however the system said that I need to speak with a live agent to complete the activation. 
I called back on XXXX  XX/XX/2022 to ask for refund as my child is back from his trip and there is no use of this card. I spoke with XXXX and he spoke to my child and activated the card under his name with out our knowledge. When questioned he said that the card got activated under a Minors name and they can not do a refund. Spoke with XXXX supervisor who said that she can add my name as a primary but I insisted on getting the refund for which she said that her manager is going to call me back in 2 business days. 
I waited for three business days and never received any call. When I called back Wednesday XX/XX/2022 the rep said that there is no Supervisor by the name XXXX and they can not do the refund. I was upset with XXXX for carrying such cards. Its a hassle to get the card activated and if it passes 30 days the card will automatically deduct {$6.00} and for every transaction they charge a processing fee if {$1.00}. 
Thank"
4708,"On multiple occasions, I have contacted FiFtH Third Bank and explained to them on the loan 's maturity date and that I have never missed a payment on the XXXX XXXX. I was told that they inherited the loan from the original loan agency that I purchased the vehicle from. Fifth Third Bank told me that forced placed insurance was added to the original loan and so that is why the loan was not paid off. I explained to them that I have always had my own insurance on the vehicle. They asked for proof from my insurance company and gave me an email to send the documentation. I emailed the statement from my insurance company that proved that I had insurance on the vehicle thus no forced placement was needed and the cost, fees, and any interest acrued should be removed from the loan. I have gone round and round talking to several different representatives yet there is no-follow up on their part and every time I explain this it appears I am explaining it for the first time and they tell me to send the documentation of which has already been done. I asked for a statement of all of my payments since the inception of the original loan and Fifth Third said they would send it three times yet I have not received this statement/documentation. One representative said, they would contact the original lien holder and get the statements from the start of the loan because First Third only had information starting in the fall of 2018 when they took over the loan. I am refusing to pay anything else as I have paid for the vehicle in full and have NEVER missed a payment. Again, I already had insurance through my personal vehicle insurance provider and proof was sent. Please help!!! Fifth Third Bank is running a SCAM and they keep giving me the run-around and refuse to provide me my title for the paid vehicle. I HAD NO KNOWLEDGE THAT FORCED PLACED INSURANCE WAS PLACED ON THE VEHICLE. THERE WAS NO LEGITIMATE REASON FOR THEM TO PLACE IT ON THE VEHICLE."
4709,"Lender was unable to explain how their APR ( Annual Percentage Rate ) was calculated on my new loan. The Lender 's website Help section does not provide this information so I contacted customer service. When speaking to two levels of customer service, agents did not completely understand what APR was ( and how it differed from the loan interest rate ) nor what calculation I was requesting. After approximately twenty minutes, I was ultimately told, "" We are not qualified to give you that calculation '' and "" We do not have that information and there is no one we know of here that would. ''"
4710,"I have two Accounts with First Progress secured lines of credit. I have always paid off in time and fully. I have a bank account connected to my cards and the payments process and clear and the first progress always hold the payments not putting them towards my available credit for almost two weeks as of recently. This is excessive especially when there has been no returned Un honored payments, and I put a down payment securing the lines of credit on each one to build and repair my credit."
4711,"In XX/XX/year>, I opened a Coinbase account. Shortly after opening the account, I received a XXXX transfer of XXXX XXXX from another wallet into my Coinbase exchange account. However, when I attempted to access my account, I was informed that my account was under review. 

Coinbase contacted me through email with the case number # XXXX, requesting additional information to complete the review process. I promptly provided all the requested documentation, including sensitive personal information. Despite my compliance, I have not received any response or update from Coinbase regarding my account status or the transferred funds. This issue has persisted since XX/XX/year>, which is an unacceptable delay. 

I have sent multiple emails to Coinbase seeking clarification and assistance, but I have not received any meaningful replies. Furthermore, I recently received another email from Coinbase stating that I had 10 days to respond to a previous email, despite having already responded multiple times. 

This lack of communication and resolution is highly distressing and unacceptable. I request your assistance in urging Coinbase to address this matter."
4712,"I called XXXX XXXX XXXX regarding when my account would be reported late to the XXXX they told me if I didn't make my payment by XXXX of XXXX by XXXX it would report as XXXX XXXX late. 

However I check my credit it was already reported late on my credit I wasn't able to refinance my car due too XXXX XXXX incorrect information showing on my credit report which XXXX didn't adherence to FCRA by report inaccurate information to the XXXX THAT cause a decline for reporting negative information"
4713,"On XX/XX/XXXX I submitted my payment in full through Nelnet, who is my loan servicer. The payment made was {$61000.00}. On XX/XX/XXXX I received an email saying that my payment was denied. Following up with this I called my financial institution only to find out that no transfers of money were even attempting to be made. I went ahead and resubmitted the payment only to find that I had accrued more interest in that timeframe. I scheduled a payment for {$61000.00} on XX/XX/XXXX. Since I submitted the payment it still says pending. While the payment was pending I noticed that I had accrued {$24.00} in interest. So I submitted another payment on XX/XX/XXXX for the {$24.00}. The {$24.00} drafted from my bank account, however, the {$61000.00} has not. So I reached out to Nelnet to see what the problem was. After being on hold for three hours the representative told me I just needed to use a different bank account for the {$61000.00}. I am just concerned because I do not want to accrue any more interest while I am trying to pay off the total of my loan. I am just frustrated and feel that this needs to be looked into."
4714,"I received a letter in the mail saying that I owe a balance to LVNV Funding, LLC and that my original creditor was XXXX XXXX XXXX, NA. There are no details in the letter except that they are suing me for wage garnishment for {$1500.00}. I don't remember having this high of debt owed. I was paying for protection on my credit cards and back in XX/XX/2015 I lost my job and was financial unable to pay anything for almost a year. I would like to find out how to verify this debt."
4715,"XXXX XXXX, 2023 I received a notice from Wells Fargo. An unauthorized XXXX XXXX program was added to my account. The letter asked me to call and file a complaint if I didnt sign up. I called mid XXXX and was told I would receive a low payout ( that I didnt agree to ). I agreed to the maximum payout because of the fraud. I was then told that I would need to appeal it if I didnt agree to the said amount. Please help escalate this. 


Thank you. 
XXXX XXXX XXXX XXXX XXXX XXXX Reference Number : XXXX"
4716,"XXXX XXXX XXXX XXXX XXXX XXXX XXXX, OK XXXX XXXX XXXX XX/XX/year> XXXX XXXX XXXX XXXX XXXX, GA XXXX Subject : Dispute of Inaccurate Information Under Section 16.81.o Failure to Provide 1099 Form Dear XXXX, I am writing to formally dispute the accuracy of information on my credit report, as provided by XXXX XXXX XXXX XXXXXXXX XXXX charged-off debt. This information is inaccurate and does not comply with legal requirements, as I never received the required 1099-C form for this charged-off debt. This omission renders the reporting of this account invalid and negligent. 

This inaccuracy has caused me significant harm, including : Denial of credit due to the reporting of this charged-off debt. 
A negative impact on my credit score, which has affected my financial opportunities. 
Request for Resolution I am requesting that XXXX take the following actions : Conduct an investigation into the accuracy of the reported information. 
Remove the inaccurate account from my credit report promptly, as it fails to meet legal compliance standards. 
Notice of Intent Should you fail to resolve this matter adequately, I will consider taking further action, including seeking damages for negligence and non-compliance under Section 16.81.o. 

I trust this matter will receive your immediate attention. Please confirm receipt of this letter and provide an update on the status of my dispute within 15 days. 

Thank you for your cooperation. 

Sincerely, XXXX XXXX"
4717,"My late mother had a mortgage on her home ; she passed away in XX/XX/2018 and I have inherited the home, where I live. I have corresponded both in writing and on the telephone with the lender, Chase Mortgage, about assuming the loan under the provisions of the Garn-St Germain Depository Institutions Act. I get nothing from Chase but form letters saying the mortgage is not assumable, even after citing Garn-St. Germain to them. On hour-long telephone calls, I talk to several different people who, like automatons parrot "" the loan is not assumable '', "" the loan is not assumable '', even when I quote Garn-Ste Germain to them. No one will even admit Garn-St Germain exists, no one will tell me why the loan is not assumable. I just get stone-walled. 

I have been paying the mortgage under my mother 's name and SSN, so have lost out on any claim for mortgage interest tax deduction. I have had it with Chase Mortgage and intend to pay off the mortgage just to get shed of having to deal with this no-customer service organization. A big raspberry to Chase Mortgage ..."
4718,I have had an issue with zions bank i know i had the reported charges that werent mine that were reported and i had spoken to a banker about that on the phone and at the branch i do want to express my appology for reporting those charges to you guys that was totally uncalled for i have a major XXXX and it was totally uncalled for. There has been issues with regular banks versus credit unions regarding fees and all sorts of stuff i just want to appologize for that fiasco and apologize to the president and co-founder of zions bank for the issues that i have caused. I just wanted to have my own account and they chose not to have me as a customer my old account number was XXXX and im deeply sorry for all this chaos that was caused i just would like to be compensated for the issues i dealt with zionsbank i just want to see if zions bank would be willing to compensate any sort of money and help me out here i think they handled it very horribly i know i made a huge and honest mistake and im just trying to get this resolved with a relief and monetary compensation for kicking me off their banking system and being rude to a XXXX man but i do want to say im sorry for the charges that were reported as fraud that was a mistake but ill learn from this one. I even asked if i could get my own account and they denied me but its all good just really sucks seeing if you would be able to compensate me at all thanks
4719,"Mortgage company changed the company that services our loan ( takes payment ) upon after making XXXX payment with new loan service company they sent a XXXX statement with a {$1600.00} fee. The fee did not exist prior to them taking over the payment process. 
Our loan was current and there were absolutely no unpaid fees I have typed this description several times in great detail yet nit keeps disappearing there are more details I CAN explain. 
XXXX not sure that it hasnt already been transmitted. 
However when I contacted the loan servicer they told me it was just a fee they assessed, when questioned for what they had no explanation. 
We previously XXXX had our loan thoroughly examined by a state organization and all fees past and present were made current as of XX/XX/XXXX. We have made monthly payments consecutively since. XXXX payment was made on XX/XX/XXXX that we paid a {$35.00} late fee for. There is no rightful justification for this fee. Our monthly payment was increased to cover additional escrow funds needed. 
Im XXXX % sure we never agreed to randomized assessed fees being added to our mortgage payment. I previously held a real estate license when we took out this mortgage, there was no language pertaining to random assessed fees ever, that we agreed to."
4720,I was working on a refinance since XXXX with Wells Fargo. After several documents sent that were requested from the lender my loan was denied due to insufficient income verification six months later. 3 years tax returns and several XXXX XXXX XXXX statements were sent with 6 months of bank statements and they still couldn't figure out the income due to me being self employed. I applied with another lender quicken 3 weeks ago and we have already closed. It seems there are several issues Wells Fargo Mortgage.
4721,"I bought an account for a game on XXXX. The seller of the account then took the account back, he changed the account details and locked me out of everything. He then denied stealing the account back from me, and the XXXX support ruled in favor for the seller in the internal review. 

I then disputed with Capital One for {$240.00}. Capital One took a month and ruled the dispute in the favor of the seller, so I have to pay the full amount. I appealed the dispute with documents showing I did not have access to the account, and Capital One denied my appeal again. 

Also, the platform, XXXX BANNED my account so I can't even appeal my order on their platform."
4722,"XXXX XXXX XXXX is reporting a debt allegedly owed to XXXX XXXX XXXX. I contacted NCS on XX/XX/year>, and the representative verbally read a breakdown of the charges. The representative failed to mention the exact breakdown of the debt, in which contradicts the ledger that was provided to me by XXXX XXXX, and indicates that XXXX  is reporting inaccurate and unverifiable information. The ledger I received is also inaccurate with its charges, assuming the confusion between I, XXXX XXXX XXXX, and National Credit Systems. 
Ive previously disputed this debt, and NCS has failed to provide full validation as required under the Fair Debt Collection Practices Act ( FDCPA ). I was charged for damages that were never present ( screen doors that were never installed, rent for a unit I no longer occupied ). I also request the NCS preserves the recording of the call from XX/XX/year>, as it contains statements relevant to this dispute."
4723,"I am writing to formally file a complaint under the Family Educational Rights and Privacy Act ( FERPA ) regarding the unauthorized access to my personally identifiable information by XXXX XXXX and his employees through the Department of Education 's databases. 

On or around XX/XX/year>2025, I became aware that individuals associated with XXXX XXXX, who are neither school officials nor authorized representatives, accessed databases that include my personal education records without my knowledge or consent. I am aware that usage of database is monitored, recorded and/or subject to audit. I did not provide any authorization for such access, and I believe this constitutes a violation of my FERPA rights. The Family Educational Rights and Privacy Act, FERPA, protects the confidentiality of student records. This breach is a clear violation of FERPA and your responsibility to safeguard my information.

respectfully request that your office investigate this matter and take appropriate action to ensure my personal Information remains protected. Please provide me with any relevant findings, corrective actions, and steps I can take to prevent further unauthorized access to my records.

The Family Educational Rights and Privacy Act, FERPA, protects the confidentiality of student records. This breach is a clear violation of FERPA and your responsibility to safeguard my information."
4724,"In XX/XX/year>, my bank notified me that XXXX checksboth dated XXXXXXXX XXXXwere returned because they were never deposited. After multiple attempts to reach XXXX XXXX XXXX  who I had been sending payment to I received a return call during which I was informed that these accounts were returned to XXXX XXXX XXXX, possibly due to my residency in XXXX. 

I have lived in XXXX  for over XXXX years and was never informed of any licensing limitations or pending changes to account servicing. Additionally, I was not notified that my accounts with balances allegedly owed were closed, transferred, or returned. This raises concerns about possible misrepresentation, improper collection activity, and potential consumer protection violations for all XXXX accounts."
4725,"M & T Bank XXXX  XXXX XXXX has purchased Peoples United Bank and will be converting over the United Bank checking accounts over the XXXX XXXX Weekend. As part off the conversion, there will no longer be access to the checks processed by United Bank prior to the conversion By access it is defined as to the check image both front and back sent by the checking account owner to the payable party. The hard copy statement does not provide the detail needed in resolving any inquiry or resolving a complaint."
4726,"On XXXX, I received notice of a default judgement that had been ordered against me to pay a debt owed to Ford Motor Co. In the judgement, it was detailed that I had been served with a citation and petition on XXXX at an address I had moved from on XXXX. The move was significant and long distance. I had not received any notice of pending action, nor was I living in the jurisdiction of XXXX County- where the default judgement was brought. This is a clear violation of the FDCPA section 811 ( b ) which requires collection attempts to be made only in the jurisdiction in which the consumer resides at the commencement of the action. 

On XXXX, I contacted the firm that led the debt collection case in an attempt to resolve this matter. They stated that "" The best address we had for service of the suit was [ in ] XXXX, Texas XXXX. ''"
4727,"This is my third complaint. 

For a month, from XX/XX/year> through XX/XX/year> I tried EVERY solution I could think of AND EVERY "" solution '' ( ie selfie photo, email etc ), offered by "" Coinbase ''. 
NOTHING WORKED! None of Coinbase 's "" chatted solutions '' worked, but they insinuated to the CFPB that they had instructed me how to fix the problem. Is this straight DECEPTION, lying to a Government Agency, via Coinbase or IGNORANCE? 
Sure wish there was a SPECIFIC CSR we could go to to get the answer!! 
NO SOLUTION OFFERED BY COINBASE WORKED. 
At one point I "" chatted '' to Coinbase - BECAUSE THAT IS A L L THEY OFFER, that if they continue to give me the 'runaround '', I facetiously said that I charge $ XXXX for MY TIME - NO RESPONSE! 
At this point Coinbase would owe me around {$500000.00} for MY TIME alone! 
COINBASE - PLEASE STOP USING "" INTERNET SECURITY '' AS AN EXCUSE TO HOLD CLIENTS ACCOUNTS H O S T A G E!!!"
4728,"On XX/XX/XXXX, while calling to make a payment, I was told a payment could not be made because my mortgage account had been sent to Foreclosure while waiting during the loss mitigation process. I was told my information would be re-submitted and was transferred to the Foreclosure department. Once transferred to the foreclosure department, I was told my account would remain in foreclosure and that nothing could be done until loss mitigation notified them. I was then given the contact information to the law firm that was being sent my account. This is a clear violation of XXXX XXXX under RESPA XXXX XXXX."
4729,"I purchased a used vehicle ( XXXX VIN ) XX/XX/19 from The XXXX XXXX with financing provided by TD Auto Finance. I then refinanced the loan with my local credit union ( XXXX XXXX XXXX ), but XXXX XXXX was never provided with the vehicle 's title. I have been making payments on time to XXXX XXXX for the last few years and now wish to sell the vehicle but am unable because the vehicle 's title can not be located. TD Auto Finance is unable to locate the title."
4730,"I received an offer from Delta XXXX for a Delta SkyMiles American Express credit card. The email stated : "" The time has come to plan your next big adventure. Apply now and you can earn XXXX bonus miles after you make {$1000.00} in purchases on your new Card within your first 3 months '' I signed up for the card, and spent {$1300.00} in the first three months ( see attached credit card statement ). However, after several months, I realized that I had not been credited these points. I called Delta to explain that I had received an email stating the offer, and they forwarded me to American Express. American Express then informed me that they had changed the offer to {$2000.00} in the first three months, unbeknownst to me, and that since I had spent only {$1300.00} I was not eligible for any points. They asked me to FAX in the original email I received and they assured me that they would follow up. I never received a follow up. 
So I called again in a couple weeks and went through the same explanation, which took about XXXX2 hours of my time. The supervisor assured me they would follow up. Nothing. They also gave me an email account with which to send my original email offer. I never heard back but did receive notification that the email went through. 
I followed up again in a few weeks and spoke to another supervisor, who informed me that the marketing department rejected my request for the XXXX points that I had been promised in the original email, still stating that the offer was for {$2000.00} in spend in the first three months ( despite the offer in the email - I have attached to this complaint ). 
I cancelled the credit card out of frustration. 
Please help me do whatever I can to rectify this situation regarding the fraudulent and misleading email I received. 

This has resulted in a loss of {$500.00} worth of airline miles to me directly, in addition to 5 hours of time."
4731,Ive dispute the collection multiple times. Ive called & asked for the paperwork & received nothing. It wasnt a repo the car was stolen. They didnt give me an offer to retrieve the car. They sold the car & profit it as a loss & charged it off. Its reporting to my credit as late payment. Its been six years & nothing is being done. Ive asked for the 1099-c so i can report it as income since Chrysler Capital has written it off.
4732,Capital One overseas department is harassing me for claim money that was resolved and validated by their XXXX department. I have asked for my bank account and credit card be closed with this business due to the Cyber bullying and falsified XXXX Regulation E investigations. Every details and evidence was submitted to ther backfire and provide to the XXXX XXXX XXXX and Public Relatioons media Advisor. My account had a XXXX balance as of XXXX with full transfer of of my funds with checks sent by their accounting. If you continue to harass me for money and deny my claims with full documentation for XXXX of my chargeback completion XXXX XXXX XXXX will sue this bank in court for malicious espionage and compliance fraud. Your executive office has had several CFPB cases opened against or Claims dept for not STOPing these merchants fraud using my card on Recorded calls requesting that you XXXX XXXX from having access to my account. Your incompetence and violation of law put my financial security as at risk & I demand you to reverse this overdrawn account now trying to get me to pay the bank for an investigation you refused to evaluate and present Chargevack status. The merchant even agreed I was owed my refunds and your illegal actions to reverse my refunds with malicious intent to harass and libally make unjustified allegations will be debated and fully disclosed to media investigative reporters internationally. I will never give you another dime of my money & refused further contact from you unless its my the executive office and headquarters that was given awareness of your negligence and employee abuse of power.
4733,"ACCORDING TO 15 USC 1681I - EXPERIAN, EQUIFAX, AND TRANSUNION HAVE 30 DAYS TO INVESTIGATE AND SEND ME THE RESULTS. 

In accordance with the Fair Credit Reporting act. These accounts violated my federally protected consumer rights to privacy and confidentiality under 15 USC 1681. 




XXXX XXXX ( Original Creditor : XXXXXXXX XXXX ) # XXXX XXXX XXXX # XXXX XXXX # XXXX XXXX # XXXX XXXX XXXX # XXXXXXXX XXXX XXXX XXXX XXXX XXXX XXXX XXXX XXXX XXXX XXXX XXXX XXXX XXXX XXXX XXXX XXXX XXXX XXXX XXXX XXXX XXXXXXXXXXXX XXXX XXXX XXXX XXXX XXXX  XXXX XXXX XXXX XXXXXXXX XXXX # XXXX XXXXXXXX XXXX XXXX  ( Original Creditor : XXXX XXXX. ) # XXXX XXXX U.S.C 1681 section 602 A. States I have the right to privacy.

15 U.S.C 1681 section 604 A Section 2 : It also states a consumer reporting agency can not furnish any account without my written instructions 15 U.S.C 1681c. ( a ) ( 5 ) Section States : no consumer reporting agency may make any consumer report containing any of the following items of information Any other adverse item of information, other than records of convictions of crimes which antedates the report by more than seven years.

15 U.S.C 1681s-2 ( A ) ( 1 ) A person shall not furnish any information relating to a consumer to any consumer reporting agency of the person knows or has reasonable cause to believe that the information is inaccurate."
4734,"I have placed a request of transfer of Health Savings Account funds from HSA Bank to another custodian since early XXXX. I have contacted HSA Bank several times to inquire on the transfer status. Each time I am confronted with another delay and excuse why they wo n't release the funds. The last time ( XXXX XXXX, 2017 ) I was told that they require up to 6 weeks to process a payment. It is beyond reasonable that a banking institution would require such a duration to perform an action like this. At this point, I believe the funds are being withheld with undo and intentional delay for financial gain of interest and/or fees by HSA Bank. A definition of fraud is a deliberate deception to secure unfair or unlawful gain, or to deprive a victim of a legal right."
4735,"Coinbase XXXX # XXXX Coinbase / XXXX have suspended my account due to a return payment. 

I selected the wrong payment type and subsequently canceled the payment cause of insufficient bank funds. 

So Coinbase XXXX has locked up all my fiat and cryptocurrency. I 'm unable to log into XXXX, which is where all my funds are. I 'm unable to withdrawal funds, which I was planning to use for some of my bills. They have XXXX of my yearly salary locked up in their system, and I ca n't even see my balance. Very Scary to me! At this point I 'm scared they may have stolen the funds. 

My attached email is dated XXXX XXXX, but I 've been trying to get this resolved for 2 weeks now ( I 've had more than one case # ). The email says something about verifying identification, which I had already done when I opened the account. The rep I spoke to on the phone said I should wait to hear back before resubmitting my ID. CoinbaseXXXX ID verification system is broken also, making this task seemingly impossible."
4736,"I am filing a complaint against Cash App ( Block , Inc. ) due to inadequate customer service and unfair practices, which violate the Consumer Financial Protection Act ( CFPA ). Specifically, Cash App failed to take timely and effective measures to prevent and address fraud on their platform, leaving my account vulnerable and unprotected Furthermore, their dispute resolution process was unfair and deceptive, as they did not comply with error resolution requirements under the Electronic Fund Transfer Act ( EFTA ) and Regulation E. These actions have caused significant inconvenience and financial loss, and I seek appropriate redress ( Block, Inc. ) due to inadequate customer service and unfair practices, which violate the Consumer Financial Protection Act ( CFPA ). Specifically, Cash App failed to take timely and effective measures to prevent and address fraud on their platform, leaving my account vulnerable and unprotected Furthermore, their dispute resolution process was unfair and deceptive, as they did not comply with error resolution requirements under the Electronic Fund Transfer Act ( EFTA ) and Regulation E. These actions have caused significant inconvenience and financial loss, and I seek appropriate redress Block, Inc. ) due to inadequate customer service and unfair practices, which violate the Consumer Financial Protection Act ( CFPA ). Specifically, Cash App failed to take timely and effective measures to prevent and address fraud on their platform, leaving my account vulnerable and unprotected Furthermore, their dispute resolution process was unfair and deceptive, as they did not comply with error resolution requirements under the Electronic Fund Transfer Act ( EFTA ) and Regulation E. These actions have caused significant inconvenience and financial loss, and I seek appropriate redress for these violations"
4737,"I have contacted Chase about my XXXX XXXX XXXX starting once per month since XX/XX/2021. The most recent date of contact was the first week in XXXX. 

I paid for a XXXX vacation using my XXXX XXXX XXXX in XXXX XXXX. I have purchased at least 9 trips to XXXX using this method in the past because the promotion is to receive the first six months of the purchase at 0 % interest. 

When we got to the XXXX resort in XXXX of 2021, there was an issue with the booking and they had to rebook part of the trip at a different resort. This caused the original transaction to be partially refunded and then charged again in a subsequent transaction. I called Chase and was told that because it was a "" resort '' vacation package purchase, that it would be fine and that it would all be at the 0 % interest for 6-months. 

That was a lie. 

In XXXX I was charged {$69.00} In XXXX I was charged {$57.00} In XXXX I was charged {$36.00} In XXXX I was charged {$16.00} And when I called this last time in XXXX, I was told by the Chase rep that this would all be credited back BEFORE the billing cycle in XXXX which was the XXXX. 

THAT DID NOT HAPPEN. 

I've had it. I've been a card holder for years and have NEVER had this experience. I also am a lender at a credit union and I know how terms and conditions work, as well as how long it should take to resolve a billing error. 

This is unacceptable. I want all the interest back IN ADDITION to the interest I'm sure you will put on my XXXX statement that I just have not seen yet."
4738,"I went to XXXX XXXX XXXX XXXX in XXXX XXXX XXXX. I was making payments towards my bill but I couldnt afford the payment plan that the hospital had arranged. They then sent the debt to Mendelson Law Firm. I asked the law firm to send me a break down of my charges and a signed XXXX Form stating that I agreed to share my information with them. No signed form has been received. Also they gained access to my personal medial files without my authorization, permission, or knowledge."
4739,"I was in the process of applying for new employment and it was brought to my attention that there is some inaccurate information reporting on my credit report.I received a copy of my credit report and to my surprise I saw all these inaccurate items that are not correct. By the way I hope that this does not hinder my ability to obtain employment due to this inaccurate information showing. I was advised by a legal friend of mine that under 15 US Code 1681a section 603 ( k ) ( b ) ( ii ) can be considered an adverse action. 

Therefore I want the following accounts to be updated to the correct amount, date, status, open and closed date, last date of activity and time. 
If you can not complete this request, please delete the accounts immediately. I have provided an exhibit of evidence showing the inaccuracies of my reports. 
Please investigate if every piece of information is correct. If not, please remove it from my credit report. 

there is some inaccurate information reporting. 
XXXX Account Number : XXXX Please remove it from my credit report. 


there is some inaccurate information reporting. 
XXXX Account Number : XXXX Please remove it from my credit report. 


there is some inaccurate information reporting. 
XXXX Account Number : XXXX Please remove it from my credit report. 


1. The inquiry was not authorized XXXX  Date of inquiry : XX/XX/XXXX Delete this account. 


2. The inquiry was not authorized XXXX XXXX  Date of inquiry : XX/XX/XXXX Delete this account."
4740,"On XX/XX/year> my account was hacked illegally and {$7000.00} was illegally transferred out of my account on CASHAPP, I contacted cashapp and I gave them my information with no resolution. I filed police report. 
XXXX Case number. 

( Block, Inc. ) due to inadequate customer service and unfair practices, which violate the Consumer Financial Protection Act ( CFPA ). Specifically, Cash App failed to take timely and effective measures to prevent and address fraud on their platform, leaving my account vulnerable and unprotected. 
Furthermore, their dispute resolution process was unfair and deceptive, as they did not comply with error resolution requirements under the Electronic Fund Transfer Act ( EFTA ) and Regulation E. These actions have caused significant inconvenience and financial loss, and I seek appropriate redres : for these violations."
4741,"Nelnet does it apply payments as directed. Ive been trying to make extra principal payments to some loans when I can. This happened more than once, when I called to fix it last time, they re-did the same wrong way. Their website is UDAAP and misleading. Most recent example : I have auto debit set up for payment amount XXXX of each month. I followed the websites instructions for extra payments which is On their special instructions page, I selected do not advance the due date, on the payment page, which is how it says you instruct extra payments to go to principal. Their site says use the pay by group page to target specific loans. It says in their website that the auto debit will still occur as scheduled and say so as you submit the payment. So on XX/XX/XXXX, I paid the payment due at the time, then expected ( based on their website ) the auto payment to still occur on XX/XX/XXXX and that the XX/XX/XXXX auto payment would to principal but the auto debit doesnt go thru, which is contrary to what their website says. If I try to make an extra payment now manually through their website, it will apply to the XX/XX/XXXX payment instead of principaltheir payment page doesnt allow you to apply extra toward principal unless you pay double or more of the payment amount. So for example, when I try to pay extra {$50.00}, there is no option to have that apply to principal, it holds it as a partial payment for the next due date. I even called to ask how this last time this happened ( waited 3 hrs on hold ), the representative said I have to select the due not advance due date button- but again that only appears if I submit at least double the payment. The representative said cant see the same screens that borrowers do so she didnt know how and wasnt able to instruct me how to make extra principal payments ( unless it was at least double ). She even called another department and had me on hold and didnt have info on how. Its very misleading."
4742,"Someone fraudulently collected {$290.00}, {$400.00}, & {$200.00} using XXXX banking application out of my Bank of America account, on XX/XX/2018 at approximately XXXX. 
I immediately contacted the Bank of America fraud department. The representative I talked to explained to me that it would take them 10 days to investigate what had happened. In the meantime I am left with a negative balance and it's up to me to put money into the account when I had {$950.00} before the fraud. 
XXXX does take any responsibility for the fraud and simply deleted my profile as I asked them too. Bank of America advertises XXXX services on their website, yet XXXX is not a secure bank app. 
I hold both XXXX and Bank of America responsible for what happened to me. 
XXXX should be willing to check into the matter and Bank of America should not recommend fraudulent banking services."
4743,"I am XXXX XXXX XXXX and Flagstar approved me for for an affordable loan modification but the payment was {$7000.00} per month. My original mortgage payment was {$3000.00} per month and while I knew the payment would increase I never thought it would more than double. They knew that I would not be able to make such a payment so the modification was a bad faith attempt from flagstar to capture my property through foreclosure. They would not negotiate until I reported them to the Consumer Financial Protection Bureau ( CFPB ). They promised to send a new more Affordable modification payment but they never sent the updated contract/agreement. 
Instead they made me continuously apply for modifications requesting more and more documentation as if they forgot that they already approved me and THEY WERE SUPPOSED TO SIMPLY SEND ME A NEW CONTRACT WITH A LOWERED PAYMENT. 
My property has a new scheduled foreclosure sale date for XX/XX/year>. I have no new modification agreement although they promised me XXXX. 
On XX/XX/year> FLAGSTAR Bank sent me a letter with a Single Point of Contact person by the name of XXXX XXXX, that would supposedly help me to get my modification in order. Ive called her to no avail and have now been told that there is No Such person working in the Flagstar Loss Mitigation Department! The Bad Faith and now Fraud continues to plague the whole process of me keeping my home! 
After realizing that I was being defrauded and distracted while the XX/XX/XXXX Foreclosure sale date nears, I sent In a new modification application on XX/XX/XXXX which they claimed can not be processed because its less than XXXX until foreclosure sale- although I was already approved? 
My home is currently in jeopardy because of XXXX intent to continuously use deceptive practices to take my home. They are using Elder Financial Abuse tactics and I need help!"
4744,"Ive been out of work due to being sick and Ive told the representative numerous times that. He proceeded to keep pushing the issues that payments need to be made and I have knowledge of that. He repeatedly kept cutting me off when we spoke and when I said I couldnt make any payments he the. Said his client would be in my county to take the items back. This was rude and honestly Im appalled at the level of professionalism. 

The collection company name is Atlantic recovery XXXX"
4745,"On XX/XX/year> my XXXX account was randomly frozen. I had a dispute for a hotel stay that I was wrongfully charged for open. They said I had "" multiple 'XXXX XXXX XXXXcounts, which is untrue. This account had been in use for at least a year. I had my identity stolen years ago, so I guess this stemmed from that. I submitted proof I am who I say I am, but now they want me to pay some scammers debt. No way. So I just ignored them, until today, XX/XX/XXXX. I got an email that my dispute from XXXX was finally resolved in my favor, giving me my {$75.00} back. However, I can not transfer it out of XXXX because it is frozen. I dont care if they dont unfreeze my account. XXXX is nothing but scammers, I have read so many horror stories the last few months, but I just want my money back and for them to close any account using my name."
4746,"XXXX XXXX XXXX never gave me the 6 months window before sending to the first collection agency. This took place in XX/XX/XXXXand they were reporting it in XX/XX/XXXX, who then took a medical bill and reported it to my credit bureau inside that 6 months as well. I have had this debt removed already because of this over steping their boundaries and not giving me enough time to submit to insurance and make sure all debt is mine. they keep selling it to new collection agencies who re-report debt to my credit bureaus. I have removed this debt at least once maybe twice."
4747,"I took a loan out on XX/XX/19 for {$1500.00}. While the high interest was disclosed, there was no amortization schedule to show how the loan was to be repaid, the amount of each payment, or the total that would be paid including interest if the loan was paid as scheduled. I tried to take a lesser amount than the offered {$1500.00}, but their system automatically sent {$1500.00}, even though I had only asked for {$800.00}. The bi-weekly payments are criminally large and set up in such a way as to try to get borrowers to take another draw and end up in a cycle of borrowing/constant repayment. As of XX/XX/19, I have paid approximately {$1000.00}, and I still owe {$1500.00}. I would not have taken this loan had everything been laid out clearly, so I could easily see how long it would take to repay and what my bi-weekly payment amounts ( which are not the same every time ) would be."
4748,"I have an XXXX XXXX credit card, administered by Barclay Bank. On this card, from XXXX - XXXX, 8 charges to XXXX were made, totaling {$1600.00}. I immediately called Barclays fraud number listed on their website, where the person told me to destroy my card and she would report it. She didnt. 3 weeks later, I called again, and had the same experience. 3 weeks later, I called again, and this time the lady actually reported it to the fraud Dept., but apparently only the last charge of {$13.00}. The fraud Dept., based upon all the other XXXX charges, denied there was any fraud. 2 weeks ago, I sent them a registered letter to the address provided on their denial, and included all of my XXXX charges, the list and details on all the charges, and pointed out again, Although I purchase a lot from XXXX, I have a dedicated XXXX XXXX card that is used for all of my purchases. 
I have bought nothing from XXXX on the Barclays card for at least the last three years. 
I have heard nothing back, except now I am getting dunning calls every day."
4749,"On XX/XX/year>, I received my XXXX  notice from National Credit Systems , Inc. regarding an alleged rental debt related to an apartment in Arizona. Prior to this notice, I had never been contacted by the original creditor regarding nonpayment, lease termination, the tenant 's death, or any final accounting. 
After receiving the notice, I timely disputed the debt directly with National Credit Systems and requested debt validation, including documentation establishing my legal responsibility. No validation or documentation was provided to me. 
despite the lack of validation, National Credit Systems reported the account to consumer reporting agencies and later verified it as accurate after my dispute. The account is reported as a joint obligation with a deceased individual. I have never been provided proof that the tenant 's estate was pursued, that damages were mitigated, or that I am legally responsible for the amount claimed. 
I believe National Credit Systems is attempting to collect and report a debt without establishing liability and has furnished inaccurate or incomplete information to consumer reporting agencies. I am requesting that the company either provide full documentation establishing my legal responsibility or remove and correct the credit reporting related to this account."
4750,"XXXX XXXX XXXX ACCOUNT NUMBER XXXX  IS APPEARING ON MY XXXX, TRANSUNION AND XXXX CREDIT REPORTS.

XXXX XXXX XXXX IN RESPOMNDING TO THE CFPB ON XX/XX/2019, SAYS '' THE ACCOUNT IS NOT THEIRS '' AND IN THIS CASE SHOULD NOT BE REPORTING ON ALL OF MY CREDIT FILES.I HAVE ATTACHED NATIONAL CREDIT SYSTEM 'S RESPONSE TO THE CFPB IN COMPLAINT NUMBER XXXX.

IN ADDITION, XXXX 'S UPLOAD SYSTEM DOES NOT FUNCTION..AND XXXX  REFUSES TO RE-INVESTIGATE CALLING THE DISPUTE '' FRIVOLOUS ''."
4751,My mortgage is with XXXX i just got it XXXX months ago and they used an assumption to set my escrow based on what they thought my property taxes would be. Well they thought they would be {$1900.00} a year roughly and they are actually {$8.00} big difference. I have emailed and called XXXX times over the last XXXX months to get a refund for overpayment and get my escrow payment adjusted as i should not have to be overpaying it and them keeping my money. I keep getting told it will be handled and no one ever handles it. i call back and they submit a new request and still nothing. I am yet to get an email or a call back or a letter about adjusting my escrow payment and getting me a refund for the over payment I have made.
4752,Hippa laws were directly violated no permission given nothing signed for any medical information to be shared about me publicly companies have violated law and respond with working on my dispute instead of removing the accounts just to me with cfpb requirements to respond in a certain time frame!
4753,"My husband and I took out a second mortgage in XXXX it was a 15 year fixed loan at 12.625 % since then we had some draw backs and inXXXX/XXXX save the dream helped bring this loan current however the mortgage company indicates a different amount paid by save the dream our experience report show different reporting the mortgage company says we missed like 27 payment. When we tried to see if the would settle for a lesser amount they said the loan has matured and can. It work with us it is so confusing please help me understand, XXXX XXXX XXXX"
4754,"I am requesting again in regard to the inaccurate and unknown things on my credit report. I believe you have not authenticated these things in line with Sections 609 ( a ) ( 1 ) ( A ) and 611 ( a ) ( 1 ) ( A ). Please verify that all accounts are XXXX percent true, accurate, and correct, and are not untimely, unverifiable, incomplete, or inaccurate. Please correct these accounts immediately XXXX XXXX XXXX XXXX XXXX XXXX XXXX XXXX XXXX XXXX XXXX XXXX XXXXXXXX XXXX XXXXXXXX"
4755,"i contacted the company related to moving some of my personal items from XXXX, XXXX to XXXX XXXX. Initially there were 10 medium boxes, i cabinet, 10 dining chairs, 1 dining table and 2 coffee tables. The quote given to me was for {$1700.00} and i was to pay {$600.00} which i did. A few more items were added and the estimate went up {$2100.00} and the down payment increased to {$850.00}. I paid the differential in the downpayment of {$250.00} for a total payment of {$850.00}. On the pick up date the driver refused to honor the contract and stated that it would cost nearly {$5500.00} to move the goods as in his view the goods to be moved had increased. I refused that as there was no increase in the goods to be moved. Since i refused to pay any additional amount from the originally contracted amount the driver left and the moving company refused to give back my initial deposit. They later offered to give me back 50 % of the deposit which i refused as I want the full amount. This is a classic bait and switch operation. 
I contacted my credit card company to stop payment and they initially reversed the payment and later refused to entertain my request as they said that the terms of the agreement were that deposits are forfeited once paid. The contract was voided once the driver refused to honor the contract till i paid more which i was not ready to entertain. The credit card company should have known better and even after i provided them with all the information they refused. Not only have they reversed the charges ... but are charging me late fee and interests on this amount"
4756,I have tried to notify the bureaus take down my child support due to the new law that has been passed this year 2023 which is the FACT act That defines the word credit only when the collections is in connection with a credit transaction number two Credit Agencies must have a court order authorizing to report it written authorization to report it for a contractual agreement to report it permissible purpose and collections is in connection with the credit transaction which child support is not
4757,"On XXXX, XX/XX/year> XXXX charged me a {$30.00} late fee. Per the CFPB late fees are not to be charged if the due date falls in a XXXX XXXX, or a holiday. And as long as the payment is received the next business day by XXXX."
4758,"I reviewed my credit report maintained by Experian and identified multiple items that are inaccurate, inconsistent, and unverifiable. Specifically : Account reporting errors on multiple XXXX XXXX XXXX XXXX XXXX accounts that are paid and closed but are inaccurately reporting 6090 day late payments and incorrect account details ( dates, balances, and payment history ) Unauthorized inquiries that were made without my knowledge or permissible purpose These discrepancies indicate that the information being reported is not accurate or complete. Experian has failed to ensure maximum possible accuracy under 15 U.S.C. 1681e ( b ) and has not conducted a reasonable reinvestigation as required under 1681i. Additionally, the unauthorized inquiries violate 1681b, which requires a permissible purpose. The continued reporting of these inaccuracies is causing harm to my credit profile."
4759,"On XXXX I went into my local XXXX Bank of America Branch because of a Levy on my account. I was given a phone number to call. I contacted the Rep at the bank who would not provide anything but a phone number to call and a reference number. The Levy was initiated in New York against my business. The Legal Department would not communicate with me or my Attorney, XXXX XXXX XXXX, XXXX. XXXX XXXX XXXX. I specifically inserted compliance with the Rep. XXXX XXXX XXXX of XXXX Law in New York. The bank refused me access to {$2600.00} and began charging insufficient bank charges. The Bank allowed Levy of a personal account that is for my husbands Workman 's Comp, XXXX XXXX Check in the amount of XXXX, as well as the personal account had less then XXXX in it at the time. This is above the legal limit to freeze and account in the State of New York. 
All bank charges, including XXXX on {$100.00} Legal Order and charges for returned checks have not been returned. As of XXXX XXXX, I have not received any writtten documentation from the bank or the exempt form required by law, neither has my attorney received these documents. I have also referred this to the New York State Banking Department."
4760,"I am submitting this letter as my second formal dispute regarding multiple inaccuracies appearing on my Experian and TransUnion credit report. Despite my previous dispute submission and the documentation I provided, the errors outlined below remain uncorrected, which continues to misrepresent my credit history and adversely affects my creditworthiness. The ongoing reporting of inaccurate information is causing unnecessary harm to my ability to obtain financial products under fair and reasonable terms, and it is also damaging my financial reputation. I am requesting a thorough reinvestigation, verification, and updating of all inaccurate information in compliance with the Fair Credit Reporting Act ( FCRA ) 607 ( b ), 609 ( a ), 611 ( a ), 623 ( a ) ( 2 ), and 605 ( a ), to ensure my credit file reflects only accurate, complete, and verifiable information. 

XXXX XXXX XXXX XXXX XXXX XXXX XXXX XXXX XXXX XXXX XXXX XXXX XXXX XXXX XXXX XXXX XXXX XXXX XXXX XXXX XXXX Balance Owed : {$230.00} XXXX XXXX XXXX XXXX XXXX XXXX, NC XXXX XXXX XXXX XXXX XXXX, TX XXXX"
4761,I was an authorized user on my exs Chase Freedom credit card. With his permission I set up my cell phone to be paid automatically with this card that was in my name with my name printed on it. After we broke up he claimed the charges were fraudulent and Chase believed him and took the payments back from my cell phone company ( XXXX ) and now they think I was using fraud to pay them. I used a card with my name on it that I was given as I was an authorized user on that account. There was no fraudulent charges. Chase will not rectify the situation since he is the primary card holder. On the chase website it states you can not report fraudulent charges made by an authorized user. Which I was when charges accrued. Yet they did allow this and refuse to fix it. How can you make unauthorized charges on a card in your name to pay a bill in your name? Cant happen. Authorized users should have rights too
4762,"On XX/XX/2017 I was served at my daughters house ( I do n't even live there ) with a summons of a propose lawsuit in the amount of {$2200.00} from an attorneys office : Machol and Joannas LLLP XXXX XXXX XXXX. XXXX XXXX NM XXXX ( phone # XXXX ) and the XXXX  District court in XXXX County NM Case # XXXX I responded immediately to the courts and to the attorneys office requesting documentation to support this financial claim, Today ( Dated XX/XX/17 ) I received communication from this attorneys office stating that "" The Client ( XXXX XXXX ) has reviewed and investigated your fraud claim in relation to this account and determined your dispute invalid '', this debt collector supplied absolutely no supporting documentation. This is not my debt, I do now owe this money. I am being threatened and dragged through courts for something that I am not liable for thanks to Machol and Joannnas, unscrupulous attorneys office on behalf of a unscrupulous debt activities attempt. I can send or scan all relevant supporting du=documentation to you as needed or requested, Thank you ... XXXX XXXX XXXX email : XXXXXXXXXXXX mailing address : XXXX XXXX XXXX XXXX XXXX, NM XXXX"
4763,On XX/XX/2020 Flagship Credit Acceptance falsely reported an {$86.00} balance increase on my credit report causing my credit score to drop 62 points. This is after me asking them several months in a row to change my payment due date from the XXXX to the XXXX of each month and them not doing it.
4764,"A Target credit card was opened in my name on XX/XX/ with a limit of {$500.00} and used to make purchases totaling {$360.00}. The card was used online, but was also used at a physical XXXX store here in XXXX XXXX, UT where I live. This leads me to believe that the person who did this is my ex partner. He has stolen from me many times before and has even been to jail  in two states for theft from large businesses. I have seen him use his mother 's credit card information online, and attempt to use other family members ' as well. 
Upon receiving the bill for the Target credit card I did not open, I checked my XXXX XXXX account to find two more open lines of credit that I did not open or even apply for. One line of credit is for XXXX XXXX XXXX  opened on XX/XX/ for a limit of {$300.00}, and currently has a balance of {$140.00}. The third account opened is for XXXX XXXX with a limit of {$300.00} and no current balance. 
I also received letters in the mail denying requests for lines of credit that I did not apply for. One letter is from XXXX XXXX  dated XX/XX/ and the other from XXXX dated XX/XX/XXXX"
4765,"I, XXXX XXXX, am formally writing this complaint in regard to the initial CFPB complaint concerning the debt collection agency COLUMBIA DEBT RECOVERY XXXX XXXX GENESIS. The debt collection agency was previously addressed for violations of non-compliance per CFPB complaint ID XXXX. XXXX DEBT RECOVERY XXXX XXXX GENESIS responded to the complaint that they will cease communication and collection activities, but they did not remove the account from my consumer reports for as reflected on my XXXX consumer disclosure report per violations of the FDCPA. CDR XXXXXXXX XXXX  GENESIS only addressed the violation stating they are allowed to collect debt as two different companies. This company still has not address the fact that they are illegally reporting on my consumer disclosure report as an attorney, a violation per 15 USC 1692e ( 3 ) The false representation or implication that any individual is an attorney or that any communication is from an attorney. and 15 USC 1681s-2 Actual knowledge of Errors ( FCRA ) for reporting inaccurate information to the CRAs. COLOMBIA DEBT RECOVERY XXXX XXXX GENESIS did not acknowledge the non-compliance of adding interest to the original alleged debt which is a violation per 15 USC 1692f ( 1 ) The collection of any amount ( including any interest, fee, charge, or expense incidental to the principal obligation ) unless such amount is expressly authorized by the agreement creating the debt or permitted by law. Per 15 USC 1692e ( 2 ) ( a ) The false representation of ( A ) the character, amount, or legal status of any debt ; or. COLOMBIA DEBT RECOVERY XXXX XXXX GENESIS did not provide legal documentation that they are allowed to have my personal private information per PRIVACY ACT of XXXX. The violations have already been provided in the previous complaint."
4766,"My student loans have been in a deferred status since I left school in 2014. My student loan servicer is reporting two periods of delinquency, where my loans are being reported as more than 120 day past due. I never received any notice that my deferred was ending or that my payments were late. I believe that this reporting is incorrect."
4767,I had an old medical debt where I was charged incorrectly at the hospital. The charges were disputed but sent to a collection agency. The collection agency attempted to collect but I refused the incorrect charges. The collection agency then kept the entire debt collection and multiplied it by fake selling it to other collection agency 's who ended up on my report. The other collection companies attempted to collect on the same exact debt thus multiplying the debt excessively and caused excessive damages to my XXXX XXXX. I contacted XXXX and XXXX to have the debt disputed and removed. XXXX understood my complaint and removed the debt that was violating the FCRA ( fair credit reporting act ) XXXX on the other hand has not responded to my disputes and every time I call them I end up talking to someone in XXXX who has no idea what is going on. I want XXXX penalized for continuing to report my score incorrectly for so long and I want that excessive debt removed from my report.
4768,"I opened a XXXX checking account of capital one on XX/XX/XXXX and have been using it normally without any risk. On XX/XX/XXXX, I received an email from capital onesaying that my checking account was restricted and the money in it could not be transferred out.I called and was asked to go to an offline branch to resolve the issue. I am currently visiting relatives in XXXX go to the branch.I want to complain to the bank for violating my rights and interests and freezing customer accounts at will."
4769,"I was on a payment plan because the dept of education claimed that previously overpaid me in XXXX grants so they claim I owe them XXXX and reported this to the credit bureaus. I started a payment plan for this balance because I XXXX XXXX XXXX  and the school required a clearance letter. I was on the payment plan for 4 months until XXXX when I found out I lost my tile XXXX XXXX because the dept of education claimed that I was missing a payment from XXXX, even tho I had sent the payment for XXXX. I had to open an investigation into my missing money order, and the investigation concluded that my money order was found to be applied to the WRONG ACCOUNT. LITERALLY SOMEONE ELSES ACCOUNT. Due to me losing my title XXXX XXXX  I have not been able to XXXX  XXXX  and my school is requesting a NEW clearance letter which the dept of education is refusing to give me because they claimed they gave me one already, but i literally would not even need one, had they NOT CANCELLED MY PAYMENT PLAN due to their accounting error and taking MY money and APPLYING IT TO SOMEONE ELSES ACCOUNT and then telling me I never paid! Ive been calling them in regards to this issue since XXXX the XXXX and they have XXXX to correct their error and I am still unable to attend school because of this! They need to fix this NOW! I am a XXXX XXXX XXXX trying to get her XXXX  and this has caused me extreme stress and XXXX!"
4770,"The last few ( at least XXXX ) statements for my Bank of America credit card have not shown the balances subject to various promotional balance transfer offers that I have taken advantage of. I had this same problem in 2015, and the problem was corrected on a few statements. But now the error has returned. When this happened last year Bank of America took months to resolve the issue and did n't seem to care that they were sending out XXXX incorrect statements. The person assigned to handle my case often did not return calls and was basically useless. A perfect example of a "" too big to fail '' bank that does n't care about their customers."
4771,"About XXXX months ago, my mortgage processing company started removing the balance amount of my mortgage loan. I called a month ago and was told this would be corrected but it was not. The monthly statements do not provide the remaining loan balance. Company is Bayview Loan Servicing , LLC, XXXX XXXX XXXX XXXX, XXXX, IL XXXX, XXXX"
4772,"On XX/XX/XXXX, I received a letter from XXXX XXXX, saying that she has contacted me. However, she has NOT contacted me, not at all. My car is currently out of commission, the engine is no longer working and its not driver able. My balance I owed is XXXX, I called in on XX/XX/XXXX and the balance went up to XXXX. I was confused and called up there again to speak to someone being that I called over the last 3 days, I was not able to get a call back and that this was not true. XXXX XXXX, gotten rude, disrespectful and began to curse at me. I hanged up ans asked to speak to XXXX XXXX who is the manager, he proceeded to get rude and disrespectful, and out of anger he decided to start an repression on my vehicle."
4773,I requested the creditor to send me bank transactions record that I was ever late on this account. This account payment status is 30 days late as of XXXX Even though the account has been paid. The creditor and the Bureau failed to do a proper investigation because the comment section has not been updated since XXXX. The creditor never updated that the account was in dispute. I have sent over three letters to the creditor. The creditor has reported to experian that this account meets FCRA Requirements but they have multiple violations.
4774,"This CFPB complaint has been filed to request pursuant to FCRA 605B ( 15 U.S.C.

1681c-2 ) that you, the TransUnion LLC Consumer Dispute Center, block information appearing on my consumer credit report that is the result of identity theft and fraud within 4 business days of you receiving this complaint. The following items do not belong to me and is a result of fraud that I did not authorize : Also, would like to have all addresses and names REMOVED from my credit report, except for my only name and address listed below : Name : XXXXXXXX XXXX XXXX XXXX XXXX XXXX XXXX XXXX XXXX XXXX XXXX XXXX XXXX XXXX XXXX XXXX XXXX XXXX XXXX XXXX XXXX XXXX XXXX XXXXXXXX, Date Opened : XX/XX/year>, Balance : {$810.00}"
4775,"I called Wells Fargo to report fraud on my checking account. They took the compliant and advised the best thing to do would be to close that account and open a new one. 
So we did. They advised that the new account was opened and I would receive confirmation in 3-5 business days. 

What I did not expect, is that after reporting fraud on the original account, they would send, via regular mail, with NO PROTECTION, an application with ALL of my personal information printed right there on the form for me to review, sign and return. 

Why bother setting up a new account to stop the original fraudsters from having my information if they are just going to serve it up on a platter for the next fraudster to pick up out of my mailbox????"
4776,"I am writing to formally express my concerns regarding Zelles handling of disputes, particularly in light of the recent CFPB lawsuit significant issues with the platform. Despite using Zelle numerous times and reporting discrepancies, my financial institution and Zelle failed to investigate my claims adequately. They informed me that recovering lost funds was impossible and that tracking these transactions was unfeasible. The CFPBs findings indicate that Zelle has not only neglected to protect consumers but has also allowed repeat offenders to exploit the system, leaving users vulnerable to scams. This lack of accountability and transparency is unacceptable and raises s serious concerns about consumer safety."
4777,"I am filing a complaint against XXXX for failing to properly investigate my disputes regarding inaccuracies in my credit report. Despite my submissions, XXXX consistently responds within XXXX hours stating the account is accurate, without providing any evidence of a thorough investigation. this practice violates the Fair Credit Reporting Act ( FCRA ), 15 U.S.C. 1681i, which mandates a reasonable investigation of disputes. Furthermore, XXXX actions may also contravene the Consumer Financial Protection Act ( CFPB ), 12 U.S.C. 5536 ( a ) ( 1 ) ( A ) - ( B ), as highlighted in the CFPB 's recent administrative proceeding ( File NO. XXXX ) against them for similar violations. I request that the CFPB take action to ensure XXXX complies with the necessary proof of investigation."
4778,"Had previously reported personal identity theft to FTC. Personal information was used to purport a false medical claim against my credit resulting in a lower credit score. I did a search for the collection company, North American XXXX XXXX, which only resulted in a private XXXX page. Then did a search with the given #, XXXX XXXX XXXX XXXX, resulting in a list of consumer complaints - this same # posing as a telemarketer, a collection company and also a warranty service. Checked the BBB page which stated the company was closed."
4779,"On XX/XX/XXXX closing with a new mortgage company here in Arizona we had to work with Freedom mortgage again to find out the appraiser that Freedom used was never paid by Freedom. I paid XXXX for half of it. In closing on the new loan, I had to pay the full XXXX to the appraiser, this is disturbing to me. the Freedom charged me XXXX for a late payment that was waived and shows waived on my account. I also was charged 8 {$30.00} fees on my account which the customer service rep could not explain. they told me it was a shortage in the escrow. Now I found out the 8 {$30.00} charges were for the payoff requests. So, my new loan company only requested 1 payoff. Freedom never disclosed this to me or the new loan company. This is another misrepresentation. All of this is just another example of how they treat Veterans. This is also my second complaint with Freedom Mortgage. I started this refinance with Freedom in XXXX of 2021 and after 140 days they just canceled this refinance due to lack of information. this same information was given to the new mortgage company, and we closed in 4 weeks. no that all the dust has settled Freedom walks away unaffected. and I paid {$880.00} in fees and appraisals that Freedom should have paid. I would like Freedom to pay this back and apologize for this. I think Freedom should be investigated for these practices."
4780,"We ( XXXX and XXXX XXXX ) have 4 mortgages that TCF bank serviced for 4 different rental properties we own. Huntington Bank recently acquired TCF and took over between XXXX XXXX. We have billpay and sent all 4 payments on XX/XX/2021 to TCF as the Mortgage statement still indicated that TCF still owned the mortgage for the XXXX statement. 1 of the 4 payments was received but the other 3 were cashed by the bank and never applied to my statements. I have called and email, I sent over the cancelled check and a screen shot of my bank statement showing that my account was debited. I have been repeatedly told that they can not track down these payments and I need to go to my bank to get more information. 

I did exactly as I was told on my statements and sent money, money that was cashed. And somehow now we are getting tasked with providing ton of additional work. This bank 's mortgage department has taken no accountability and instead of saying, "" we're sorry, we will look into and correct this '' All we are getting is more things we need to do to figure out how THEY LOST OUR MONEY! 

Banking and mortgages are about trust, this industry lets our mortgage get bought and sold to anyone without our consent, the companies that are allowed to purchase these mortgages must conduct themselves with integrity and respect. This bar has not been met with Huntington National Bank. 

Loan account numbers that are affected : XXXX XXXX - XXXX XXXX XXXX XXXX - XXXX XXXX XXXX XXXX - XXXX Loan Payment that was received : XXXX XXXX XXXX - XXXX"
4781,I am charger overdraft fees for chargers that have been paid although the system does an automatic charge the customer service can not over ride the mistake after the account for was replenished for that specific charge. He customer service representative even call it a mistake but the system would not allow refund of overdraft fees which made my account more overdrawn hence me owing more money than I could afford or even pay back during my economic hardship time with my job downside of my hours
4782,"I never received any information about a payment being missed. I checked my credit reports and noticed that my payment history was less than 100 %. On my credit report it says that my most recent late payment was XXXX XXXX ago. This situation is really affecting me personally when trying to buy a house or a car and Im being penalized for a mistake that wasnt my fault. I mailed two letters to them explaining the situation and they said that they couldnt do anything to remove the late payment from my credit reports. They claimed that it was 30 days late and from my records, Ive never missed a payment. 

In accordance with the Fair Credit Reporting act XXXX Account # XXXX, has violated my rights. 

15 U.S.C 1681 section 602 A. States I have the right to privacy.

15 U.S.C 1681 Section 604 A Section 2 : It also states a consumer reporting agency can not furnish a account without my written instructions 15 U.S.C 1666B : A creditor may not treat a payment on a credit card account under an open end consumer credit plan as late for any purpose"
4783,"Paid my loan off on XXXX, XXXX  and was told I would receive my title in XXXX days. Called after and was told it would be XXXX  days and after that called and was told XXXX  days. Was given a-date of XX/XX/XXXX, called on XXXX and was told it would be another XXXX  days before they would release my title."
4784,"In XX/XX/XXXX, I ordered furniture from XXXX XXXX. Of the total furniture ordered I only received 2 chairs. The total for the two chairs was {$660.00}. In XX/XX/XXXX, with the authorization from XXXXXXXX XXXX the chairs were returned because the rest of the order was back ordered and they could not complete the order. My credit card was initially charged {$1000.00} which included two charges {$320.00} and {$76.00} which were disputed and I have a letter saying I was not responsible for these charges. With regards to the {$660.00}, I returned the chairs and continued to be charged for the chairs. In addition, on XX/XX/XXXX I was charged {$1000.00} as a finance charge adjustment and in XX/XX/XXXX. My statements show that interest charged in XXXX totals {$1000.00}. How can interest charged be more than the actual purchase of {$660.00}? I have tried to resolve this situation with Capital One as well as XXXX XXXX  and I have been unsuccessful. 
This is ruining my credit and I need a solution"
4785,"After filing XXXX  XXXX bankruptcy that included all my debt specifically students ' loans originally XXXX but transferred to Aidvantage for the amount of {$94000.00}. I have sent attached the original discharge letter dated XX/XX/XXXX, that is listed as debt. I am currently in a forbearance because for obvious reason can not afford to pay. These student loans date back as far as XXXX - XXXX. Dept of EDXXXX Aidvantage formerly XXXX fail to acknowledge. I have sent several certified letters, and nothing was done. I have filed a report with the FTC, which is attached with complaint. FYI, My former name was XXXX XXXX XXXX, and my current name is XXXX XXXX XXXX."
4786,Had account with XXXX XXXX  the bank was sold to provident bank had online banking with my business account now cant login in and provident bank tells me they cant find my account have no access to online banking or information on my account
4787,"On XX/XX/XXXX I contacted ACS Education Loan Services to inquire about the payment history on my account. I consolidated my federal student loans back in XX/XX/XXXX for a fixed 6.625 % Interest Rate. The original loan amount was {$38000.00}. I have faithfully made payments of {$330.00} a month since then. Automatically pulled from my bank account every month. That is {$4000.00} a year I have paid on my student loans. 10 years later the outstanding balance on my loan is {$33000.00}. So I have only paid {$4800.00} on my principal balance in 10 years. How is that possible?! I looked at my payment history and noticed that the payments applied to principal and interest every month varies. Consistently, over 50 % of my payments and in some cases even more than that ( 2/3 of my monthly payment ) is applied to interest each month. Is that normal? Still trying to understand, I asked if they could forward to me an amortization schedule and was told that they could not do that. At this rate, I would n't even be able to payoff my student loan with a 30 year loan term. Does n't seem right!"
4788,XX/XX/year> I filed a dispute with Skrill. About some unauthorized charges that was used on my debit card. While I was away in the hospital. I provided hospital documents showing where I was. The first problem is our father dispute on XX/XX/XXXX I never got a reply I had to file a complaints a month later after our father dispute for them to answer me. They didn't follow the terms and conditions of filing a dispute for unauthorized charges I didn't get provisional credit because they investigation took way over 10 business days. Now they denying my claim which is a debit card claim that the card was used in person. No the reason for them denying my claim is because they say I should have kept my password and log in safe. I don't get what does that have to do with someone using my card offline and not within the Skrill account. I feel that this was not a fair decision on my part because I was violated as a customer I lost big time and Skrill refuses to refund me my money. No one never used my online profile for unauthorized transaction I clearly could complaint that someone use my skrill debit card for unauthorized purchases. So they deny my claim because they claim that no one should have had my password or email to login. But I don't understand what does that have to do with someone using my card as card presented which that mean it was used offline. This been going on three four months now they just finished the investigation I suffered a big loss homeless still in that situation due to Skrill refuses to refund me my money. Over stuff that has nothing to do with the matter at hand. They violated their terms and conditions they violated the irregulations act of disputes for unauthorized claims. They had not followed their terms and conditions their rules MasterCard rules are my rights I want Justice and I want a refund.
4789,"and your account. 
I am filing a complaint against Cash App ( Block , Inc. ) due to inadequate customer service and unfair practices, which violate the Consumer Financial Protection Act ( CFPA ). Specifically, Cash App failed to take timely and effective measures to prevent and address fraud on their platform, leaving my account vulnerable and unprotected.

Furthermore, their dispute resolution process was unfair and deceptive, as they did not comply with error resolution requirements under the Electronic Fund Transfer Act ( EFTA ) and Regulation E. These actions have caused significant inconvenience and financial loss, and I seek appropriate redress for these violations."
4790,"Please Note : : This is a Follow up on my 2 previous complaints which the company, Wells Fargo Home Mortgage, stated that they are "" still working through it ''. The complaint # 's are : XXXX and XXXX. Wells Fargo is sending massive communication to my old address, I believe in an attempt to prove that they are "" trying to resolve this '' - which is the property that I sold, and they know I sold it. They know that I am not receiving the communications from them, and they refuse to contact me via email. No one from Wells Fargo has reached out to obtain a new address, and banks do not forward mail. The buyer of my property sent me photos of mail from Wells Fargo, AND XXXX XXXX, ( the company they sold my mortgage to, along with many others, and are alleged to have overstated the mortgage amounts on the mortgages that they sold to XXXX ). I have reached out for legal counsel to forward with a lawsuit. The complaint is below. Please add this information to the complaint "" Wells Fargo is sending massive communication to my old address, I believe in an attempt to prove that they are "" trying to resolve this '' - which is the property that I sold, and they know I sold it. They know that I am not receiving the communications from them, and they refuse to contact me via email. No one from Wells Fargo has reached out to obtain a new address, and banks do not forward mail."
4791,"XX/XX/XXXX, XXXX issued three refunds. The refunds were for amounts {$160.00}, {$93.00}, and {$46.00}. 

These refunds never posted into my Chime Checking Account. 

On XX/XX/XXXX, with help from support. I initated three different chargeback disputes. One for each refund. With each dispute I added multiple forms of XXXX claiming to have sent the refund. This includes chat logs with regular agents, supervisors, account specialists, and payment specialist, and emails from both customer service and Executive Customer Relations. All the specifically declare the refund was sent on XX/XX/XXXX. 

XX/XX/XXXX, My dispute were declined for unspecified reasons. When I requested the documentation and reason behind their decision I was met with silence. They did provide a ticket number for the issue being unsolved."
4792,XXXX XXXX XXXX  XXXX is a result of identity theft. I recently discovered through my new monitoring service this account being reported I made efforts to remove this account from my file as the amount of {$530.00} does not belong to me. This account was fraudulently opened through this company in XXXX of 2015 an has been reported to the FTC and authorities as Identity theft. I have submitted all of my information needed to resolve this matter in this complaint and through the FTC report attached and do not feel comfortable giving any further information in any way to any others at this time due to the further possibilities of identity theft.
4793,"XXXX XX/XX/year> my CD matured and I instructed USAA to disburse the funds ( {$100000.00} ) to my XXXX XXXX account ( account ending in XXXX ). After several days I checked and funds were not in XXXX nor was and reference to the CD in my USAA account. I received a document showing balance payment of XXXX to XXXX Bank, XXXX XXXX account # XXXX XXXX XXXX. 

I contacted USAA on XX/XX/year> and asked about the whereabouts of my money and was told they have to investigate it. 

I contacted USAA again on XX/XX/XXXX and spoke with XXXX and XXXX in XXXX XXXX who said they saw the wire transfer returned because they cant transfer to a brokerage account. They would open a dispute and try to resolve. I instructed them I need the money ASAP and that they should put the money into my USAA checking account. They said they could do that. A reference number XXXX was assigned. 

I checked daily for the funds and nothing appeared. On XX/XX/XXXX I called USAA again and after XXXX minutes I had to give the same information all over again as they cant find that anyone did anything on fixing. The contact name was XXXX in XXXX resolution. He completed document again and has no idea where money is. XXXX said he will file a formal complaint on our behalf also. He put in a request for call back to update us. 

its been XXXX weeks of lost interest, over XXXX hours on phones and no resolution."
4794,"Ameris Bank initially reported I had missed the XXXX payment which was paid in advance on XXXX. Now they are saying the XXXX payment is missing they are recommending I pay them again while they locate the lost money which they have already cashed. 

Below is the letter sent to Ameris Bank to on XX/XX/XXXX. I am going to have to make an I sent them 2 payments on this new loan one payment was sent on XX/XX/XXXX and was recorded by the tracker on XX/XX/XXXX for XXXX, the second payment for XXXX XXXX was sent on XX/XX/XXXX and was cashed on XX/XX/XXXX by Ameris this payment was sent to the XXXX location. Please help I can not afford to have his financial burden every month of making multiple payments because they lose the checks. There customer service gives a different explanation every time of which month and amount has been received. I don't want their errors to impact my payment history and it could result in a foreclosure based on their losing payments. 


I am writing because my mortgage payment for XXXX is lost. I sent a XXXX Cashiers Check : XX/XX/XXXX, XXXX : {$1700.00} The bank reports the cashiers check has been cashed. 
The check was mailed to : XXXX XXXX XXXX, XXXX, TX XXXX USPS Tracking number is mailed on : XX/XX/XXXX Delivery XXXX Please see attached a copy of my cashiers check payment stub. 
I am requesting this payment be posted asap and that my payment history not be impacted by your error. Please send me written confirmation of the investigation and the resolution of this important matter. 
I have NEVER had a late mortgage payment with prior lenders. I take paying my mortgage very serious. 
Thank you in advance for your assistance. 
Sincerely, Below is the tracking information from USPS website. 

Get the free Informed Delivery feature to receive automated notifications on your packages Learn More Remove Tracking Number : Your item was delivered at XXXX pm on XX/XX/XXXX in XXXX, TX XXXX. 
USPS Tracking Plus Available"
4795,"I booked a vacation home with a vendor and the vendor request payment via  XXXX . So, I used my  XXXX  account to make the payment directly from my bank account. Unbeknownst to me,  XXXX  automatically created a credit account without my consent. I did not want a credit card account with  XXXX . This scam has been widely reported. I thought I was paying with my bank account and then a few weeks later I got a credit card wiith a bill. I immediately paid it off and never used the credit card. I few weeks ago, I had another vendor for a cleaning service request payment via  XXXX . Again, this went on the credit account that I never wanted to use and I got another bill."
4796,"I HAVE BEEN AFFECTED BY THE XXXX DATA BREACH. PER 15 USC 1681 C-2 STATES EXCEPT AS OTHERWISE PROVIDED IN THIS SECTION A CONSUMER REPORTING AGENCY SHALL BLOCK THE REPORTING OF ANY INFORMATION IN THE FILE OF A CONSUMER THAT THE CONSUMER IDENTIFIES AS INFORMATION THAT RESULTED FROM AN ALLEGED IDENTITY THEFT. 

Account Name : XXXX XXXX # XXXX - Date Opened XX/XX/XXXX Account Name : XXXX  XXXX  # XXXX - Date Opened XX/XX/XXXX"
4797,I was affected with identity theft that cause me not to have credit or have bad credit due to incorrect information an reporting deceased illegally XXXX illegally allowing debt collector report false information on my report shouldn't be allowed to do cause my credit score to drop down XXXX points for they mistake nobody couldn't provide any information about my date of birth XXXX XXXXXXXX  I was effected with identity theft an it everything reported on my report should be removed off my report due to this problem I never have a open account they can't provide successful evidence anyone could use my name to get access to good no should anything should been approved with 2 form identity card an social security an proff of address fraudulent activity everything should be removed off my report
4798,"Capital One was offering {$200.00} credit to apply for their Quick Silver credit card. I applied for the promotion and my credit card was approved. Terms of the original application and email that Capital One sent me, clearly stated that a {$200.00} statement credit will be offer to new approved customers. Once the card was received at my house i started using the card and i spent the {$500.00} listed on the offer in order to obtain the advertised {$200.00} credit. When i received my first statement, the advertised {$250.00} credit was not added to my statement. I called Capital One and the told me that they didn't give me the {$200.00} because i didn't qualify for the promotion. Capital one never gave me a counter offer to accept nor told me that i did not qualify for the original offer that i was applying for. I requested Capital One for documents stating that i was not approved for the original offer and that a counter offer was given to me. Capital One never replied back. 
In conclusion, Capital one lured me in by sending me an email with a promotion that they never offered. They made me spend {$500.00} in their credit card putting the false idea in my head that i was going to received {$200.00} credit. They made me sign documents, give private information and never send me a counter offer. I never applied for the card they gave me and they are clearly false advertising and offering false promotions."
4799,There is currently an account from a company called XXXX/fortiva reported XX/XX/14 that is negatively affecting my score and I just recently became aware of this. I need this incorrect debt removed from my credit reports please. I found this debt using XXXX   XXXX.
4800,"I bought a 2nd home to be close to my mom and help her with XXXX treatments, I go there to get away when my sister is there. 

I have been trying since XXXX to get the PMI, mortgage insurance off, I don't get responses, now I have sent in everything and no response. I have paid 21 % of the loan, and it says mortgage insurance can get off at 20 % but they are unwilling to take it off and continue to charge me monthly. 

I now need help as I am not getting anywhere. Thank you. XXXX XXXX. call if you need more info or email me at XXXX. XXXX XXXX XXXX XXXX XXXX, CO XXXX Thank you. XXXX XXXX"
4801,"Please consider this a formal request to investigate and correct the following inaccurate items on my credit report issued by your agency. These items must be removed in order to show my true credit history. I make this request pursuant to15 USC Section 1681i of the Fair Credit Reporting Act of 1997. As required by the Act, I demand that you re-verify each of these items, and that the inaccurate items be deleted from my record. ( i ) report containing information solely as to transactions or experiences between the consumer and the person making the report ; that means it's illegal to put derogatory or late payments on my credit report it also is not open it's closed and there's a monthly balance stating XXXX dollars means it need to be corrected and updated the previous dispute you said it was accurate about me being the cosigner my signature is under the buyer that means this is fraud"
4802,"I made a donation to my daughter 's school using paypal. 
I put my daughter 's name and period 1 teacher name in the memo. 
The paypal resolution center is holding my donation until I provide period 1 teacher 's date of birth. 
There is no way I can provide period 1 teacher 's date of birth."
4803,"My account is on auto-debit and in good standing, I pay twice my minimum amount every month. For this next month I am potentially looking at not continuing to pay due to the mishandling of my account. I am constantly receiving unsolicited notifications about my account, with no real information. The last straw was a message received today XX/XX/XXXX, regarding my account being put into forbearance ( not requested by me ) and furthermore on the same notification it states that the Forbearance request start date and end date as the same day, back in XXXX of XXXX. I had started a forbearance application with requested datees of XX/XX/XXXX and XX/XX/XXXX which I canceled and did not proceed with. This makes no sense and speaks highly to mismanagement of my student loans"
4804,I have contacted the courts and they stated the removal of all these bankruptcies case # XXXX. They are all reported on XXXX credit reporting agency and that is Equifax. That is strange to me when the courts stated they deleted them from all XXXX credit reporting agencies. Equifax has broken the law because I have evidence they were removed from all XXXX of the credit reporting agency last year.
4805,"Sold the majority of my crypto with coinbase. Tried requesting cash out back to my bank account. They made option unavailable, even though funds were available. Spent hours getting the runaround from coinbase. Terrible app"
4806,"I have yet to be contacted regarding resolving fraudulent charges on my Bank of America credit card. Initially they refunded my card of charges around {$3000.00} for fuel purchases over a couple month period. I requested my visa be cancelled and reissued a new card number. B of  America took th e money back after their 'investigation ' stating that it could not be fraud because a chip card was used. Clearly my banking history for more than 20 years with this same bank shows I have never made purchases like this. It 's not even possible to buy as much gas as was being charged within the same day  ( s )  at multiple locations when worki ng 40 hours+ a  week. I have been to  2 Ba nk of America branches in-person to have this looked at and brought documentation. It was a bank mgr that informed me of card cloning. I have been in contact with the week-day fraud depart., the customer svc depart, the weekend/after hours fraud depart, everyone does/says the same thing - they apologize, say they will have someone contact me re my appeal of the denial and my requesting a further investigation. It 's been over a year. Yes, over a year. I 'm so irritated that I 've only been making the minimum payments since this happened, I initially never activated my new card number because I want to close my whole banking experience with B of A because of this. Not  one pe rson has followed through with my multiple requests. This is absolutely unbelievable."
4807,"I am disputing the presence of a fraudulent account on my credit reportXXXX XXXX XXXX XXXX. I have identified it as fraudulent after a thorough review of my credit history and request its immediate removal. I was a victim, and I'm puzzled as to why the other bureaus have complied, while this one seems to ignore my requests."
4808,"My husband and I refinanced our home in XX/XX/XXXX, so we could get a lower interest rate. So, after my husband setting up this meeting to sign the papers and in trusting the agent that came to our home and the bank my husband set this up with, we signed and got a lower rate. In XX/XX/XXXX, my husband and I separated and he moved out, so called the bank to see about making partial payments until I got a full time job, then I would be able to make the full payment. The bank at that time told me to call back in a couple of days so I did. When, I called back in a couple of days, they told me the loan was sold to call the other Mortgage Co. so I did. They wanted me to fill out paper work for Act 91, so I did. After, sending the paperwork in by mail and fax they always lost my paper work, so I would re send it always. Now, after not paying them for about a couple months, the loan went into Default. I called them and said what 's going on? They always said the paperwork was missing, they did n't get it, they just gave me the run around. I have gone to counseling twice. Now, my house went into Foreclosure and at that time I was in the middle of filing bankruptcy. My house was up for Sheriff 's sale in XX/XX/XXXX and it sold, but I was still in the middle of filing bankruptcy. After all this happened I went back to my paperwork to read the agreements again. I am finding that when my husband and I refinance our home in XX/XX/XXXX, the bank messed with the paperwork. To make it look like I was the main bread winner of the household, I was n't, my husband was, so what they did was used my credit ( caused I had good credit then ). with my husband 's income. No bank in there right mind would give me a loan of that size no matter how good my credit was. My husband, his credit was no good. Of, course we did n't know the bank or the agent did this, we trusted them and signed the papers. Now, the house is up for Foreclosure again."
4809,"Initial check fraud on account ending in XXXX beginning on XXXXXX/XX/XXXX. A total of 15 checks came into the account on XX/XX/XXXX and XX/XX/XXXX. Two separate claims. All the fraud check item were retuned and funds given back to me. Good and Thank you. While waiting for the accrued interest to post so I could close the BofA account I made an XXXX XXXX payment but forgot to update the BofA account number. The account had been put on a no debit freeze, so I was told. The XXXX debit came into BofA and it was retuned as I expected once I realized my mistake. I can live with that. According to XXXX they retried the payment because they received the retuned ACH debit back with a return season of NSF. The account was frozen therefore the ACH should have been retuned as Account Frozen, this return code does exist and should have been used. Now XXXX is telling me I am not in good standing because of the NSF item. First, BofA makes the claim process difficult because BofA put it all back off on the account owner to keep calling back getting sent to department that don't even handle fraud. I spent least 15 hours on the phone this time and 40 hours two year ago when I had XXXX and ACH fraud on another BofA account. At the end of the day I am upset with BofA for using the NSF returned reason rather than account frozen."
4810,"I received a letter onXX/XX/XXXX stating that Chase LO on XX/XX/XXXX andXX/XX/XXXX did not require I submit income documentation in order to receive a Loan Estimate onXX/XX/XXXX which is incorrect. I had to submit Tax Transcripts onXX/XX/XXXX before I was able to receive the XXXX - see the attached emails. In fact, I had an appointment with one LO in XXXX XXXX branch onXX/XX/XXXX but he refused to take my application until I had all of the documentation on this Chase paper form. As a result, I went to the XXXX XXXX branch to meet with XXXX XXXX. He also required that I submit income documents before he would process my application and execute a XXXX."
4811,Sallie Mae continuously harassing me and my family with their harassing calls after repeatedly telling them to stop calling one of our numbers. I recorded a call saying that they would take a number off the list of numbers that they call only for them to repeatedly go back on their word. Sallie Mae continues to lie and manipulate customers like me who are struggling during a worldwide pandemic not caring or being considerate of the situation we're facing.
4812,"My employer offers a high deductible health plan through XXXX. As a part of the plan, I have the opportunity to use a health savings account to help me save up for health care expenses. My employer has elected to use Optum Bank as the sole provider for managing our HSA accounts. While I haven't had any problems using the account or debit card, Optum Bank is not paying market rates or offering a viable alternative without going through hoops. Currently, the bank is paying 0.01 % APY, meanwhile short term interest rates are hovering between 4.75-5 %. Many online banks and competitive local banks are offering significantly higher market rates. Optum does allow investment in money market funds and mutual funds, but we are required to carry {$2000.00} in the bank account before we have access to those options. Optum also gives the option to rollover funds to another HSA provider, but charges {$20.00} per transfer. This is effectively holding our HSA funds XXXX and paying virtually no interest. They are taking advantage of consumers that have no other choice but to keep their funds with them."
4813,"I applied for a mortgage loan assumption through JPMorgan Chase. The process has taken nearly a year with repeated document requests, long periods of inactivity, and no clear communication from the assumption team. Throughout this time, I provided every document Chase requested, sometimes multiple times. 

Most recently, I was informed that my assumption application was declined, but Chase did not provide a specific underwriting reason or any written adverse action notice as required under Regulation B ( ECOA ). Representatives repeatedly told me they could not access the reason or were not part of the assumption team, and I was transferred between departments without receiving any explanation. A case was eventually opened for escalation, but once again I was told to wait several more days, despite the process already taking close to a year. 

This has been especially difficult for my family. The home we are attempting to assume belonged to my wifes parents. Their passing was a traumatic event for her, and the home carries significant emotional importance. The prolonged delays, lack of communication, and now an unexplained denial have caused additional stress for our family. 

It is also important to note that the home is worth XXXX times the current loan balance, making this an extremely low-risk assumption from any underwriting perspective. Our loan-to-value position is exceptionally strong, which makes the sudden denial even more confusing. We have been fully cooperative throughout the process and remain willing to meet any additional requirements Chase may need in order to qualify. However, we have not been given clear information on what is actually needed or why we were denied.

I believe this application may have been mishandled, and I am requesting CFPB review to ensure that Chase followed proper procedures and complied with federal lending laws."
4814,"XXXX, XXXX, and Transunion refuse to give me my credit report after illegally using my information, Im demanding my reports from all three agencies so I can access the damage done to my credit profile!"
4815,"On XX/XX/year>, I discovered I could not access my PayPal account due to an error stating my information was incorrect. I promptly reviewed my email and found a notification from PayPal dated XX/XX/year>, alerting me that an unauthorized email address ( XXXX ) had been added to my account, followed by an unauthorized transfer of {$390.00} to an unknown recipient, XXXX XXXX. Upon contacting PayPal Support, I was informed my account had been compromised on XX/XX/year>, with the attacker altering my password, security questions, email address, and adding two fraudulent phone numbers ( ending in XXXX and XXXX ). With the Help of PayPal support team, I was able to recover my Account, but I could not recover my funds. I have to pay my XXXX expenses. So please contact the PayPal team and review my Case ( Case ID : XXXX ) that I filed in PayPal and help me to get my funds back in my PayPal Account. 

My PayPal Account Details : To assist in your investigation, here is my account information : Name : XXXX XXXX XXXX Email : XXXX Original Phone Number : ( XXXX ) XXXX Last 4 Digits of SSN : XXXX Last 4 Digits of Linked Bank Account : XXXX Case ID : XXXX Please contact the PayPal Team and help me to get my Funds Back. Thank you for your urgent attention to this matter. 

Sincerely, XXXX XXXX XXXX."
4816,"I opened an online on XXXX/XXXX/3023. The account was up until two or three days later it restricted without reseason. 
I reached out to the bank to why it had been closed but everyone I tried to speak with would not talk bout the reason for the restriction. 
The online application said that if I opened the account I could receive {$220.00} as long as have my income direct deposit to that new account that I opened. 
About two weeks later, after calling so many times for and answer about the restriction on the account, receive a letter telling to call the bank as soon as possible to find out what the issue was but I did that and still no answer given. 
In addition, the letter that was sent wasn't even a letter disclosing the consumer reporting agency they used which I thought was very uncommon. 
I told them that there is a conspiracy between them and XXXX XXXX XXXXXXXX. The reason I am saying this is because on XX/XX/2023 I opened the account first with XXXX XXXXXXXX XXXX and they immediately declined my application for and account. On the XXXX/XXXX/XXXX  I opened an onli account with chase bank but suddenly it was restricted without cause. XXXX XXXX XXXX  sent a letter, from a specialty agency which I found out is owned by both XXXX  XXXX XXXX and Chase bank and I believe chase denied me because of information given to them by XXXX XXXX XXXX."
4817,"Consumer Name : ( XXXX XXXX ), Consumer Social Security Number : ( XXXX ), Consumer Date of Birth : ( XX/XX/XXXX ), Contents of Complaint : This CFPB complaint has been filed to request pursuant to FCRA 605B ( 15 U.S.C. 1681c-2 ) that you, the TransUnion, Experian, Equifax credit reporting agency , block information appearing on my consumer credit report that is the result of identity theft and fraud within 4 business days of you receiving this complaint. This fraudulent, inaccurate, and false information consists of a Accounts : XXXX  Account # XXXX * * * * * * * * * * date opened XX/XX/XXXX XXXX. {$2300.00}, XXXX XXXX XXXX XXXX  Account XXXX XXXX * * * * * * date opened XX/XX/XXXX XXXX. {$2200.00}, XXXXXXXX XXXX XXXX XXXX XXXX XXXX Account XXXX XXXX XXXX * * * * * * date opened XX/XX/XXXX XXXX. {$0.00}. Inquiries : XXXX XXXX, XXXXXXXX XXXX XXXX XXXX XXXX XXXX XXXX XXXX XXXX XXXX XXXX XXXX XXXXXXXX XXXXXXXX XXXX XXXX. These accounts have resulted in several fraudulent hard inquiries and fraudulent collections appearing on my consumer FICO credit report. I've attached a list of the hard inquiries in question as well as a copy of the consumer FICO credit report maintained by you which shows the aforementioned fraudulent items. I do not recognize the aforementioned accounts, collections, or hard inquiries as reported. The aforementioned accounts, collections, and hard inquiries appearing on my consumer credit report maintained by you were not opened, made, or initiated by me. All of the aforementioned accounts, collections, and hard inquiries are the result of identity theft and fraud. I have attached a copy of FTC Identity Theft Criminal Complaint # ( XXXX ) as proof from the US Federal Trade Commission that all of the aforementioned consumer credit accounts, collections, and hard inquiries are the result of identity theft and fraud."
4818,"I have an FHA mortgage with Wells Fargo and was granted COVID 19 forbearance effective XX/XX/2020. I called WF on XXXX and asked about repayment options. After 2 hours, 3 reps, much confusion and 1 rep hanging up on me, I was told that I was not current on payments when COVID began, so they could not offer me ANY options for repayment. I was given a different number to call to "" try to straighten out my account ''. Frustrated I decided to call in couple days. I have since verified that I made all payments and that WF took the payment out of my checking account. I have documented with checking account statements and cancelled checks. 

On XXXX, I received a notice by mail stating that I am currently in foreclosure and that WF is "" actively pursuing foreclosure '' ( to this point I have not received any notice that I have any late payments much less at risk of foreclosure ) .The same letter stated that although they received my payments that they could not be applied to my account.I called the number listed on the letter and an hour later was able to speak with someone in the escalation department who says that they will research it, but that he can't stop the foreclosure process."
4819,"I ordered some clothing online, two purchases in the amounts of {$140.00} & {$81.00} The merchandise was never delivered to my home. The packages is missing. I have e-mailed several times with no response to customer service and disputed the charge on their website. For two weeks no response. I have no merchandise and can't get a refund."
4820,"My husband and I initiated a same day wire transfer from our XXXX XXXX XXXX Account on XX/XX/year> for {$250000.00} to our XXXX XXXX XXXX account. XXXX promised our wire would be same day. We wired the funds because we were supposed to close on our home on XX/XX/year>. The funds have left our XXXX account and have not been deposited into our XXXX account. The wire has been posted from XXXX and our account shows the withdrawal occurred and our account balance reflects that. XXXX can see that the wire is pending but says it is being held up by an intermediary bank, PNC. Both XXXX and XXXX have reached out to PNC on our behalf to have them release the funds with XXXX response. We are now delayed on our house closing. We have been on the phone with XXXX, PNC, and XXXX for over XXXX hours trying to solve the issue to no avail."
4821,I paid for an XXXX XXXX ticket through cash app XX/XX/2024. On the date of the flight XXXX  didnt give a reason why to flight was cancelled. I tried their flight refund option and they declined it. I went to Cash App to dispute the charge and they declined it nearly automatically. I just tried another dispute on it and have yet to hear from them. This isnt the first time Ive had purchases on my account that Ive disputed and they have declined every single one within less than an hour. Im tired of them being able to just decline any transaction and we just have to deal with it. I provided all info to Cash App but have always been a denied Disoute. Not once have they approved a dispute in the case of this or other transactions. They just automatically decline it virtually.
4822,"Hello, I opened a checking account with a promotion that was to pay out {$100.00} within 30 days of completing a qualifying direct deposit. I had my qualifying direct deposit on XX/XX/XXXX which was more than 30 days ago. 

I spoke to someone on the phone earlier today and they said they could not help me and to wait. 

I was also referred by my husband, XXXX and he was not given his {$50.00} for referring me. 

I would like to receive my {$100.00} and for my husband, the referrer, to get his {$50.00}."
4823,"Equifax Information Services XXXX XXXX XXXX XXXX XXXX, Georgia XXXX This CFPB complaint has been filed to request pursuant to FCRA 605B ( 15 U.S.C.

1681c-2 ) that you, the Experian credit reporting agency, block information appearing on my consumer credit report that is the result of identity theft and fraud within XXXX business days of you receiving this complaint. The following items do not belong to me and is a result of fraud that I did not authorize : Also, would like to have all addresses and names REMOVED from my credit report, except for my only name and address listed below : XXXX XXXX XXXX XXXX XXXX XXXX XXXX XXXX XXXX XXXX XXXX XXXX XXXX XXXX XXXX XXXX XXXX XXXX XXXX XXXXXX/XX/year>"
4824,I paid a a loan and two credit card payments on line with USAA. The next day XX/XX/XXXX I went online and saw where the payment for loan had posted but credit card payments had not. So I paid card payments again which resulted in an over-payment of {$4900.00}. I immediately started to try to get my money back. I have documentation where I requested the account be closed and my money refunded on XX/XX/XXXX I requested the money be refunded onXX/XX/XXXX via chat. I still havent received my money matter of fact they claim check was mailed but returned. I have been approved for a mortgage and need the money for closing costs so I am in a bit of a crunch and exceptionally irate. I had to pay them 15 to 25 % to use their money and they have kept mine a month and I have even paid to have it sent express 9 days ago.
4825,"This complaint is more of a identity theft. In XXXX of XXXX Envoy Mortgage began collecting on a mortgage debt account number XXXX. In XXXX of XXXX I received a letter from Envoy Mortgage that the mortgage was being transferred to XXXX XXXX and a new account XXXX was open in my name. In XXXX of XXXX I received another letter from Envoy Mortgage stating that a new account was being open with XXXX XXXX XXXX. No authorization was given for Envoy Mortgage to open these accounts, and is identity theft. Each of these mortgages that I have been demanded to pay have been for almost {>= $1,000,000}. Each account has been reported to credit reports and effects my credit by showing that my mortgage exchanges hands often and does not show the total length of payment. By not showing the true length of the trade line Envoy is not reporting accurate information to the Credit Agencies. I have filed this complaint with the FDC."
4826,I received a text from chime telling me that my account had fraud activity and I need to secure my account. Had my change my email and told me I needed to transfer my funds and the bank will send it back so that way my account and money is secure? I was running errands while my son was in school and
4827,"Nelnet Servicing put me in a Administrative Forbearance in XX/XX/2023 as I was moving to the new XXXX plan. I still made payments for XXXX, XXXX and XXXX, however Nelnet did not correctly apply my payments towards interest and principle despite choosing a general account payment as opposed to a specific group payment. Nelnet applied very little payment to the interest, and allowed {$420.00} do accrue by XX/XX/XXXX, when I made my XXXX payment to try and pay that interest off. However, again, Nelnet applied only {$33.00} of the {$500.00} dollar payment to the interest allow more to accrue. I will include screenshots of the information. When I called them, after XXXX and XXXX hangup that caused me to have restart the process again I got contradicting stories about why this was happening. The first Customer Agent didn't know why the payments were not being applied correctly and when she tried to transfer me to more specialized support, I got hung up on. After a second call, I found out that on their end ( according to them ) the payments were only applied to specific loan groups, meaning it was not a general payment. However I never picked the per group option, so this is either an error on how the website works, or it's a behavior they don't explain. The agent stated they'll submit a technical report and after much explanation she will ask that the payment be reapplied correctly towards interest first. There is no guarantee that they will follow through as they have shown no consistency in handling this case, and based on a cursory look on XXXX, this is an ongoing problem with Nelnet and their website."
4828,"My payments are setup weekly, but I make the payments bi-weekly. In XX/XX/XXXX someone tried to steal my auto and because I have this disable device installed. The criminals damaged it and I had to get it replaced. With the older device when I was having trouble making the full payment I could install a code that would get me to my next payday. However, now since the new device has been installed, AutoTrakk is constantly disable my vehicle leaving me stranded along the highways. This past Thursday XX/XX/XXXX I made a payment of {$180.00} to cover the payment that was due. I also have full coverage on the vehicle as well, but because the deductible is suppose to be {$500.00} rather than {$1000.00} AutoTrakk disable my vehicle when was 50 miles from my home. I have had this vehicle almost 4 years and every year this coming is starting to get worst to deal with. After sitting in my car disable for 30 min, I was finally able to drive the vehicle home. I feel this is unfair to me, I pay on the vehicle and I get full coverage on it. So, why am I always having to deal with this company disabling the vehicle every time that feel like it over stupid issues."
4829,"Got scammed at XXXX gas station through secondary transaction : I stopped at the gas station between XXXX and XXXX in XXXX and paid XXXX XXXX pesos ( XXXX $ ) for filling up, while the staff at the gas station has been holding my card ( less than XXXX minute ), another physical transaction occured - for amount of XXXX USD, with the merchant registered in XXXX XXXX ( 2000 km away ). I've noticed it only when I was out of the gas station as it has been overlaid by the transaction in pesos, but it was within a few minutes since it happen and i've texted XXXX support through the chat right away ( only way to contact them ). 

Obviously, I didn't authorize this transaction in any way, nor provided any personal or PIN details. I've been told to submit a claim and terminate the card, which i've done. 

Next day I received a very detailed answer "" we didn't find any fraudulent signs '' - please ask in the chat if you need any details. 
Thrown away another XXXX hours in the chat talking to basic support and than a "" XXXX '', with all replies being very simillar to generated by ChatGPT telling me how sorry they are about poor experience and their hopes of it getting better in the future... 

So whenever such scam occurs- all that XXXX does is forwarding a claim to VISA ( card operator ) and then just say it's XXXX 's decision and they can't do anything else but feel sorry for me. 

To me it looks as a very obvious and straightforward fraud, which can be verified very easily- it's a pity that the approach taken by this financial institution is to do nothing to prevent this and helps such criminals to prosper."
4830,"This company closed my account violating my user rights. I had my account since 2018 and I had never had any problems. I used a virtual card from my bank to send money. The platform uses the method of verifying the card before processing any transfer. Verification is done by sending a 4-digit code that can only be obtained directly from the bank. In my case, I carried out the entire corresponding process so that my transaction was successful. 
However, when I called customer service, the person who attended me transferred me to another department. The representative asked me to validate all the information and with respect to the transaction I explained that I have been a customer for 2 years and I always use remitly respecting the use and verification policies. However, the representative was rude and said that she closed my account for fraudulent activity. Never in my life have I committed fraud and less for XXXX dollars. I use XXXX XXXX and have never had a problem sending remittances. 
However, Remitly and her representative acted arbitrarily and closed my account. They have all my personal information, debit cards, bank accounts and my passport. 
This company morally mistreated me accusing me of fraud or illegal activity. I never had or have had problems and I am not involved with that type of activity. THEY DON'T ANSWER MY CALLS, THEY DON'T ANSWER MY EMAILS. 
MY EMAIL IS XXXX."
4831,"I sent a letter onto remove items that is UNKNOWN to me. I came across this law today and according to the Per FCRA 605B ( 15 U.S.C. 1681c-2 ) you are required to remove/block any items or information not later than 4 business days. Ive already included this in my previous Complaint & I am including it again., XXXX XXXX XXXX XXXX XXXX GA XXXX ; ( Original Creditor : XXXX XXXX ) XXXX Balance : {$760.00} ; XXXX XXXXXXXX Balance : {$580.00} XXXX XXXX XXXXXXXX Balance : {$0.00} ; XXXX XX/XX/2023."
4832,"I were depressed after my father was passes away from XXXX 2020, the first wave of XXXX with no vaccine. I was really frighten and depressed. I left my job, because the environment is a high volume. After taking a year break of everything, it was hard for me to get a job to fit with my environment. My house mortgage went up so high, at least {$600.00} more. I tired to apply loan modification, and I got denied."
4833,"Our mortgage was sold to SPServicing LLC back in XXXX. 

We were on Auto Pay for several years but in XXXX of XXXX the mortgage company stopped withdrawing the payment every two weeks. We did not know about it until they threatened us with foreclosure. We contacted them and they finally admitted that we were on auto-pay and it just stopped. We did not change bank accounts, request off of atuo-pay, nothing. We entered into a repayment program to "" catch up '' and did so within 6 months. This was due to no fault of ours. 

We have since stopped auto-pay and are making bi-weekly payments equal to the amount they say is our monthly payment ( the monthly payment is {$420.00} and we are paying that twice a month ). We are still gettign calls that we are behind and when we call the say we are all caught up. 

In addition, We are in the process of buying a second house but because of the incompetence and beligerent actions of the mortgage company we are having issues gettign final approval. We have asked for a letter from them but they say that all they can send is our payment history which we have already provided. 

Their neglegence and incompetence has cost me moeny as well as stress and frustration. I am looking to find a lawyer willing to take our case and sue them for damages."
4834,"I've filed this same complaint multiple times. It does belong to them. 


This company promised me that if I paid off a debt that my score would increase by at least XXXX points it did not when I paid off this debt a debt which was not mine a debt which no one could prove to me was mine legitimately no 1 could send me paperwork no 1 could do anything to prove that this was my get yet I paid it off because I was promised an increase in my score by at least XXXX points I watched a man get XXXX XXXX XXXX XXXX XXXX XXXX I'm trying to get out of this neighborhood I'm trying to buy a house that is why I paid off the debt so I could get the increase of the XXXX points They have not done what they said they were going to do I want them held accountable Only positive things have occurred on my credit report in the last 5 years and my score only goes down my Income to debt ratio is 7 % there are no collections there are no new hard inquiries almost everyone 's about to fall off my installment loan is up-to-date this is insane I am being targeted I want being targeted I want them to do what they said they were going to do. I You've talked to text so sorry you might need to decipher some of this because this is like the 5th year that I've been doing this with you guys so I'm tired of checking for typos for you"
4835,"XXXX XXXX XXXX XXXX XXXX XXXX XXXX XXXXXX/XX/XXXXXXXX XXXX, Ga, XXXX XXXX XXXX XXXXXX/XX/XXXX 2025 XXXX XXXX XXXX XXXX XXXX XXXX XXXX, VA XXXX XXXX Subject : Cease and Desist Demand Dear Sir/Madam, I am writing to formally demand that you immediately cease and desist all collection efforts related to the account referenced below : Account Number XXXX Despite my request for clarification, I believe your actions violate my rights under the Fair Debt Collection Practices Act ( FDCPA ) and may be causing unwarranted distress. Specifically, sending letters to an address I no longer reside in, causing me to receive this information up to one year late I am hereby notifying you that I do not owe the stated debt, or if I do, I dispute the amount or validity of this debt. Under the FDCPA, I am entitled to request validation of the debt, and I ask that you immediately cease all communication with me until you provide proof of this debt, as well as any relevant documentation supporting your claim. Please consider this letter my official request for debt verification. If you continue to pursue collection efforts without providing adequate validation or continue any harassing actions, I will consider taking legal action to protect my rights and seek all available remedies, including reporting your actions to the Consumer Financial Protection Bureau ( CFPB ), the Federal Trade Commission ( FTC ), and my states Attorney General. This letter serves as a final warning to cease all attempts at contact, and I expect your immediate compliance. Sincerely, XXXX XXXX XXXX XXXX"
4836,"I applied for a credit card and got denied. I was not told the reasn why i got denied, I went home and decided to get a copy of my credit report in XXXX XXXX and I saw various items that had been open. these items are not mine. Someone has used my information to open up all these fraudulent accounts. Please take them off my credit report."
4837,"I attempted to withdraw money from my 5/3 Bank account at a XXXX ATM on XXXX XX/XX/XXXX. The ATM whirred, etc. like normal but the door did not open, I did not get my money and it did not provide a transaction receipt. ( This was not the only time this has happened to me. ) I called my local 5/3 branch and was told to contact the dispute resolution dept. I did this, repeatedly, and it has been denied each time. 

During my XX/XX/XXXX call, "" XXXX, '' a dispute center supervisor, told me I can NOT have any of the information used in this decision, including the ATM 's video of my transaction ( obviously showing my angry face after I did not receive my money ). I told her the letter they sent states I can request copies of the documents used in this decision. She told me it is a "" form letter '' and may not be correct. 

The correspondence and notes related to this are in the attached pdf file. 

Thank you. 
XXXX XXXX"
4838,They have bought this account and it is 11 years old. Its not supposed to be on my credit report after 7 years. The statement they sent said they would not report it to any credit agency yet they have and in fact have it listed as 30 and 60 days past due! It appears as if it is a new debt! This company Portfolio Recovery Associates is limited to the actions they can take yet they are proceeding as if this is their bill and it is a late payment on all the credit reporting agencies. They are not abiding by their rules. I went through a divorce/hardship and this should be dropped from my file several years ago.
4839,"Our home flooded XXXX XXXX, 2016. We submitted a claim with our Flood Insurance and was paid XXXX in damages. The check was written to us and Ocwen Loan Servicing, LLC ( our mortage co ). ( loan no. XXXX ) ( XXXX ) We contacted Ocwen and was put through to their Loss Draft Department. We were told what documents were needed to get draws from our account. We have repeatedly submitted ALL REQUIRED documents and Ocwen has paid out XXXX as of XXXX. We submitted 3 estimates to be paid on XXXX XXXX. We have called several times a week to check the status of the checks. We are told EVERY TIME something different, ie. XXXX documents now rejected, adjuster document rejected ... They have ALREADY paid out on these contractors bills, how are they now rejected? We are then told our "" request for payment '' will be sent to be approved, then we are told are request was approved and check submitted only to NOT receive the check. We paid a fee to have ALL payments overnight mail to us. We call the next day and are once again told the exact same thing, from the rejected documents, to its going to board for approval, to it will be sent out with note to rush the process, etc etc. We CAN NOT have our home repaired and completed if Ocwen holds our insurance money and does not pay out to our contractors. We are homeless and just want to go home. This is OUR Insurance money, NOT Ocwens money. How can they NOT pay out when we have complied with their policy, rules and regulations."
4840,"Opened a Truist checking account on XX/XX/year> using promo code XXXX that triggers a promo event to receive {$400.00} when the following conditions occur within 90 days ( i.e. by XX/XX/year> ) of account opening : ( 1 ) at least XXXX qualifying direct deposit of at least {$500.00} or more is received, ( 2 ) complete at least XXXX qualifying debit card transactions. I completed the direct deposit on XX/XX/year> in the amount of {$1000.00}. I completed the XXXX debit card transactions on XX/XX/year>. I received an email on XX/XX/year> from the Truist automated rewards systems denoting that I did not qualify to receive the {$400.00} bonus. I called into customer support on XX/XX/year> and the phone agent informed me that I didn't qualify because their system failed to recognize the XXXX debit card transactions. The phone agent offered no agreement that their system was at fault and offered no resolution whereby I could still receive my {$400.00} bonus. I would argue that my XXXX debit card transactions did qualify on the grounds that they were "" recurring transactions '' which is evident in that each of the XXXX debit card transactions are from the same source and in the same amounts conducted automatically ; thereby being "" recurring ''. Additionally, the details described in qualifying debit card transactions does not explicitly exclude purchases through XXXX and XXXX. The ambiguity of the debit card transactions description of the bank promo reasonably favors my interpretation."
4841,I was charged by XXXX after I was sent an email saying my booking was not confirmed or processed. I was then later without my consent charged by XXXX They refused to offer any resolution. After months of trying I contacted my credit card company and after showing them documentation supporting my claim I was offered no resolution.
4842,"On XXXX XXXX, 2015 I received a letter from American Express Co XXXX AE XXXX. dated XXXX XXXX, 2015. The letter states "" A merchant where you used your AE Card detected unauthorized access to its data files. '' I called AE to inquire as to what merchant was involved and when the breach was found, but AE told me they were not given that information, so we closed the account. I believe that AE, and all credit card companies, should receive full details of data breaches and be allowed to pass that information along to affected card holders so they may be better aware of impacts to their personal credit and identity theft. I also believe that withholding this information is not in the publics interest and serves the criminals by allowing them to operate in the dark. I ask that you, or AE, provide me with full disclosure of this data breach. Thank you for your time."
4843,I had a dispute with XXXX regarding unauthorized charges & they started an investigation they requested more time but never communicated with me for over 3 years then suddenly I received a Court Summons from XXXXavalry Collection Company to appear in court for an excessive amount & I requested a list of all charges & I have not received same. Cavalry Account # XXXX
4844,"I called USBank about getting assistance because I had got laid off my job my loan went in to forbearance, I spoke to a customer service rep before the forbearance was about to end due to the fact that I could not pay XXXX all at once because I do not have it. She told me she would send me an application out to roll the that balance back to loan. And then I could make my monthly payments but the payments might be larger. I received the application filled it out and uploaded to the USBANK website. Once again they denied my application without providing a reason yet they keep sending me foreclose threats! I had to contact XXXX XXXX  on them because they approved the hardship forbearance then sent a letter out that it was not approved. Fannie Mae had to contact them so I could know what was exactly going on. They denied me because I did not fill out the co-borrower information... I am the only one on the loan. I think they are retaliating against me for reporting them to you. I am searching for other resources to help me catch up but they keep offering me assistance then denying it. It is a total waist of time. I have made some monthly payments but they are ruing my credit reputation they say that the loan is 75 days past due. I do not have the current balance since I have been making my regular monthly payments."
4845,"I noticed that to buy the cryptocurrency XXXX, Coinbase said there was no fee highlighted in green on the preview screen. I clicked one button, the transaction went through, and there was a fee of more than three dollars. This was dishonest and misleading. I never would have bought it if I knew there was a fee. I have included the preview screen and the confirmation screen."
4846,"As much I appreciate the deletion of some of the disputed acccounts and information that resulted due to identity theft, I am disappointed to see that there are still items left on my Credit File. I am submitting this CFPB Complaint to request that you remove the remaining accounts and information from my Credit File in accordance with the Fair Credit Reporting Act section 605b. I was a victim of identity theft and the accounts I am disputing do not relate to any transactions obtaining any possession of goods, services, or money that I have made or authorized. Under the Fair Credit reporting Act section 605b, I an requesting the deletion of the following items : XXXX XXXXXXXX XXXX XXXX XXXX XXXX XXXX XXXX XXXX XXXX XXXX XXXX XXXX XXXX XXXX XXXX XXXX XXXX XXXX XXXX XXXX XXXX XXXX XXXX XXXXXXXX Balance Owed : {$1000.00} XXXX XXXX XXXXXXXX Balance Owed : {$4400.00}. If you found any documentation claiming that the disputed accounts belong to me, I will have to to ask you to send me copies of such documents. If you are unable to provide such documents, immediate deletion of the disputed accounts and information is to be expected."
4847,"I applied for XXXX numerous times. Sent in my application to MOHELA, they never transfered my XXXX to DOE in the summer when XXXX processing was transferred over. I received a letter that my closed employer IS nonprofit- but no one has processed my XXXX proof. My employer was approved in XXXX for XXXX and I was told XXXX weeks for XXXX processing. Its been XXXX  months. 

I reapplied and resubmitted everything again. I keep getting generic replies that list my payment count, eligible payments and when I qualify for discharge. I qualify now and I did for months. I keep having to pay monthly but I qualify now for forgiveness. No one has been able to help me with my XXXX being approved so that my forgiveness can process."
4848,"My venmo card wont work that was around XX/XX/XXXX, I call venmo and has a long chat with costumer care and they said I should wait 2 days, even thought I have money on my balance, after the 2 days I still wont use my account, I call again they said it security system and I should wait another 7 days, after that, they send me a email saying my deals did not go well with there policy, so my account has been permanently deactivated, it was after calling and text them, they now told me I owned them XXXX . They said my provious account owns that amount. 
I never own venmo that amount, last year my XXXX got stolen and they use my account to send money from my account and when the bank come after venmo and venmo came after me to pay them. Even know after sending them police report, and up till now I can access that old venmo account. So because of that, they froze this my new account with XXXX $ in it. Saying they are holding on to my money for 180 days"
4849,"My name is XXXX XXXX XXXX XXXX and I am writing to you from XXXX, XXXX. 
I hope this email reaches someone who can assist me and those who are also suffering abuses from the PayPal platform. 
The reason for this message is to express my deep frustration and sadness regarding the situation I am facing with PayPal. 
Since I received a transfer from the United States for a XXXX XXXX, I have been a victim of a retention of funds that I consider shameless and unjustified.


This company has appropriated my money without clear grounds, preventing me from accessing it. Furthermore, I have been forced to undergo several procedures, such as transferring funds from my local account to verify the authenticity of the transaction and requesting a verification code from my bank, which can take between 3 and 30 business days. Despite having met all the requested requirements, they continue to withhold my money, claiming that I will only be able to access it after 21 days or after making 5 additional transfers over {$10.00}. This situation seems abusive and vile to me. Upon further investigation into this issue, I discovered that many people are in similar situations, which is alarming and leads me to think about the illegal capture and capitalization of money by PayPal.

Their practice of withholding funds seems designed to accumulate a significant volume of money and profit illegally while the funds remain in their possession.

I am attaching visual evidence of the withheld money and look forward to any response or guidance on how to proceed.

It is concerning to think about how many people may be affected by this malpractice in a global service.

I apologize if this is poorly written ; I used a translation tool because I do not speak English.

Thank you for your attention to this critical matter. 
Sincerely, XXXX XXXX XXXX XXXX Phone number XXXX XXXX"
4850,"On XX/XX/XXXX I financed with $ XXXX downpayment a XXXX XXXX XXXX with approximately XXXX miles. 
On XX/XX/XXXX the car broke down due to engine failure. 
I took the car back to Ganas Auto on XXXX XXXX XXXX XXXX, XXXX XXXXXXXX XXXX  XXXX and tried to cancel the car policy under the 48 hour cancelation policy. 
I was briefly denied and told to contact ganas corporate office. 
For XXXX days I was unable to get in contact with anyone at the corporate office. 
I was told to take my car to the ganas dealership in XXXX XXXX XXXX, XXXX XXXXXXXX XXXX XXXXXXXX for repairs. 
Although the repairs were covered under the dealers 30 day warranty I still havent received a status update.

Car currently still at the mechanic shop since XX/XX/XXXX."
4851,"I disputed a collection account from XXXX XXXX XXXX XXXX XXXX ) linked to XXXX XXXX. The debt became delinquent in XXXX, making it time-barred under state law. However, XXXX re-aged the tradeline to show it as Opened XX/XX/XXXX, falsely making it appear as a newer debt. 

Other credit bureaus deleted the account, but XXXX still reports it to Equifax. I sent several validation requests asking for a signed contract, full account history, and proof of assignment, but XXXX failed to provide any of these. 

On XX/XX/XXXX, the same day I chose arbitration under the original agreement, XXXX pulled my credit report without a permissible purpose, which seems retaliatory. Since then, this false reporting has caused housing and loan denials, higher interest rates, and continued financial and emotional harm. 

These actions violate the FDCPA ( failing to validate and misrepresenting the status of a time-barred debt ) and the FCRA ( false reporting, re-aging, reinsertion without notice, and impermissible credit inquiry )."
4852,"UPDATE : On Thursday XXXX/XXXX/26, I received an email from XXXX XXXX, lead loss mitigation XXXX for Union Home Mortgage letting me know I had been approved for a loan modification. I thought this would resolve my prior complaints, unfortunately, I received another email shortly after the first stating that once again my ex husbands name would be required before I would be allowed to enter into a permanent modification. This directly contradicts Union 's own response to my prior complaint. -- See Company 's Response dated XXXX/XXXX/25. Please take not of the documents that would be required in order to exclude the co-borrowers signature. Final divorce decree and quit claim deed, showing that "" I had been awarded the property and I was liable for the debt. '' and "" they were willing to move forward with the modification excluding co-borrowers signature '' once those documents were sent to them and they were, immediately after the judge signed them. NOWHERE does their response say "" if the decree says this or that. '' The Union legal team is claiming because the decree mentions "" refinance '' that they must have his signature. REGARDLESS of how the decree reads, he is still on the loan. I should have been able to have his signature waived under HUD XXXX last year, as I met the requirements. This company needs to stand by it's word and allow the permanent modification to go through excluding co-borrower signature. I am also asking for a Release of co-borrower as part of the modification."
4853,"Chase Bank wrongfully allowed a stolen check made payable to me to be cashed a second time after I had already deposited it via the Chase mobile app. I clearly wrote the words "" DEPOSITED ON XXXX '' on the face of the check after the deposit was successfully made on that date. When the criminals cashed the check on XXXX/XXXX/2015, the funds were debited from my checking account even though the crime had been reported to Chase on XXXX XXXX. This action has put my account in the negative and Chase is refusing to take responsibility to rectify this matter. This is unacceptable! I was victimized and as a long-time Chase Bank customer I deserve to be protected by them not disregarded."
4854,"A Credence Resource Management collection account appeared on my credit report, though Credence Resource Management never attempted to contact me by any means of which I am aware. 
I was notified by my credit monitoring service by email on XXXX XX/XX/year>. I was never once contacted by Credence Resource Management, and Credence Resource Management never provided me any information regarding this debt"
4855,"Venmo closed my account and is withholding {$49.00} despite me providing my passport, ID, and offering car registration to further prove my identity. They refuse to release my funds or transfer them to my verified bank account. This violates EFTA ( Regulation E ) and constitutes unlawful conversion of property."
4856,"Back in XXXX of 2024, Wells Fargo allowed someone to hack into my account and set up multiple direct payments without any security measures. I reported this immediately, but the hackers were able to drain my entire bank account over the weekend due to Wells Fargo 's incompetence and refusal to freeze my account. This caused my payments to bounce, and it took me months to get my money back. They also refused to refund {$1100.00} from a XXXX and XXXX Bank transaction. 

Now, on the XXXX of XXXX, I logged onto my account to see that they had allowed a hacker to set up another payment to a XXXX XXXX XXXX XXXX XXXX ( I live in Oregon ). There was no alert to me, no text for verification, nothing. I've asked Wells Fargo to please set up multi-factor authentication for this recurring issue, but they said they don't offer multi-factor authentication for direct payment setups. I have XXXX other banks, and I have multi-factor authentication through all of them. I've never been hacked into any of those accounts. However, within the last XXXX months, I've been hacked into my Wells Fargo account twice, and Wells Fargo is refusing to fix their security breach to protect my money. Their website states that they have XXXX security monitoring, but they have not caught any of these fraudulent transactions."
4857,"XXXX XXXX XXXX XXXXXX/XX/year> This CFPB complaint has been filed to request pursuant to FCRA 605B ( 15 U.S.C. 1681c-2 ) that you, the TransUnion credit reporting agency , block information appearing on my consumer credit report that is the result of identity theft and fraud within XXXX business days of you receiving this complaint. This fraudulent, inaccurate, and false information consists of XXXX XXXX XXXX XXXX XXXX XXXX XXXX XXXX XXXX XXXX XXXX XXXX XXXX XXXX XXXX These accounts have resulted in several fraudulent hard inquiries and fraudulent collections appearing on my consumer XXXX credit report. All of the aforementioned accounts, collections, and hard inquiries are the result of identity theft and fraud. I have attached a copy of FTC Identity Theft Criminal Complaint XXXX as proof from the XXXX Federal Trade Commission that all of the aforementioned consumer credit accounts, collections, and hard inquiries are the result of identity theft and fraud."
4858,"XXXX  Whom It XXXX Concern : This letter serves as my formal response XXXX  your statement dated XX/XX/XXXX. 
I do not acknowledge this alleged debt XXXX  I continue XXXX  dispute it in its entirety. 
Your response indicates that you have reported this account XXXX  the consumer reporting agencies XXXX  verified it as accurate. However, you have not provided competent evidence that I have a contractual obligation with your company or your client. 
Under the Fair Debt Collection Practices Act ( XXXX XXXX. XXXX ) and the Fair Credit Reporting Act ( XXXX XXXX. XXXX ), you are required XXXX  report complete XXXX  accurate information XXXX  XXXX  conduct a reasonable investigation when a debt is disputed. 
At this time, I am requesting the following : A copy of the original lease or contract bearing my wet ink signature showing I agreed XXXX  the alleged debt. 
Documentation showing the full chain of assignment from the original creditor XXXX  XXXX XXXX XXXX XXXX XXXX. 
A complete payment ledger showing how the balance of {$6500.00} was calculated. 
Proof that you have the legal authority XXXX  collect in the XXXX of Florida. 
The date of XXXX delinquency as reported XXXX  the credit bureaus. 
Proof that your XX/XX/XXXX letter was mailed via certified mail or other trackable means."
4859,"{$1100.00} XXXX XXXX XXXX XXXX XXXX XXXX, Texas XXXX XX/XX/year> XXXX XXXX XXXX XXXX XXXX XXXX, GA XXXX Re : Account Number : XXXX XXXXXXXX To Whom It May Concern : This letter serves as formal notice pursuant to the Fair Debt Collection Practices Act, specifically 15 U.S.C. 1692c ( c ), that you are hereby instructed to CEASE AND DESIST from any and all communication with me regarding the above-referenced account. Under 15 U.S.C. 1692c ( c ), once a consumer notifies a debt collector in writing that they refuse to pay a debt or that they wish the debt collector to cease further communication, the debt collector must not communicate further with the consumer except to : Advise that further collection efforts are being terminated ; Notify the consumer that certain specified remedies may be invoked ; or Notify the consumer that the debt collector intends to invoke a specified remedy. You are hereby directed to immediately stop : Telephone calls to my home, cell phone, or place of employment Emails or electronic communications Text messages Letters, except as permitted under the statute Contacting third parties regarding this alleged debt Be advised that any continued contact beyond what is permitted under federal law will be documented as a violation rfrof the FDCPA and may result in a complaint being filed with the Consumer Financial Protection Bureau, the Federal Trade Commission, and/or civil action for statutory damages, attorneys fees, and costs. This notice does not constitute an acknowledgment of the alleged debt, nor does it constitute a refusal to pay. It is simply a demand that you cease communication as provided under federal law. Govern yourselves accordingly. Sincerely, XXXX XXXX"
4860,"Hello these companies has been reporting fraudulent accounts. I have attached proof/evidence that they are in violation of my consumer right according to these companies has not sent me any proof or violation why I am being charge with alleged debt or why it is placed for charge off and collections. I have tried numerous times to have this situation resolved with no resolutions. 
XXXX XXXX XXXX XXXX XXXX XXXX XXXX XXXX XXXX XXXX XXXX XXXX XXXX XXXX XXXX XXXX XXXX XXXX"
4861,"On XX/XX/2021, L J ROSS ASSOC added a derogatory mark on my credit report per XXXX. Upon further research, this account was transferred/sold and I am no longer responsible for the account. 

They did not verify this collection and there was no written form of communication, contract, or signature for this accused debt at all. A bill without a signature does not validate the debt and anybody can send a bill and say it belongs to me. 

According to the FCRA, L J ROSS ASSOC has violated my rights as a consumer multiple times and I'm requesting legal action to remove this account immediately!"
4862,"AWA COLLECTIONS # XXXXTo Whom It May Concern, The reason for my dispute is AWA COLLECTIONS was required to notify me no later than 30 days after furnishing the negative information to credit bureau reports , in writing ... under such section 623, subsection ( 7 ) ( A ). However, in my records, I am unable to locate documentation that they complied with this requirement, which is a violation of the FCRA & FDCPA. Also AWA COLLECTIONS failed to give me my "" Mini-Miranda '' five days prior to placing this derogatory item on all of my credit reports, per Section 807 ( 11 ) & FDCPA 809, Under 809. Validations of date and Mini-Mirandi under Section807 ( 1 ) AWA COLLECTIONS failed to send me my initial communication before placing this alleged item on my credit reports further violating the FCRA, with {$1000.00} per violation AWA COLLECTIONS is held liable as well for defamation and in the state of California indebtedness with those of other creditors against an individual debtor or codebtors. FDCPA I fail to see where AWA COLLECTIONS is in compliance with California LAW. AWA COLLECTIONS has not even tried to contact me regarding this Fraudulent collection account. Please have them remove this collection account immediately."
4863,"Hello My complaint is regarding PMI removal.

I bought a brand new home ( new construction ) in XXXX. I have an outstanding payment history, putting more money down every monthly. 

in XX/XX/XXXX I contacted PNC to get PMI canceled. PNC charged me {$500.00} to run an appraisal and gave me the criteria for PMI removal. 

1 ) The appraisal must show sufficient value which would reduce the LTV to 80 %.

2 ) Since the loan is less than 2 years old, the investor requirements state that the customer is required to have made improvements to the property. 

I accepted the criteria and paid {$500.00} for the appraisal, after 2 weeks I got the decision : "" THE LOAN INVESTOR HAS DENIED YOUR REQUEST TO REMOVE PMI '' The appraised value brings my loan-to-value ( LTV ) to 77.79 % ( it means I achieved the first criteria ) However PNC stated that I haven't made improvements in my home accordingly to the second criteria, but that is not true. I opened a dispute and proved ( sent a report with photos and invoices ) that I have made a lot of improvements such as Patio over 500 sqt, driveway extension, new walkway and porch, black splash, finished garage with epoxy painting. 
However they still denying my request, saying that I have not made any improvements. 
The question is, what else is considered improvements for a brand new house. 

I have called more than 4 times to try to get a fair answer and, every time that I call I need to wait 5 days to get a response by mail. Besides the frustration, waste of my time also it seems a scam because they are not acting with integrate. 

I really wish to solve this matter in a friendly way, for that reason I am opening a claim here, before to talk to an attorney. 

thank you XXXX"
4864,"Between XX/XX/XXXX, I contacted Capital One multiple times because I am experiencing temporary financial hardship and can not make any payments on my credit card until XXXX. I am currently 5 days past due and am trying to prevent the account from reaching 30 days late. I first called the Capital One customer service line and explained my situation. The representative repeatedly pressured me to make payments I can not afford and refused to escalate my request to the Account Manager or Hardship Department. I specifically asked for hardship or forbearance options and was told I do not qualify because I will be able to resume payments in XXXX. I then contacted Capital One through live chat. The chat agent refused to escalate my request, refused to provide hardship department contact information, and told me to call the same XXXX number I had already called. I saved a copy of this chat. After the chat agent refused escalation, I called the number she provided and spoke with a representative named XXXX. She also refused to escalate my request, refused to provide hardship department contact information, and insisted that the only option was to set up payment arrangements. I explained that I can not make any payments until XXXX, but she still refused to transfer me to anyone authorized to evaluate hardship. I am acting in good faith to prevent credit damage and am requesting temporary hardship or forbearance review. Capital One is refusing to provide access to any hardship evaluation, refusing escalation, and refusing to provide information about available programs. I need assistance ensuring my account is reviewed by someone authorized to evaluate hardship so that my account does not reach 30 days past due. This complaint involves two Capital One credit card accounts. The form only allows one card number, but both accounts were affected by the same issue."
4865,"In XXXX i opened the account and made XXXX purchases for music equipment a total of {$1700.00}. XXXXXXXX XXXX ( where the equipment was purchased ) asked if i wanted to use their 3rd party credit card ( synchrony bank ) to make payments. I agreed. They than set up the debit card i had on file with XXXX  and setup autopay for minimum payments to come out automatically each month, estimated around {$40.00} a month. 
On XX/XX/XXXX XXXX  charged {$110.00} to open the accound and as a down payment. 

On XX/XX/XXXX auto pay synchrony bank charged XXXX On XX/XX/XXXX auto pay synchrony bank charged {$41.00} On XX/XX/XXXX auto pay synchrony bank charged {$1200.00} I noticed they took out all the money because we were short on money for the month and couldnt make our car payment. I called synchrony bank and opened a dispute. A month later they said they never charged me or received the payment. 
I than opened up the dispute again and in XXXX XX/XX/XXXX i called to get an update on the dispute and the lady on the phone said the dispute was closed, all i owe is {$580.00}. So i paid it off to close the account. 
A few weeks later synchrony bank sends me a letter saying the dispute didnt have sufficient info and i still owe {$1200.00}. 
I called and they said they can not do anything about it and i have to pay. 
I than opened a dispute with XXXX  and that didnt help so ive been researching who can help and found this site. 
Please help my credit is good and have never missed any payments. Ive used XXXX  several times for expensive equipment and usually make XXXX large payments in a XXXX  month period and its been through synchrony bank. I never had any issues until now. My plan was to pay the amount before the XXXX  months for intrest free and now the whole account is messed up. Im also trying to get a house and this is effecting the process!!!"
4866,"CashApp Issue- Going on 3 months Now it is going on 3 months and no response. Several calls have been made and I have spoken to 3 individuals however there has been no follow up email or call regarding this matter. 

Please kindly advise as the the resolution of this issue which should not have taken 3 months and still no resolution. 
Sent from XXXX On XX/XX/year>, at XXXX, XXXX XXXX XXXX wrote : This is payment to my Sister for my portion of dinner at the XXXX XXXX  XXXX XXXX XXXX XXXX XXXX on XXXX XXXX for my XXXX XXXX 


Sent from XXXX On XX/XX/year>, at XXXX, Cash App Support XXXX wrote : Hello XXXX, Were reaching out to help us gain a better understanding of some recent activity on your account.On XX/XX/year>, you sent a payment for the amount of {$80.00}, with "" XXXX XXXX in the subject line. 

Please reply to this email with information detailing the purpose of the payment, including an explanation of what was being paid for with this transaction and your relationship to the recipient. 

Cash App has a policy to comply with XXXX laws regarding economic sanctions. Engaging in transactions that involve jurisdictions sanctioned by the United States, or engaging in any other activity that violates XXXX sanctions is prohibited under Cash App 's General Terms of Service. 

Please note that failure to respond to this email in five days will result in adverse action being taken against your account. 

Thank you in advance for your response. 



XXXX Cash App Compliance thread : XXXX : :"
4867,"I have a loan. I've already paid it off. Unfortunately, Santander is ignoring my requests to close the account after I have paid it off XXXX. I have requested the payoff amount and closure XXXX. I called Saturday, very upset because, despite paying XXXX I am still getting charged by this bank. Every time I try to get it closed, they do not and continue to charge me {$70.00}. I need my account closed and I do not owe this institution another cent. I spoke with XXXX XX/XX/year>. I spoke with XXXX XX/XX/year>. I spoke with a female in XXXX. I do not want to call again. I do not owe the bank anymore money. I am upset and the agents do not deserve to have to deal with an upset customer. 

Loan number : XXXX LOAN PAYOFF CONF # XXXX XXXX request for closure Santander"
4868,"I am filing a complaint regarding improper and potentially unlawful debt collection practices. 

On XXXX at XXXX XXXX, an individual representing Tower Loan came to my home and attempted to collect a debt in person. This individual demanded immediate payment and told me that if the payment wasnt made in full that they would be filing suit.

I believe this behavior violates the Fair Debt Collection Practices Act ( FDCPA ) and/or Mississippi consumer protection laws.

I request that your office investigate this matter and take appropriate action to stop these practices. I am willing to provide additional information or documentation if needed.

Attached : Copies of any paperwork left at my home.

Thank you for your attention to this matter. 

Sincerely, XXXX XXXX"
4869,"USAA closed my account after being with them for 15 years with little to no notification. The only way i found out it was being closed when i went to dispute an unknown charge. I was given no reason as to why its being closed just that it was managements decision and there was nothing that i could do about it. CSR after CSR either couldnt assist me, could not direct me in the right location or even help with a future direct deposit that was coming. One CSR even hung up on me. Though it may be speculation but i was told that this may be due to a fraud check that entered my account where i had been a victim of identity theft and all consequences i had rectified on my own with minimum investigation or support from USAA. Now that it is all said and done, they are not granting me the ability to extract my funds and have left me, while on military orders unable to provide for my family and in further hardship. Ive contacted the XXXX which USAA then gave me a call and told me they will attempt to investigate. Ive contacted them back the next day because the direct deposit hit and Im left with no answer but a later follow up call stating that they are unable to do anything about the account but they will see how to transfer the funds out. Contacted a CSR the following morning and they informed me theres nothing that i can do and that i must wait an additional 10 business days in order for the account to fully close but it can still receive my money but not give me my money."
4870,"Dear Gentle People at Consumer Financial Protection Bureau I was referred to you and read the article about CFPB and student loan unsavory practices. I made a lump sum payment ( XXXX ) to XXXX XXXX in XX/XX/XXXX, "" students making a lump sum payment toward the principal are discovering that companies servicing their loans are making it harder to save money on interest charges. '' I recently discovered this with my student loans. 
My loans are started in XX/XX/XXXX for my XXXX degree to my XXXX in XX/XX/XXXX. My loans were under XXXX XXXX from XX/XX/XXXX until XX/XX/XXXX and then transferred to Navient. 
XXXX XXXX has no record of my loans or loan payments at all!! 
I applied for the Public Service student loan reduction payment plan with XXXX XXXX in XX/XX/XXXX. 
Navient stated I would have to reapply and start the program over! 
Navient only has records going back to XX/XX/XXXX. 
Whatever you can do to help would be greatly appreciated! 
Respectfully submitted,"
4871,"I have applied for modification for my home several time in last 1 year. My leader had largely ignored my request. This time ( after sitting on my application for 2 months ) they finally responded to my request by asking me for some more paperwork. Which i provided to them on time and they acknowledged that they received it. Then, to my surprise they posted a notice of sale on my door. I called and remained them that they are in violation of the California Homeowners bill of right which clearly states that lenders are not allowed to double track foreclosure and a review for a modification. They said they will look into it. Next day I called to check on the status and they told me that I need XXXX more form. They emailed me the hardship affidavit form to fill out. I immediately completed the form and returned it to them. ( must remind you that this form was a very old 2009 hardship affidavit from which is not required any longer since the new RMA includes it. But, nevertheless, in sprit of cooperating and not wasting time to fight with them, I did as I asked to do ). Next day again, I called to check the status and they told me that they have closed the file and are moving to foreclose on my home. I again reminded them that I have done as they have asked and why did they close the file without review. They told me that they do n't want to work with me or help me and are going to foreclose. 
How could they do that? I thought we lived in a country with laws. I feel that they are discriminating against me because I am XXXX and do not understating many financial matters and do not have financial ability to fight back. I fear that by filing this complaint thru you, they will further retaliate by pushing forward and foreclosing on my home making my children and I homeless. Please help me."
4872,"I am writing to file a complaint against Navy Federal Credit Union regarding multiple overdrafts fees I have occurred. Despite having sufficient founds when transactions were authorized, I was charged fees due to lagged posting of charges and credits. This issue aligns with the recent CFPB findings against Navy Federal for similar practices, where transactions settle with insufficient balances despite initially available funds. I request an investigation into my account transactions."
4873,"Zelle payment made for {$2000.00} on XX/XX/year> and XXXX more payments made on XX/XX/year> {$500.00} XX/XX/year> {$2000.00} XX/XX/year> for {$500.00} using an ally linked bank account. I reached out to both ally & zelle regarding a scam. I was making payments towards a house we were purchasing as a land contract. We met with realtor toured the inside of house, scheduled estimates and on the day of closing the realtor called the purchaser named XXXX XXXX from salt life investments backed out with the {$5000.00}, they said that nothing could be done since there were multiple transactions to the same person and that the funds were already cashed. I had to make multiple transfers due to the daily limit or I would have made 1 lump payment and if it was one payment there may have been a chance I could have got something but this same guy scammed multiple other people as well."
4874,"Approximately 25 to 30 years ago, I opened an account with Wells Fargo to create a trust account. The Trust office was in XXXX, NJ. I closed the account at least 10 years ago. 

However, Wells Fargo keeps contacting me by email asking me to update my information. 

I do not think that I have an account with them They had a scandal many years ago where they created extra accounts for customers. I think they created more accounts for me that I do not know about. 

I have called their 800 number twice and they are unable to resolve the situation. I called the local Wells Fargo Bank, and they do not see my info in their computer. 

However, they keep sending me emails asking for information. 

I can not get them to stop sending me emails. 

It is clear that they have an active account for me that I do not know about. I would like the account closed, and to have them stop sending me emails."
4875,I recently sent our lender a qwr request and only received a letter promising a written response and previously have tried to communicate with previous banks before the loan was sold to address these issues wich have led us to previous foreclosure issues but have only been delayed and we will be going into foreclosure as of XXXX this year after further revisions of our loan agreement we notice cloud of title i have tried contacting legal help but no lawyers will help any more delay will most likely lap statues on limitations
4876,"I received a notification from Northstar Location Services LLC on XXXX XXXX XXXX informing me that I had not one but two of the exact same debits. According to the letters I received the Accounts Listed were # XXXX and # XXXX. When I received the notification, I sent two requests for verification to Northstar Location Services XXXX. These requests were sent certified mail with return receipt. The requests have the following tracking numbers XXXX XXXX XXXX XXXX XXXX, and XXXX XXXX XXXX XXXX XXXX. These requests were signed for on XXXX XX/XX/XXXX XXXX XXXX XXXX form the looks of the receipts. It is now XXXX XX/XX/XXXX and I have yet to receive a verification response for my request, and I am now receiving phone calls and letters from Northstar Location Services LLC stating that I have 30 days to dispute the validity of a debit which I have already disputed, and they have not responded or supplied any type of verification for. It was my understanding that they are to not call or attempt to continue collecting on a debit which they nor I can validate. It makes me wonder how many times I have to send a verification request that they keep signing for? Please assist me with this nightmare that has lasted for over 6 months now. I appreciate any assistance with this matter. Thank you!"
4877,"Some criminals stole my personal information from the dark web ( from breached DMV databases and Chase databases ) and hacked my online Chase account. They called Chase, requested a temporary password, added an XXXX XXXX  as a trusted device ( and I do not own such a device ), created XXXX XXXX recipients illegally, and Zelled {$800.00} ( XXXX XXXX, XXXX phone : XXXX ) and {$1300.00} ( XXXX XXXX, XXXX phone : XXXX ) to the XXXX illegally created recipients. I then received email notifications about the added recipients and immediately called Chase fraud department to request them to stop the transactions. We even transferred al the remaining money from the checking account to the savings account. Unfortunately, by the time Chase froze my account, the amount of {$2100.00} already went out. 

I also went to Chase branch at XXXX XXXX XXXX, XXXX, TX XXXX on the following morning and reported the incident to the bank in person and switched my account info to avoid further damage. Also, on the following afternoon, someone pretending to be from Chase ( with an XXXX accent ) called me and my wife repeatedly and also sent us notifications that will lead to our Chase account. Upon verifications with Chase bank staff in person, these were also fraudulent calls."
4878,"I am contacting for assistance with this matter that has put me in a deep whole through no fault of mine. We purchased our home in XXXX of 2019 loan done by United Wholesale Mortgage the company was collecting {$630.00} for escrow which included taxes, insurance, and PMI. It Should have been {$950.00} monthly which we just discovered when we met with a loan officer. On our settlement statement they only collected {$290.00} monthly for my property taxes when in actuality the tax bill was for a total of {$6800.00} XXXX monthly. This caused us to fall into a deep hole which the company could never resolve. Then we were sold to another servicer XXXX XXXX who collected the lower amount and put us deeper in a whole. We received a new statement with a total mortgage due of {$3400.00} for the shortage that they did not calculate correctly. This has caused us to be late and now we are 2 months behind and reported this on our credit during the moratorium"
4879,"Hello. 

I am currently working with Speedy Cash to pay off my loan with them. My payments are going through with them and there is no trouble even though I had been behind for some months. 

Another party called XXXXhas been harassing me the last week with over XXXX emails, a few long text, and phone calls. 
They have threatened to come to my house and my workplace. They first said by XXXX  and then they switched their wording to XXXX. They have threatened to sue, adding amounts each time they send an email. They are also asking for my payment information and private details. I dont believe my speedy cash loan is supposed to be collected by XXXX and they are being inhumane, disrespectful, and using threats and words of harassment. They repeatedly said they will come to my house and workplace. Along with many false claims and rude comments I need this to be solved. 
Speedy cash is working with me and there are no issues between us. XXXX however has some of my info and is wanting all my info. Not sure what else I can do about this and Im worried they can try finding me at my old address and workplace. 

I will attatch all emails and records shortly"
4880,I signed closing disclosures stating my monthly payment was {$1400.00}. My mortgage was sold and now my payment is almost {$100.00} more per month because my closing disclosures were wrong. No attempt was made to notify me that they were wrong and the amount was more.
4881,"I am writing to file a complaint against Navy Federal Credit Union regarding multiple overdraft fees I have incurred. Despite having sufficient funds when transactions were authorized, Iwas charge fees due to lagged posting of charges and credits. This issue aligns with the recent CFPB findings against Navy Federal for similar practices, where transactions settled with insufficient balances despite initially available funds. I believe these practices are unfair and request an investigation into my account transactions."
4882,"am writing to formally dispute the above-referenced medical collection account reported by XXXX XXXX XXXX XXXX XXXX in the amount of {$730.00}. This account is the result of identity theft and/or unauthorized use of my personal information, and I do not owe this debt. LACK OF PROPER NOTICE AND VALIDATION I was never properly notified nor provided validation of this alleged debt prior to your reporting it to the consumer reporting agencies. Your actions raise serious compliance concerns under : FDCPA 1692g ( a ) requirement to send a validation notice within 5 days of initial communication FDCPA 1692e ( 8 ) prohibition on reporting disputed debt without proper disclosure FCRA 1681s-2 ( a ) duty of furnishers to report accurate and complete information Because I did not receive proper validation before credit reporting, the tradeline is legally defective. IDENTITY THEFT NOTICE ( FCRA 1681c-2 ) Pursuant to 15 U.S.C. 1681c-2, I am formally asserting that this account resulted from identity theft. Upon receipt of a valid identity theft report, furnishers and consumer reporting agencies are required to block and remove such information. You are hereby placed on notice that : I did not authorize this account I did not receive the underlying medical services I dispute any contractual obligation with your company or the original provider MEDICAL PRIVACY AND ACCURACY CONCERNS As this is an alleged medical debt, your reporting must also comply with : FCRA 1681e ( b ) maximum possible accuracy FCRA 1681i ( a ) reasonable investigation requirement Applicable HIPAA privacy principles"
4883,"This company sold my information after applying for a mortgage with them. I put in an application on XX/XX/2023 and immediately began receiving XXXX calls a day on my phone at my place of employment and also on my personal phone from various lenders across the United States soliciting my business. Upon looking into it further, there is a link in small print on the application stating that I do not want the lender to sell my information."
4884,I opened a personal and business account with Truist Bank. They closed the accounts on different occasions and also deemed them as fraudulent. I asked for paper work explaining the reason and was never provided. I waited for correspondence through email and postal as promised. I felt like I was treated like a criminal at the XXXX XXXX and I had never had an account prior. The branch manager said I did and was trying not to relinquish the initial deposit.
4885,"I was eligible for a Forbearance Plan on XX/XX/XXXX by my servicing company Fay Servicing in the amount of {$16.00}, XXXX. 

As of XX/XX/XXXX I received a delinquency notice to pay the total amount {$16000.00} to bring my loan current. 

I was offered the option by Fay Servicing to put the arrears amount at the back of the loan and my mortgage payment will increase slightly. 

I was told by XXXX XXXX, a representative of Fay Servicing that it wasn't the total arrears amount they agreed on so Fay Servicing returned my mortgage payment that was sent to them and requested me to pay a substantial higher amount that I was not able to pay. 

On XX/XX/XXXX I requested from Fay Servicing , LLC for a loan modification on since my business has suffered a financial hardship as a direct result of COVID-19. 

I was asked for more documents which was sent before the date Fay Servicing noted on the letter for my loan modification request. 

I have not received any response from Fay Servicing , LLC regarding the loan modification request instead I recently found out that on XX/XX/XXXX they filed a complaint for Foreclosure of A Mortgage with the Court Index No. XXXX against my property. 
I strongly believe Fay Servicing , LLC has violated my rights for failing to provide me with the protection against foreclosure required by Law. 

Furthermore, my loan modification is still pending with Fay Servicing , LLC and I haven't received any denial letter in reference to my loan modification. Instead, I am receiving calls from their representative XXXX XXXX, stating to me that my interest rate is already low I need to come up with other alternative in paying this loan back. 

Fay Servicing , LLC has illegally launched a foreclosure proceeding against me while I am actively looking for help to save my home."
4886,Me and my wife went into a local truest bank branch and we opened up a XXXX checking account and savings account on XXXX we gave them a total of {$100.00} {$50.00} for checking {$50.00} for savings to get the account established to their terms and conditions on account opening everything was fine we set up our online banking everything was fine the day after we tried to log into our online banking they said that our accounts were locked in for us to call to get the issue fixed we called spoke to the fraud department they said that our account was up for review even though we have not received our debit cards nor anything nor have we even did any transactions outside of the deposits now they're withholding our money claiming that it's under review for fraud where is the fraud we gave them Cash there's no risk of loss to the bank we gave them us hard currency which they verified and put the money into our accounts there is no justifiable reason to withhold my money
4887,"There are some inaccurate accounts on my consumer report. I've listed in my letter the accounts that were opened fraudulently. 

FRAUDULENT ACCOUNTS : Account Name : XXXXXXXX XXXX # XXXX - Date Opened XX/XX/year>"
4888,"Ran my credit report early XXXX XXXX Note a negative collection action placed on my report as of XXXX XXXX - {$680.00} CAPITAL ACCOUNTS , LLC o Collection was dated as active in XXXX, for services in MD in XXXX o I left MD in XXXX to move out of state Agency acknowledged they had received my letter and would send me letter Reached out to original creditor - XXXX XXXX, informed of {$570.00} debt and that theyd sent itemized bill to agency o Never contacted by collection agency, nor notification that collection would be placed on my credit report Sent let of dispute to agency letter requesting verification of letter of original debt XXXX/XXXX/XXXX, per Fair Debt Collection Practices Act, 15 USC 1692g Sec. 809 ( b ) Called agency to request letter on XXXX/XXXX/XXXX Received itemized bill from original debtor XXXX/XXXX/XXXX and attempting to close out debt Have yet to receive any communication from agency regarding debt"
4889,Ok I tried XXXX XXXX loan off XXXX me and my mom both offered pay the {$350.00} at XXXX advance financial and they refused I tried pay off both in person and online they lied and blocked my accounts then this month I received civil warrant for court XXXX dollars because they claimed they couldn't find or contact me waited nearly 2 years pure crazy
4890,"This is a new complaint connected to my prior CFPB complaint # XXXX. I am filing again because Capital One has made contradictory statements to the CFPB, misrepresented the status of my funds, and continues to unlawfully seize money from my accounts. 

On XX/XX/year>, Capital One responded to the CFPB that funds held in excess of legal order released. ( See attached letter ). 

On XX/XX/year>, Capital One sent another response ( CFPB ID XXXX ) stating that funds are still being held and can not be released until the NC Department XXXX XXXX provides a release or turnover addressed to Capital One. ( See attached letter ). 

On XX/XX/year>, I spoke with XXXX, a Capital One XXXX ( ID XXXX ), who confirmed that : 1. The excess funds have not been released, despite their XX/XX/XXXX statement to CFPB. 


2. Capital One will continue to seize any new deposits I make, even though the original NC garnishment order has already been satisfied in full. 




This is clear evidence of : Misrepresentation to the CFPB ( false statement that funds were released ). 

Ongoing unauthorized seizures in violation of the garnishment order and consumer protection laws. 

Financial harm, as the unlawful hold has caused returned payments, fees, and hardship."
4891,"I apply for secure credit card with capital one. payment was on TIME every month. 
capital one decide to close my account and keep my secure deposit, I called several time for my security deposit to be refunded capital one gave me the every excuse in the world not to refund my security deposit back, now since the account is closed capital one still reporting the account to the credit bureau is like this account is still open. I just received a bill stated that I have a payment due for XXXX XXXX. Attch below"
4892,"I applied for a mortgage loan loss mitigation back in XXXX of XXXX. I received a couple letters back in XXXX and the lasted on XX/XX/year>, stating I was approved for XXXX XXXX XXXX XXXX and it would reduce my payment. It also stated within XXXX  days I would receive the paperwork. I did not receive any paperwork until XX/XX/year>, which was XXXX  months later, making me more deliquent, as I couldn't pay anything until everything was reviewed. 

This paperwork was NOT for the XXXX XXXX XXXX XXXX, instead for a XXXX XXXX XXXX, which INCREASED my payment, not decreasing it."
4893,"XXXX XXXX had called me and I tried to negotiate money owed down to a smaller amount. They would not agree. Now the this old enough to come off my credit report. Its been 5 years and should be removed. Money owed is {$500.00}. the account was opened in XX/XX/XXXX, XXXX the original creditor is XXXX CAPITAL ONE BANK USA"
4894,"A representative is calling people who are barely acquaintances to me, including cousins I have n't spoken to in six years. There are at least three instances that I know of, and I 'm certian there are more. These people are being told that I LISTED THEM AS A REFERENCE, which is completely false, and being asked about my whereabouts. 

People I barely know are being contacted about my debt/credit problems, they 're being lied to, and my personal finance issues are being humiliatingly broadcast to virtual strangers. 

The name that the organization is giving to them is XXXX XXXX XXXX and XXXX XXXX XXXX, and the contact number is XXXX."
4895,"Please be advised that as of this writing and despite my repeated telephone requests to Freedom Mortgage for resolution, Homeowner 's Insurance for the above referenced property is expiring retroactive to XX/XX/19 for Freedom Mortgage 's failure to pay the required premium by XX/XX/19 as notified in attachment. We will therefore be without coverage as a result of Freedom Mortgage 's failure to pay in our behalf despite repeated requests and adequate funds in our escrow account for payment of such. In light of this and previous failures by Freedom Mortgage to execute their responsibilities in harmony with RESPA and TILA directives, I also submitted a Qualified Written Request and Notice of Error after multiple failed telephone requests in the past 30 days to correct this error and issue timely payment as requested by the Insurer."
4896,"I am filing a complaint against Giggle Finance for unauthorized duplicate billing, deceptive practices, and charging retaliatory fees. On XX/XX/year>, I made an authorized manual payment of {$400.00}. The company claimed it failed, but my bank successfully processed it. Then, on XX/XX/year>, the company automatically withdrew another {$400.00} without my consent, resulting in a double charge. I contacted their support team and provided my official bank statements proving the double withdrawal. However, they completely ignored my evidence, refused to check their actual bank deposits, and falsely denied the issue. Left with no choice, I disputed the unauthorized duplicate charge through my bank ( XXXX ) to recover my funds. In direct retaliation for the successful chargeback, on XX/XX/year>, Giggle Finance penalized me by adding a massive and unjustified "" Collection_costs '' fee of {$1200.00} to my account, along with re-adding the {$400.00} charge. I have sent them multiple messages with evidence demanding they remove these retaliatory fees and correct my account, but they are now completely ignoring my texts. This is a highly predatory and unacceptable business practice."
4897,The debt in question was with XXXX. The dealership where we leased did agree to absorb the debt in lieu of leasing a new vehicle with the same company. We have explained this to the agency that is attempting to collect this debt and requested that they contact the dealership directly. They refused. They refuse to hear anything we are saying. It is not my job to make sure that the proper agency received the proper paperwork from a different agency altogether. I signed a contract with XXXX of XXXX and they agreed to handle this. They did not.
4898,I received my XXXX  credit report and it has like 17-19 items in correct and also addresses that dont belong to me and also emails also that dont belong to me. Someone of a similar name if you asked me!
4899,"Optum Bank has failed to provide access to my active HSA by maintaining login credentials tied to a closed account, despite repeated support contacts. I did not have online access to my Optum Bank HSA account for ALL of 2025. I contacted Optum Bank about this issue NINE times, without resolution. They have never responded, not by phone, email or US mail. 

I have an INACTIVE Optum Bank Health Savings Account, account number XXXX, which is the account that my log in credentials are linked to. However, this inactive account does have my ACTIVE HSA debit cards linked to it.

According to Optum Bank customer service representatives, my ACTIVE Optum Bank Health Savings Account, is account number XXXX, but they claim they can not change the account number linked to my log in. 

When I attempt to register or log in, the system automatically links me to the closed account and provides no option to access my active HSA. As a result, I am being denied online access to my active HSA and my funds.

One Optum Bank representative told me that I can change the account number in my account settings, as long as I am logged in on a laptop or desktop. I have found that information to be untrue. 

Another Optum Bank representative told me that the issue is that my social security number in Optum 's system is incorrect, although the last 4 digits are correct. Optum stated that the issue must be addressed with my employer, but according to my employer, this information is untrue.

Every Optum Bank representative has told me that they would escalate my ticket and get back to me, yet none of them have. Not one of them. 

I have been dealing with this for a year, since XXXX 2025. Please help to get this issue resolved. 

I can be reached at XXXX or via email at XXXX. 

Thanks, XXXX XXXX"
4900,"I received a call from a Texas number where I haven't lived in XXXX  years now. They claimed to be a collection agency on behalf of a bank to collect on a past credit card from XXXX. I currently bank with this company. 
In the message they included sending summons to my house, and said my address. 
This concerned me, so I called them back. 
They claim to debt was XXXX XXXXXXXX dollars to settle out of court. 
Every time I asked a question, they couldn't divulge the info. Then, they read off to my my name, address, phone number AND my social. 
I gave them no info or answered any of their questions other than who I am. 
I hung up and called my bank. Their fraud department confirmed that I have no past debt owed."
4901,Today XX/XX/XXXX Ive received a notification regarding a new hard inquiry has been added to my credit the financial is called prestige financial Ive never gone through them before and never heard of them before.
4902,"On XX/XX/year>, I disputed Credit Control LLC directly asking them to verify this debt ; however did not receive any response and it remains on my XXXX credit report. I requested Credit Control LLC to verify the following : The method of verification that was used to verify this account, including the name, address, and telephone number of the furnisher that verified the debt ; and Forward flow agreement Original contract with signature Proof of Metro 2 compliance Proof of authority to report"
4903,"I have been unable to contact anyone at Dovenmuehle Mortgage to discuss my loan after many attempts. They do not answer the phone. Apparently I am not the onlyone having issues. 

XXXX XXXX XXXX This company should be investigated to determine why they have no mechanism for their customers to contact them."
4904,"My account with XXXX XXXX was never late! I have had exceptional payment history with XXXX XXXXXXXX and all payments were placed on Autopay. This late payment that is reporting is a result on a systematic error on their end processing my payment. 

This was clearly a billing error made my the company and is not a reflection of my payment experience which violates USC Code 1681eb. This error has caused severe hard to my reputation, my character, my mode of living and to my family! I demand the late payment reported in to be removed.

They are not in compliance with the following law. 15 USC 1666b and its requirements set the standards and the guidance for a creditor to treat a payment as late, yet they are reporting a payment as late and they did not comply with the law! 

15 USC 1666b ( a ) Time to make payments A creditor may not treat a payment on a credit card account under an open end consumer credit plan as late for any purpose, unless the creditor has adopted reasonable procedures designed to ensure that each periodic statement including the information required by section 1637 ( b ) of this title is mailed or delivered to the consumer not later than 21 days before the payment due date. 


XXXX XXXX Never Sent the periodic statement along with the disclosures from section 1637 ( b ).

I have requested proof that this information was mailed or delivered 21 days before the payment due date and this information was requested in good faith pursuant rule 1002 and It was never provided.

This is unfair, illegal, fraudulent, and not equitable to me as a consumer!

Delete the late payments from my consumer reports"
4905,"Equifax lack of security controls exposed my credit and identity information to hackers. This is unacceptable. Their after-the-fact protections are highly lacking and leave the responsibility in my hands to correct and monitor all activity going forward. This could be extremely costly, time-consuming and ineffective at protecting my information. Unacceptable for a company that should be solely concerned with this as their mission."
4906,"Good afternoon, Today I received repeated calls on my landline and the phone is not even registered to my name. I noticed it was an ( XXXX ) number so I figured it was not important. I decided to pick up on the 4th time and they asked for me by name. I lied and asked to take a message. The person on the other end of the phone said it was medical information that could only be discussed with the person they were trying to reach and asked me to note the callback number. I looked it up and it was Midland Credit Management ( XXXX ) XXXX and in researching them, it appears they have a history of illegal and/or unethical practices. Can you explain my rights and how to handle this situation? Thanks!"
4907,"I called to inquire about a loan. Ended up getting approved but needed to speak to someone. I ended up talking to XXXX who told me I needed a co-signer and he told me specifically that the person needs to live with me and have a job history. I specifically asked about credit and he said we dont really look at that. I added my sister to the call, he then asked her for her social to pull it. I told him that he didnt relay that information to me before and I asked previously. I asked to speak to a manager and he said he wasnt going to take the disrespect. I called another location, spoke to XXXX, he claimed what XXXX said was right AFTER I explained what he said. XXXX said that is correct, we dont pull credit, but I explained why wouldnt have XXXX specified we will once you add th Co-signer like I asked. This seems very fraudulent of them."
4908,"I saw a collection debt on my credit report. I disputed it with XXXX. They "" verified '' the debt. I sent a letter to the collection agency disputing the debt with the amount owed, my name, the original creditor, and a partial account number. The collection agency responded that they were "" unable to identify an account in [ their ] database. '' They requested I send them additional personally identifiable information to assist me. 

I then sent their letter and the one I sent them to XXXX to dispute the debt and have it removed since the creditor can not verify the debt to me without additional information, but can somehow verify it to XXXX. I am under no obligation to provide my personally identifiable information of a collection agency that may or may not be trying to collect a valid debt in order to verify the debt."
4909,"On XX/XX/2023 I notified Venmo that a fraudulent Venmo Credit Card had been opened in my name. I then asked that my Venmo account be closed, which they said they could not do, because there was an account balance owed on the fraudulent credit card and that I needed to contact the credit card issuer, XXXX XXXX at ( XXXX ) XXXX to report the fraudulent activity and get the credit card balance cleared. Meanwhile, Venmo was holding {$2300.00} of mine that I could not access. After being required to provide a copy of my photo ID and a picture of me holding the photo ID, they finally unlocked my account XXXX transferred the {$2300.00} out of my Venmo and again requested to close my account, Venmo refused, again saying that they needed me to work with XXXX XXXX. XXXX XXXX told me that they had XXXX days to complete their investigation. XX/XX/2023 I finally receive notice from XXXX XXXX that their investigation is complete, the credit card account had been identified as fraud, the account has been closed with no financial obligation due on my part and the credit bureaus had been notified. I sent the letter to Venmo, asking again to close my account, 8 email exchanges with Venmo, they have no other way you can contact them. This is the last email I received "" I understand that you wanted to close your Venmo account. I tried to do it, but just like the previous representatives, I was unable to do so. I see that you sent in the document confirming that the credit card was already closed. Kindly respond to the ticket # XXXX so they can double-check it and further address your concern. '' I have no idea what ticket number that is or how to respond to it? The entire process is broken and made to be frustrating and complicated for the customer."
4910,"I have a certified email from Mohela Student Loans dated XX/XX/2023 that stated my loans were forgiven. In XXXXXXXX XXXX XXXX my wife and I started to receive emails that stated we would have to start making payments again. I have sent Mohela 5 emails and have called customer service over 20 times. I am extremely frustrated with the lack of care and concern with their service. I would deem this as cruel and unusual punishment. We have not been treated with dignity, honesty, or respect. I would call this inhumane. There is now research stating that this is done purposefully. I faithfully made payments for 10 years, and never missed a payment. ( I was threatened with language that I would lose my PSLF eligibility if I missed just one payment ). It is absolutely unprofessional to treat any human being in this manner. All phone calls are recorded with customer service representatives and I would love to listen to all the misinformation I was given. We have emailed ( XX/XX/2023 ) and documented my wifes 13 years of PSLF and have received zero communication about this. We have faithfully served and held our end of the bargain with our commitment. Why does Mohela get to keep playing head games with our livelihood? Mohela has made us feel terrible and insignificant."
4911,i requested to the credit bureaus equifax XXXX XXXX XXXX  to remove the derogatory accounts that were not mine i submitted an identity theft report and the stated that the information was verified without and documented proof
4912,""" List of accounts below has violated my federally protected consumer rights to privacy and confidentiality under 15 USC 1681. 

-XXXX  XXXX -XXXX  XXXX -XXXX XXXX XXXXXXXX XXXX I looked at my XXXX credit report on ( XX/XX/year> ) and noticed some things are incomplete and not accurate. According to the fair credit reporting act whenever a consumer reporting agency prepares a consumer report it shall follow reasonable procedures to assure maximum possible accuracy of the information concerning the individual about whom the report relates according to 15 usc 1681 ( e ) ( b ).

And according to 15 USC 1681 5 they are supposed to do this ( 5 ) Treatment of Inaccurate or unverifiable information.

( A ) In general, after any reinvestigation under paragraph ( 1 ) of any information disputed by a consumer, an item of the information is found to be inaccurate of incomplete or can not be verified, the consumer reporting agency shall- ( i ) promptly delete that item of information from the file of the consumer, or modify that item of information, as appropriate, based on the result of the reinvestigation, and ( ii ) promptly notify the furnisher of that information that the information has been modified or deleted from the file of the consumer.

According to 15 USC 1681s-2 they are supposed to not furnish any information relating to a consumer to any consumer reporting agency if the person knows or has reasonable cause to believe that the information is inaccurate."
4913,"I had tried to apply for help with our mortgage, when I asked if they had any COVID Relief programs they said no because we were not caught up on our payments and until we were caught up on our payments they did not have any programs to help us. We are a low income family already. XXXX XXXX was laid off and I was the only income holder at the time trying to keep our lights on and our internet going with XXXX Children in School. We had been giving them everything that we had but due to XXXX and a preexisting condition I and to quit in XXXX of this year. Now we are near the end of XXXX and may be foreclosed on and I feel that if they would have had help instead of sorry about your luck hear is a forbearance plan and you need to pay up by XXXX."
4914,"we received in the mail ; Make home affordable which they stated would take almost XXXX what we owed lower house payment to XXXX a month just follow rules on card. You had to be late on home, payment wise it seems this was a scam. So I went to NFCU to try to get home loan caught up. The girl at the bank sat there as we were waiting for a answer, I was also willing to use my paid off XXXX Toyota as collator. As the girl in bank was laughing at what was suppose to be a loan, I was denied. I hope people like her, one day happens to her .It was bad enough to get scammed let alone where you do your banking was just as bad.Dont assume your bank is there to help you. Infact it all started with a complaint against the bank. Someone was trying to use my DEBIT card all over the world, I asked for paperwork on where exactly this happened I was denied.This all started over the theft of Tmobile phone"
4915,"SPS Servicing also known as Select Portfolio Servicing, Inc. constantly requests for documents and are always unsatisfied with requested documents when submitted. They are not willing to offer me a payment plan after the pandemic hit. They are not willing to make any kind of offers but to trick me by saying that the package I submitted was completed and a couple of days later, it gets rejected. This has occurred multiple times and has not ended. I am not looking for the loan to be forgiven, but to have options of paying for it. Now they are not allowing me to make any payments, putting me further behind into debt. This company has returned my payment of {$2000.00} mortgage payment and sent me a notice to pay the full amount in order for them to accept it. I have made them aware I was facing hardship because of the pandemic, along with being on military orders while facing divorce proceedings. This heartless and unethical of them to try to trick and block homeowners from paying their bills on time and the case XXXX is not truthful and always says my case is pending and under review for resolution. Nothing else is ever needed when asked if there was anything else required, but rejection notices always seem to follow shortly after. This cycle just repeats and now I have been referred by their attorney for foreclosure proceedings."
4916,"I sold a website to XXXX XXXX for {$1700.00}. As the beneficiary, XXXX XXXX  tried to pay me through XXXX XXXX XXXX XXXX on XX/XX/2022 and the fund ended up at Wells Fargo ( an intermediate ) on XX/XX/2022. Wells Fargo couldn't apply the fund due to my account 's limitation that I wasn't aware of at the time - wrong account type ( XXXX  doesn't allow international wires )- so it was returned to the originating bank, XXXX XXXX XXXX XXXX  on XX/XX/2022. Confirmation ( from Wells Fargo ) is required for the availability of this fund. XXXX XXXX XXXX XXXX claimed they have submitted several confirmation requests ( including follow ups ) but Wells Fargo isn't responding."
4917,"I had to contact XXXX because my account was on hold and I needed to transfer funds. The rep I spoke to instructed me to call him back so he could remove the hold. I did so once the money was in my bank account. 

He instructed me to initiate another dummy transfer to reactivate my account. After transferring the money, he cut the line. I called back but the line was no longer active. 

I immediately called my bank and they could not cancel the transaction. I lost {$3800.00}"
4918,"I have my Mortgage through XXXX XXXX XXXX. I called them the early part of XXXX when I received a letter about mt Escrow shortage. They explained to me that I will have to call my old insurance company myself to request the money back that my mortgage company paid when I had found another home owner insurance company. However, I called and requested the money back from me mortgage company that had paid them from my escrow account. I have now been calling them since Saturday XX/XX/2023 until current today XX/XX/2023 to put money back into my account to get my payments back low. The website was down all this time, the call center was closed and a recording stated the no one can access your loan information at this time due to a system outage please try again later. Noone from this company sent out any notification to the customers and they just left everyone in limbo. I finally received and email today stating the website is back up and running. I tried to call again today and no one is still answering the phones they keep hanging up like it's after normal business hours. This is not professional at all when it comes to someones home and not knowing what's going on and can't talk to anyone from a big financial company as XXXX Loancare suppose to be. I'm not sure how and when I can speak with someone to get my issue resolved and taken care of. I have no other choices because it feels like my mortgage company shut down with no other options made available to there clients. Someone needs to address this and someone needs to be held accountable for some nonsense like this."
4919,On my XX/XX/year> I received a tracking number for my check to be returned to me and was told 2-3 business days. It is now the XXXX Ive yet to receive my check and every time I call no one can give me an answer.
4920,Ever since Navient took over this loan they do everything they can to access fee 's to the borrower. Today is XX/XX/2002. I logged on to pay my payment which is due the XXXX of each month. They are showing the loan as PAST DUE so they can access late fee 's to the account. I then try to pay extra and of course they want the XX/XX/2002 payment as well now. This organization has done everything they can to XXXX the borrower of loans with them!!!!!!!!!
4921,"Because of COVID19 my husband and I lost our income when the governor of CA ordered everyone to go home. This meant no more income for us. 
We tried to work and navigate with our credit card companies but CapitalOne refused to reimburse us the late fee our account incurred. 
On XX/XX/XXXX, because we have had no income it was hard to pay this credit card and they charged {$22.00} for late fee. I tried to have it removed and they couldnt help. 

CapitalOne is a XXXX dollar company and they cant help a client with a {$22.00} late fee? 

I am requesting that the CFPB protects the interest of the American citizens being taken advantage of by unscrupulous CC companies"
4922,"Block , Inc also deprived Cash App users of meaningful and effective customer service and left the network vulnerable to criminals defrauding users. While Block included a telephone number on the back of its Cash Card and in its Cash App Terms of Service, for many years this telephone number did not connect consumers to customer support of any type. Instead, it led to a pre-recorded message directing consumers to contact customer support through the app. Consumers could only contact Block through the app or through U.S. mail and were often met with delayed, inadequate, confusing, or inaccurate responses. Consumers looking for an alternate route to Cash App customer service through web searches were targeted by fraudsters posing as Cash App representatives, who tricked them into giving up their passwords and other personal information. Block knew that its customers were being targeted by fraudsters in this way but failed to take timely action to address the issue.

Enforcement Action"
4923,"* * Subject : * * Formal Complaint Against LVNV Funding, LLC Failure to Validate Debt and Improper Collection Practices I am filing this complaint against LVNV Funding, LLC regarding their attempt to collect an alleged debt that I dispute in full. LVNV Funding has contacted me claiming I owe a debt ; however, I do not recognize this obligation and have not been provided with sufficient documentation to validate the debt as required under the Fair Debt Collection Practices Act ( FDCPA ). I have requested proper validation of this alleged debt, including but not limited to : * A copy of the original contract or agreement bearing my signature * Documentation showing the complete chain of title/ownership of the debt from the original creditor to LVNV Funding, LLC * Proof of assignment or transfer of the debt, including all intermediary parties * A copy of any forward flow agreement or purchase agreement related to this account * The name and address of the original creditor, the original account number, and a full account/payment history To date, LVNV Funding has failed to provide adequate documentation to substantiate their claim. Despite this, they continue attempts to collect and/or report this account to consumer reporting agencies. This conduct is concerning and may constitute violations of federal law, including : * Failure to validate a disputed debt * Continued collection activity without proper verification * Potential inaccurate or unverified credit reporting I respectfully request that the CFPB investigate this matter and require LVNV Funding, LLC to : 1. Provide full and proper validation of the alleged debt, or 2. Immediately cease all collection efforts, and 3. Remove any negative reporting associated with this account from all credit reporting agencies Additionally, I request that all future communications regarding this matter be conducted in writing. Thank you for your prompt attention to this matter. Sincerely, XXXX XXXX"
4924,I have multiple charges from XXXX that were cancelled and not refunded. I ended up booking with the hotel directly and was charged the correct amount there. This happened twice and i have not recieved any help from my bank. I also notified them of 3 charges for XXXX dollars and one for XXXX dollars from a company in XXXX that i had never heard of.
4925,"On XX/XX/2023 I sent money to my girl in XXXX, she has not receive the money with was meant to arrive for his sisters birthday on XX/XX/XXXX which is a problem because the money has already left my bank, so what happened to the money I sent? Where is my money? The receipt I have says that is its processing but its been over a week and this transfer is still up in the air. No one has reached out to me and told me why my money is in the air. This is very unprofessional and time consuming, Im not satisfied at all with this service"
4926,"My lease ended in XX/XX/year>, and I returned the XXXX XXXX XXXX back to the dealership in great condition. During the turn in process I asked if there were any other costs that needed to be squared up and was told nothing further need to be done. 
Scroll forward into XXXX and I noticed my XXXX XXXX dropped by XXXX points. I looked through and noticed GM Financial had added a fee of {$390.00} ( XXXX XXXX ). At this point, I know you guys have likely gotten a slew of these types of complaints I'm sure. 
But, anyways, I paid {$1500.00} upfront that was supposed to take care of all of this type of stuff. When I reached out to the XXXX XXXX XXXX dealer I got the run around, so I called GM Financial directly and got stuck on hold for over an hour. 
I've since paid the {$390.00}, and my XXXX XXXX got hit again for XXXX more points because of the timing in paying the bill. 
This is ridiculous! There shouldn't be a fee for taking the car back, and I think it's really crazy to have to whip out a three-year-old contract to ensure people don't get screwed because you think these dealerships should know what they're talking about. 
Disposition Fees are absolutely predatory, and I hope they are no longer allowed. 
Really makes me sick to my stomach to see GM automated systems destroy my credit with charges I'm completely unaware of. 
XXXX months ago, I had an XXXX credit score.. today I have a XXXX because of GMs absolutely horrible process concerning these disposition fees."
4927,"Account XXXX (XX/XX/XXXX ) : Balance {$760.00}, acct ending XXXX, seller : XX/XX/XXXXBank.I disputed this account withXX/XX/XXXXand requested validation from Portfolio Recovery Associates ( PRA ). PRA responded with a generic letter but did not provide a signed contract, full account statements, or proof of ownership as required under the FDCPA and FCRA. Instead, they simply stated that the debt was purchased and reported it as under investigation while continuing to furnish negative information.

This is inaccurate, misleading, and incomplete reporting. PRA can not verify the debt properly but continues to damage my credit by reporting and updating monthly. This is a violation of my rights under the FCRA XXXX and FDCPA XXXX."
4928,"I am submitting this complaint to formally request the full discharge of all student loans previously held by XXXX. This request is based on XXXX  's deceitful practices, misrepresentation, and failure to provide accurate and transparent information regarding my loan repayment options. My student loans have been in place since 1999, and have been waining on my since that date. 

From the outset of my loan, XXXX  consistently misled me and denied me access to Income-Driven Repayment ( IDR ) plans that could have made my payments manageable and qualified me for forgiveness. Despite my repeated efforts over a 10-year period to enroll in IDR, Navient obstructed the process by labeling my applications as "" Action Required, '' ultimately leaving my requests incomplete. Instead of offering viable repayment options, Navient repeatedly steered me into forbearance or deferment, resulting in significant capitalized interest and an exponentially increased loan balance. 

These deceptive actions have inflicted immense financial strain, fiscal hardship, and mental distress. XXXX  refusal to provide honest and fair guidance has caused unnecessary suffering and placed a long-term burden on my financial well-beingburdens that could have been avoided if I had been informed of my IDR options earlier. 

XXXX  's behavior demonstrates a clear pattern of prioritizing profits over borrower welfare, violating principles of good faith and fair dealing. I am holding XXXX  accountable for its role in misleading borrowers like myself and demand justice in the form of full loan discharge. 

I urge the CFPB to take this matter seriously and ensure that the financial harm caused by XXXX predatory practices is rectified. I look forward to your prompt action on this issue. Thank you for your consideration regarding my request for resolution regarding this egregrious matter. I hope to resolve resolve and communication of resolve in the form of full forgiveness of my loans."
4929,"BBVA Compass is not allowing me to close my account. They told me that they will close my account so long as there are no transactions within 30 days. They have taken out funds from my account when and have a note it is for some type of offset. After a week, I call back to check on my account because of this "" offset withdrawal '' and there is no record of my calling about the account to be closed. I live in NJ, and there is no BBVA Compass in NJ or NY for me to handle this at a branch. Each time I call, I hear a new statement. Agents are not entering in notes. The bank keeps transferring funds between checking and savings account which leaves me with overdraft fees which they will not refund. I need to close this account as soon as possible because this bank is not capable of doing anything except stealing consumers finances. 

The last representative I spoke with is XXXX : Employee XXXX He did not allow me to speak with a supervisor. 

Now living in another state, I have to call a branch and investigate the debit memo myself. I do n't believe that is my job. If I am calling a bank to help me figure out something, they should have the courtesy to follow up with the branch and see why this happened. Instead of me explaining my story to multiple people when there are no notes being made in the account anyway. Overall I would like to prevent any of my money to go to BBVA Compass."
4930,My company XXXX XXXX XXXX ( XXXX XXXX XXXX  ) applied for a PPP loan on XX/XX/XXXX with my personal banker XXXX XXXX ( Frost Bank XXXX Tx ). All of my workers were 1099 misc workers which made up the majority of my payrolls. My application was approved and funded on XX/XX/XXXX. At the time my application went thru and was approved 1099 misc workers were allowed to be used for payroll on the PPP loan. I submitted for forgiveness in XXXX of XXXX. My bank came back and said the loan couldn't be forgiven because the new rule that came in effect after my application was submitted and approved stated that independent contractors ( 1099 misc ) could not be used towards PPP loans. I received my loan and dispersed the monies exactly as intended by making sure all of my workers had a paycheck each week to get there bills paid and to stay afloat. This should fall on the banks shoulders as the loan never should have been funded if it was not going to be forgiven. I have been sent a business loan payment notice in the mail and i have a payment of {$59000.00} due on XX/XX/XXXX. I do not have this money to pay them back as the monies from the loan were depleted long ago after i received it. I will attach original loan application along with everything i submitted to the bank back in early XXXX. I will attach my loan forgiveness application as well. Thank you
4931,"After dealing with a full-blown scam/extortion on XXXX and filing an FTC report, ( report XXXX XXXX ) I reached out to Chime to try and recover funds ( {$400.00} total ) as instructed per the FTC. As always, there was a frustrating communication struggle between the representative and myself due to English not being their first language. After repeating myself multiple times, slowly, spelling all names letter by letter and amounts one digit at a time, I was given a claim number ( XXXX XXXXXXXX ) and told to check my email for a link to upload any information to help explain my case. Upon checking the email I realized not all of the information was listed on the claim. I was missing one of the names and the amounts associated with it. ( XXXX XXXX {$25.00} {$25.00} {$25.00} ) Only XXXX XXXX, XXXX XXXX, and XXXX XXXX were listed on the claim. So the representative filed a second claim, ( XXXX XXXXXXXX ) which should have been included on the 1st claim and was done incorrectly. Again a link was sent to my email and I uploaded the same report from the FTC as I did on the first claim. On XX/XX/year> I received a credit back to my account for the first claim amount ( {$330.00} ) and nothing for the second claim which had been denied. I called Chime to ask what was going on and they said I could reopen my second claim and try again, checking my email for a link, and uploading any supporting documents. So again I uploaded my FTC report. On XX/XX/year> I received an email denying my second claim again. I called Chime and once again I am trying to appeal their decision. There should have never been two claims and there has been no explanation or understanding as to why the first claim would be accepted and the second denied twice. I am STILL trying to recover the last {$75.00}."
4932,"I am writing this complaint concerning an inaccurate account and violations per the FDCPA and FCRA regarding an alleged debt place on my consumer reports by a debt collection company called SST. I have never had communication from this company. I have disputed this alleged debt through the consumer reporting agencies, and it returned verified as accurate when the account is in fact inaccurate. I have mailed this company a debt validation letter and I did not receive a response. I did not receive any disclosures regarding this debt, and I did not receive enough information regarding this debt. SST is damaging my reputation per 15 USC 1692d1, they are violating 15 USC 1681s-2 ( a ), and the fact that they did not validate the alleged debt, verified it as accurate as accurate, but continued to report inaccurate account information regarding this alleged debt constitutes fraud per 18 USC 1001 . This company does not have a license to collect in the state of LOUISIANA. The account they furnished is also missing payments. The payments start as "" 90 days late ''. This is account is practicing deceptive and abusive behavior."
4933,"This is in reference to the initial complaint submitted on XX/XX/2023, CFPB number : XXXX. The original issue was never resolved. After receiving copies of coverage from both the insurance company and mortgagee, Freedom Mortgage continued to state there is no insurance coverage. Additional insurance was purchased with escrow funds. It is because of this there is an escrow shortage. The "" CERTIFICATE OF INSURANCE FOR COMMUNITY ASSOCIATIONS '' specifically states the following under remarks : All premiums paid in full by Association.

Property Manager is included on the XXXX XXXX. 
Lender Email : Waiver of subrogation against unit owners is included. 
Covers interior walls and fixtures as originally built. Wind/Hail is included under Property coverage. 

Please do not close this complaint without contacting the mortgagee."
4934,"Navy Federal Credit Union has gotten progressively dangerous to their members. Average hold time is over 45 minutes to make routine banking transactions. 

On XX/XX/22 NFCU charges me for a NSF fee when I had the proper amount of money in my account to cover an ACH. They laughed at me and then put me on hold for 30 more minutes. They are deceitful and their business model makes it nearly impossible to resolve any issues. 

Please help. Thanks for your time and for grounding these entitled institutions that prey on military. 

XXXX"
4935,"I Purchased a Printer from XXXX XXXX Via Online on XXXX PAID by WELLS FARGO XXXX Credit CARD was Completely PAID. And I received Est. XX/XX/2021 only Printer Fallowing few days Later. Received a XXXX XXXX. So I arrange a Technician to Come to my HOME office to Install for me. I was Excited with my NEW XXXX XXXXXXXX. 
Tech he did Fallowed Step by Step instruction to hock-up with Power / Computer . Before Test Print. he did assure all the Cartridges are in Place. So he Powered the Printer. First thing we heard is a High pitch Noise. And Printer did not Complete it's. Functions to Complete the it Process. So he Discover Opening the Printer Cartridge Door. One of Cartridge BLUE was Not Ejecting as it Suppose to.

I immidetly Call XXXX. XXXX XXXX XXXX number. Un-Lucy to get Connect a tecnical Support. HOLDING 20-30 Minutes. 
So I jump to XXXX. Returns Site and found out it's not that XXXX to obtain XXXX from XXXX. FIRST, We have XXXX XXXX XXXX once it submit XXXX. will Review Case by Case to authorize a XXXX. And this Process could take weeks. 
It Means just Because XXXX shipped XXXX XXXX. I have Snuffer NO Printer, NO MONEY. Wells Fargo Visa. STOP letting it Customer to File online Dispute. You are SCREWED."
4936,"The realtor has terminated the contract for the XXXX XXXX XXXX IL house. Due to the lender being unable to finalize the loan. XXXX I have to say that I am disappointed in the unprofessional, chaotic way in which this loan was handled. Documents sent, never seem to be put in the correct file. There was a cancellation of file # XXXX that held documents not transferred to the new # XXXX file. Resulting in missing information, or miscommunication of documentation already sent. Then the Appraisal was done when there should have been a recount of documentation first. Causing me to loose my XXXX XXXX dollars towards the purchase, of what looks like a loan that was doomed to be denied. Shouldn't have the XXXX been determined during precertification? Resulting in a waste of time for the Seller, Realtors, and myself."
4937,"The company I am filing the complaint about ( LOANCARE ) was the initial servicer of my newly refinanced mortgage. Prior to the due date of the first mortgage payment I received notice of a change to my servicer along with a request from the new servicer to make payments to them instead of LOANCARE. I contacted the new servicer by phone and received confirmation, so from the start ( approximately XX/XX/2020 ) my mortgage payments have gone to the new servicer. The problem is that LOANCARE continues to bill me on a monthly basis for the mortgage, and even though I have contacted by phone multiple time and by writing one time, they continue to bill me. Today I was notified that LOANCARE has placed a delinquency report with XXXX, so now my credit rating has been damaged."
4938,Have a state tax lien that is not mine I already disputed on the XXXX credit bureaus and called the franchise tax board and as of last week the clerk said the lien would be removed in 104 days and she verified the name of my ex husband and his address as I believe he is the one who committed this fraud XXXX XXXX XXXX
4939,"In XXXX of 2014 I received a collection letter claiming I owed money for a debt to XXXX. I never banked with XXXX nor did I ever carry a loan of any kind with them. The collection agency and collection account is labeled below. 

Portfolio Recovery - Open Collections - {$6300.00} - XXXX I disputed this debt with Portfolio Recovery on XXXX/XXXX/14 as I have never carried a debt with XXXX. They failed to validate the debt with me according to what is required in the FDCPA. They also failed to report at anytime this debt having been disputed by me. Enclosed you will find copies of my correspondence with them. 

Dated XXXX/XXXX/2014 - This is the request for Validation I sent to Portfolio Recovery Dated XXXX/XXXX/2014 - Having received no response after 30 days this is my letter stating they are in violation of the FDCPA section 809 ( b ) and to immediately remove the listing. 

Dated XXXX/XXXX/2014 - I received this letter from Portfolio Recovery in response to my Validation request. Notice this is Verification Information and not Validation according to the FDCPA section 809 ( b ). They have not proved they are the owners of the debt now and are legally allowed to collect said debt. They have provided none of what was requested in my XXXX/XXXX/14 letter and have not even provided an address ( as required by the FDCPA once again ) of the original creditor. 

Dated XXXX/XXXX/2014 - I sent them a final letter informing them that they were still in violation and I would be filing against them in court to have this removed. This is the last correspondence we have had and the record still appears on my credit report. 

I sent all these correspondences in a detailed dispute letter to each credit bureau and to this day received no response from the credit bureaus and the record still shows on my credit. 

I have all detailed correspondence and mail receipts all saved and just seem to have run into a brick wall."
4940,"I have an account with Coinbase since XX/XX/2017. My identity got verified, and I started adding money to this wallet and transacting in cryptocurrencies. On XX/XX/XXXX, trading was XXXX on my account when I tried to add a new bank account. I sent in requests to check what the issue was, but I never received a response. After a few days on XX/XX/XXXX, I finally was able to get a hold of a customer care rep on the phone after holding for XXXX hours, who gave me a case # XXXX. She told me that she had expedited my case and specialists would be looking into the matter, and it should be solved within XXXX business days. By this time, I was not able to log into my coinbase or XXXX account. I was not able to access any of the funds in my account, conduct any transactions of buys/sells, or transfer my money to a different platform. I didn't hear from them for another month. I called customer service again on XX/XX/XXXX to check in, and the customer service rep was confused about why the case was taking so long or what the issue was, but said that specialists were still looking at my account and would be in touch when the issue had been resolved. It's been 15 days since then XXXX XX/XX/XXXX today ), and I haven't received any communication from their side. I still can not log into my account or access my funds. Coinbase is taking an obnoxiously long time to enable trading on my account again. I should at lease be able to log into my account and move the funds away if I want to. This is absolutely frustrating."
4941,"XXXX XXXX Apartments charged my family for ( nonexistent ) damages. XXXX XXXX has no record of me or my husband living there and can not prove the damages. 
XXXX XXXX Apartments never submitted a bill, email or phone call. Never contacted me or my family regarding the damages. 
XXXX XXXX Apartments submitted a claim to National Credit Systems, again without contacting us.

National Credit Systems fraudulently filed the claim. By law : Within 5 DAYS of first contacting you, the debt collector must send you a letter telling you : the amount of the debt, the name of the creditor, information about what you can do if you think there has been a mistake or you dont actually owe the money. You have thirty days from receipt of this letter to dispute the debt. National Credit Systems never gave us any of the above information or allowed us to file a dispute claim.

We have been calling, asking for the correct paperwork to file with the National Credit Systems for over 8 months. No information has been provided."
4942,"On XX/XX/XXXX I XXXX XXXX # XXXX have been in the Oklahoma Department XXXX XXXX since XX/XX/XXXX serving a 25 year prison sentence. 
I Submitted a dispute for a checking Account beeing opened up in my name due to fraud, I sent is by way of Certified mail XXXX XXXX mail XXXX. Bank of Oklahoma never responded back. But yet this bank has Is filed a lawsuit against me in XXXX in XXXX XXXX XXXX XXXX Had this bank Done their due diligence and answered my dispute they wouldve have seen Ive been in the Oklahoma Department XXXX XXXX XXXX XX/XX/XXXX and would have been Is impossible for me to have opened this account. I ask that XXXX XXXX bank of Oklahoma to answer this complain"
4943,"Subject : Formal Complaint Against Chase Bank for Unjust Closure of Checking Account and Withholding Funds To Whom It May Concern, I am writing to file a formal complaint against Chase Bank regarding the sudden closure of my checking account on XX/XX/2023, and the subsequent withholding of my funds totaling {$7000.00} for over five months. Despite numerous attempts to ascertain the reason for this action and the status of my funds, I have been met with unhelpful responses and prolonged delays. 

On the aforementioned date, without prior warning or explanation, Chase Bank abruptly terminated my checking account. Since then, I have made persistent efforts to seek clarification from the bank regarding the circumstances surrounding the closure and the release of my funds. However, each time I have reached out, I have been met with vague responses and assurances that my case is "" under investigation. '' As a result of this unjustified account closure and the prolonged withholding of my funds, I have faced significant financial hardship. I was laid off from my job and relied on the funds in my Chase account to cover essential expenses such as rent and living expenses. The inability to access these funds has exacerbated an already challenging situation and placed me in a precarious financial position. 

I demand immediate action from the Consumer Financial Protection Bureau to investigate this matter thoroughly and ensure that Chase Bank promptly releases the entirety of my funds without further delay. Additionally, I urge the CFPB to hold Chase Bank accountable for its lack of transparency and failure to provide adequate justification for the closure of my account. 

Thank you for your attention to this matter. I trust that the CFPB will take swift and decisive action to resolve this issue and ensure that consumers are treated fairly and justly by financial institutions."
4944,"In an attempt to mitigate any sort of credit issue, I called Navient Student loans ( with whom I have private and federal loans with ). I recently lost my job, and was attempting to put my loans into forbearance or deferment. Navient charges {$50.00} per loan for a 3 month Forbearance period. For the XXXX loans in my name, that was a total of {$150.00}. It is {$150.00} of which I dont have at the moment due to my loss of employment. Prior to this, I had always made my payments on time. If by some happenstance, I were to need more time, I would need to pay an additional {$150.00} to extend out the forbearance period for an additional 3 months. After hours of talking to different operators and managers, Navient 's official position is that they do not offer any non-payment options for their private student loans. As I am now unemployed, this will likely affect my credit rating, and snowballs into a larger debt problem that I may not be able to climb out of for several years at best. I wish to warn any who read this to STAY AWAY from PRIVATE student loans, and Navient especially, as they are extremely unfriendly towards their borrowers."
4945,"I want to start off by saying that I'm not admitting to this debt. I would like to do business with your company if you agree to the following terms. ( XXXX ). Remove the debt above from all three credit bureaus within XXXXdays of payment. ( XXXX ). Send me a letter stating that the account above will be deleted. ( XXXX ). Stop all debt collection activities. If you agree to the above terms, I will pay your company the full balance of this debt as soon as I receive this signed copy back from an authorized representative with the power to make this deal. Failure to delete : I just want to ascertain that you honor your side of the agreement. If the item is not deleted as specified in this agreement, I will be entitled to {$500.00} compensation for breach of contract"
4946,"I inquired about the ( XXXX ) .Modification program. Carrington Mortgage Services.LLC immediately stated I did not qualify according to Under Writing. Idid qualify for XXXX Year loan modification. I upon my request of forbearance during XXXX Carrington implied that I give specific reasons for the forbearance. An to qualify for extended forbearance more than 90 days, I had to go into the portal make another request. XXXX XXXX New modification XXXX year loan modification With improperly {$250.00} legal fees, {$280.00} interest over the term of the loan. when the current loan was supposedly in Extended forbearance status until XX/XX/scrub>XXXX XXXX, I strongly believe these are unfair and deceptive and abusive business practices. Why was I not given other options? Like repayment plan to bring my Mortgage current? via email ; to XXXX XXXX"
4947,"Company called XXXX XXXX are posing as pay-pal, XXXX, XXXX XXXX and other times just as pay-pal employers. 

Asking for information by sending fake charges via email, and posing as fixers of the debt owed. Doing this they ask for your information where they actually are moving forward with charges"
4948,"Improper use of report ; 1 ] In accordance with the fare credit reporting act this creditor has violated my rights, under 15 USC 1681 section 602, states i have the right to privacy.

15 USC 1681 Section 604 A section 2, also states a Consumer reporting agency can not furnish an account with out my written instruction.

Under 15 USC 166 B, a creditor may not treat a payment on a credit card account under a open end consumer credit plan as late for any reason.

I have hired a credit repair service to help in this situation, unfortunitly this has been a long and expensive process. XXXX XXXX XXXX. I have recently had to cancel service."
4949,IQ Data is falsely reporting on my credit report. Ive explained to XXXX XXXX XXXX that this account is not mine and belong to someone else. I asked I.Q data are they a XXXX  the name of the apartments thats saying owe them and I was told no. So I asked for a copy of my signature and never received a copy with my signature on it.
4950,"I made a payment of {$5400.00} on XX/XX/XXXX. On XX/XX/XXXX, an automatic payment for {$120.00} paid the remainder of the balance. OneMain claims the payment of {$5400.00} was returned by my bank, XXXX. The payment was not returned and it was debited from my account. I provided OneMain with my XXXX bank statement showing the payment was not returned. My online account with OneMain does not show this payment was returned in the payment history. I have made several requests to OneMain to provide documentation to support their claim. They have not provided documentation. I have only received a letter from OneMain declaring they confirmed the payment was returned after completing a thorough review. In the same letter, OneMaine stated the payments totaling {$13000.00}. {$5200.00} toward interest and {$8600.00} toward principal. The original loan amount is {$8200.00} which means, per OneMain, I have paid back the principal balance. This issue is still unresolved Additionally, the statements for XX/XX/XXXX, XX/XX/XXXX and XX/XX/XXXX indicate there is Monthly Obligatory Amount Due as {$0.00} with a Past Due Amount of {$5300.00}. OneMain claims when the system the payment was made, it satisfied the monthly payments to XX/XX/XXXX but when the payment returned and the system reapplied the balance it will not undo the payments. This process is harmful to customers because it is deceptive."
4951,"I have a 2 prong situation : My loan company is pursing foreclosure and is not adhering to the "" Covid Guidelines '' and have set our loan to their foreclosure attorney,,, regardless that I have explained that we have been impacted first hand with several layers of "" XXXX '' 1. both of lossed our jobs 2. we both contracted XXXX 3. we have ongoing and underlying issues XXXX and XXXX effected with XXXX sent this in writing also. 

2. I had no idea that this office existed to assist on protecting us in XXXX when SPS added over ( more than the actual loan amount ) XXXX XXXX in charges fees and ect on our original loan ... I only owed XXXX and now they tacked on making my balance over XXXX,,,, again being bailed out by the government and now double dipping and strong arming us back tacking more debt in order to keep our property."
4952,"My lease through the XXXX dealer was with U.S. Bank. When its time for me to either purchase the car or turn in the car it is set up So I can not take advantage of the equity Ive earned in my car. Im only allowed to sell it to three different companies. XXXX, XXXX and XXXX. 
What is extremely unfair, and I believe criminal, is that my payoff is {$23000.00} as of today. XXXX has agreed to pay me {$26000.00} for the car. However, when I go to XXXX for a payoff amount, US Bank gives them a far different payoff amount which is much higher. The payoff as of the same day is {$30000.00}. To further cause problems so I cant receive my equity.for me to purchase and then turn around and sell. I have to send in a written check along with documentation that they will send me and then they will turn it into the XXXX and I will receive XXXX XXXX in excess of 30 days from now. The value of my car will drop in 30 days, I believe they count on this so they can take my XXXX in my car and then turn around and sell it straight to XXXX and obtain the dollars for themselves. When I purchase a car or sell a car to a dealership, the title can electronically be sent to me and if I dont have it when I sell it to the dealership, they can duplicate XXXX on the spot so they can sell a car. Why do I need to go through this Title the answer is because they can steal my equity. All of my payments can be electronic to US Bank except for this payoff. I dont know if its just US Bank thats getting the money or do they give rebates back to the dealerships? 
At this point, I have not even tried to turn in the car and Im sure that they will try to charge me more dollars for end of lease turn in or wear and tear ( vehicle is in great shape ) or something of that nature when I already know the car is worth {$2400.00} More than the payoff."
4953,"This lender is usuriously charging interest on this loan, after paying 3x min payment for a year my balance has only gone up. When I signed a contract with them they obligated it would be 18 months no interest. Upon checking records I am paying 40 % interest for every 100 % payment made, meaning the APR is very illegal in the state of California and what this company is doing violates multiple lending laws."
4954,"Specialized Loan Servicing LLC XXXX. XXXX XXXX XXXX, CO XXXX, they are a second mortgage based on a refinance. For the last 7-8 months they have not sent a monthly statement. I have requested several times for monthly statements to be mailed or at least emailed. They refuse. They tell me that they no longer send statements because of the cost of paper. When I asked to have it emailed to me, I was told they would not do that and I would have to go online and login each month to view my monthly statement. I asked if there were any exceptions and their customer service told me No. I believe this is against the rules. XX/XX/2021, I spoke to a Customer Service Rep named XXXX that said there was nothing he could do about it."
4955,"Hi, I preordered a Tesla Cybertruck from Tesla. It was a refundable XXXX dollar order. I canceled it six months ago and I was promised a XXXX dollar check. I have still not received the check or a credit to my credit card. I tried contacting them by email and phone and they have not responded. My order number was XXXX"
4956,I have been paying this loan for many years. Then my school closed and now I don't have access to get any copy of my transcripts or anything. I can get records that future jobs require and no proof I graduated. This is horrible and a true financial burden on my life.
4957,"XXXX XXXX XXXX XXXX XXXX always has payment website down when trying to make payment. When I call to make a payment I am told that they charge a fee to collect payment over the phone. 
This company requires an additional {$1000.00} to be held in escrow at all times to make sure the escrow is not short. Without providing explanation as to why"
4958,"I have an account with XXXX. I am a customer in XXXX. Had no problem until last Thursday XXXX XXXX where out of nowhere they stopped me accessing my account! No call, no email nothing. This of course has left me with a lot of stress and problems. They have my money in that account and I have no other funds! I have called and sent lots of messages to be told on every occasion the same thing.to be patient and wait to be contacted! This is easier said than done when you are a XXXX lady with no access to any money to live off. They have also stopped my scheduled bills which has caused me problems with the companies concerned. I have begged and pleaded with this company to ask them to call me so what ever the issue is can be rectified."
4959,"I am making my payments online XXXX XXXX. Maybe are received by company but not posted timely and I am being charged a late fee. 

Company had a change in address about XX/XX/XXXX and delays in posting payments. 

Please help me get a credit for the late fee charged by NewRez for XX/XX/XXXX, XX/XX/XXXX, XX/XX/XXXX, XX/XX/XXXX, XX/XX/XXXX and XX/XX/XXXX"
4960,I originally Borrowed {$1100.00} from XXXX XXXX XXXX since then I've made at least 5 payments With Only {$50.00} going towards Original debt I've been paying approximately {$300.00} every 2 weeks and still have an original debt of over {$900.00} I receive calls every week concerning my payment being made on time I have been paying it on time but the bill seems like it will take for ever to pay Off
4961,"Chime offered {$500.00} to refer a friend if they set up direct deposit. They paid me {$100.00} and said I am not getting rest. They do not dispute that I qualified they are just blatantly refusing to pay. 
When told I wished to file an SAR report I was refused by 10+ agents on their fraud department"
4962,"I called this number XXXX. I googled XXXX and XXXX gave me this number, this place inserted a app called XXXX XXXX this was on XX/XX/XXXX. On Saturday morning XX/XX/XXXX, I saw a suspicious app calledXXXX XXXX I immediately googled it and it's a app where they can actually take over your phone. I have screen shots of what cash app has and a screen shots as to where the money went. At XXXX am they tried getting into my bank account again I have emails where the bank did not let them in. I have a photo of the app that was inserted on my phone.today they tried getting into my XXXX ID. XXXX declined them I have that email also. I did not authorize these {$470.00} withdraw or the {$30.00} XXXX XXXXXXXX. Cash app says that I authoriz d it. I did nothing to authorize this withdrawals Sir please investigate this, please try to get my money back. My ID number is XXXX. This is my second complaint on this since I gathered more information."
4963,"I have requested that in three different occasions that each credit bureau XXXX, XXXX, and Transunion provided me with Original Level documentation from the Original creditors about the accounts reported. Neither the Credit bureaus nor XXXX XXXX XXXX were able to provide any evidence of account ownership from me, nor signed contracts where I owe XXXX XXXX XXXX any amounts at all. Hence another account was disputed because even XXXX was not able to produce such documentation."
4964,"I have applied for XXXX  during pandemic and to date I have 140 qualifying payments. I have provided work history from XXXX and it still hasn't been reflected. When the loan was serviced by Mohela, I had a record of 111 certified payments, however, the tracker skipped two years ( XXXX ) in the payment count. This inaccuracy has cause my student loan forgiveness to stall. There were at least 12 payment missing which would put me at least 132 payment. this discrepancy was not addressed before Mohela was transitioned to XXXX XXXX. Now my payment history and verified documents were lost in the transition."
4965,"I have been repeatedly contacted by a debt collection agency that I previously sent a cease and desist letter to. Despite this, they continue to call me and have now started contacting several of my family members. They do not identify themselves or explain why they are calling, and instead ask for my whereabouts and personal information. 

This behavior is extremely distressing and feels like targeted harassment. I believe it violates the Fair Debt Collection Practices Act ( FDCPA ), particularly since Ive already instructed them in writing to stop contacting me."
4966,"I rented a car for ridesharing purposes from a company called XXXX XXXX in XX/XX/year> and used a debit card associated with my Wells Fargo checking account ending in XXXX to pay a deposit of {$350.00}. After this transaction, the account was closed. On XX/XX/year> at XXXX XXXX, XXXX XXXX attempted a deposit to this card in the amount of {$350.00}. Wells claims they have no record of receiving this deposit."
4967,"On XXXX I purchased a bunch of XXXX gift cards from Paypal XXXX XXXX. Paypal XXXX XXXX was listed as the seller on eBay and they were the company that fulfills the order via email. Last week I attempted to use these gift cards and they say they 've already been used. I first tried to contact ebay but 30 days has passed so their guarantee is up. Then I tried to contact Paypal digital gifts but they referred me to sears who referred me back to Paypal who referred me to XXXX who referred me back to Paypal. My frustration increased when Paypal flat out refuses to send me new gift cards. I have the order numbers and all of the information. Their stance is its on XXXX to make this right. This is ridiculous! THEY are the ones I bought these from and its Paypal XXXX XXXX who is responsible for making this right, not the consumer. Please protect me, the consumer!"
4968,"I'm XXXX XXXX XXXX XXXX and I appreciate your taking the time to CORRECT some of the information in my credit file ; however, there are still other accounts that need to be UPDATED. The 3 credit bureaus must verify these accounts under Sections 609 ( a ) ( 1 ) ( A ) and 611 ( a ) ( 1 ). ( A ). I'm hoping that these disputed accounts get corrected. XXXX XXXX XXXX Balance Owed : {$250.00} ; XXXX XXXX XXXX XXXX Balance Owed : {$30.00} ; XXXX XXXX XXXX Balance Owed : {$9100.00}."
4969,"The debt collection agency BRYANT HODGE AND ASSOCIATE calls and text consistently all year. When you call back goes to voicemail. They use multiple numbers, they do not thru text or phone service identify themselves as debt collector or offer the mini XXXX which is required to collect debt, contact information I have is XXXX XXXX XXXX, they have bill payer service website site with an address in XXXX XXXX but in looking up the agency in the past based in XXXX XXXX"
4970,I was approved for a mortgage modification with Seterus because I 'm currently XXXX delinquent. Seterus is proposing a 40 year term to modify my mortgage for that small amount when I currently have less than 16 years left now. The modification include illegal fees and charges. This company takes advantage of the difficult times people are having and force them into terms that are probably illegal but benefits the company greater. This company needs to be investigated and the responsible people should be charged and jailed to the max.
4971,"A chime account was recently opened in my name. This started when I received unsolicited texts to my phone about a new Chime account. I assumed these were spam or fraud since I didn't initiate any application. I never provided ANY information to Chime. However today I received my new Chime card in the mail at my correct home address. 

I called their number at XXXX ( XXXX ) XXXX at XX/XX/year> XXXX XXXX Unfortunately they would not speak with me until i provided the last XXXX of my XXXX, which I refused a couple of times and insisted they verify me another way. After their refusal I ultimately did provide my last XXXX of my XXXX with great reluctance. I insisted that they close the account immediately The customer rep said this would be complete by XX/XX/XXXX, which is XXXX XXXX  from now. I will be monitoring."
4972,"i recently pulled my credit report. i found numerous of debt collectors fraudulent reporting on my credit report who i have not supplied proof under the doctrine of estoppel by silence, XXXXXXXX XXXX XXXX XXXX XXXX XXXX XXXX XXXXXXXX, i presume that no proof of the alleged debt, nor therefore any such debt, in fact therefore exist. PLEASE REMOVE FRAUDULENT COLLECTION FROM MY CREDIT REPORT. DISCOVER BANK XX/XX/year>."
4973,"Hello, Im filing a complaint against credit karma due to lack of information and mishandling client money. I have been locked out of my bank account for 3 days now with not 1 straight answer as to why. I have called everyday several times and all associates are following a company script saying just wait to be contacted. As an online bank how are you not reaching out after 3 days of blocking someones access to their funds. Furthermore, as a company if you dont even know the reason for the freeze how is the account not being unlocked. No request for info, identity, security questionsnothing. I stated several times that I have a XXXX XXXX old child and need access to my money, not one associate has helped."
4974,"Dear XXXX  XXXX XXXX XXXX, I am writing in response to the denial of my credit application. I would like to formally express my disagreement with this decision, as it has caused significant distress and is, I believe, unjustified based on my creditworthiness. 

As outlined in Title 15, Section 1691 of the Equal Credit Opportunity Act ( ECOA ), it is required that any denial of credit must be based on valid and verifiable reasons, and I have not been provided with adequate reasoning for the decision. My creditworthiness, as shown in my credit report, is sound, and I have consistently demonstrated responsible financial management. 

I would also like to clarify that under the provisions of the law, only the board of governors of the institution has the authority to deny an extension of credit. If the account is not opened as requested, I must rescind my application and seek resolution through other means. Should the matter not be resolved in a timely manner, I will be forced to pursue legal action to ensure that my rights as a consumer are respected and upheld. 

Additionally, I am prepared to sign a promissory note in accordance with the terms and conditions of your institution if the credit extension is reconsidered and approved. 

I trust this matter will be given the attention it deserves, and I look forward to your prompt response. 

Sincerely, XXXX XXXX"
4975,I checked my credit report because my score had dropped significantly and I saw a collection from the XXXX XXXX XXXX. I have never heard of them and can not reach them by phone ( it just stays on hold forever ). I have no idea who they are saying the original creditor was. I havent received anything in writing. I dont believe that this debt is valid or mine.
4976,"I recently switched jobs and I did a 401k rollover from my previous employer plan to the rollover IRA in XX/XX/2022. 

The previous employer 401k plan was offered by ADP through XXXX XXXX. The plan levied a hefty transaction charge of {$40.00} for the rollover transaction I made. I do not know who has jurisdiction over capping such high transaction fees. I read that you have recently proposed a rule to cap the late credit card fees to {$8.00} and was wondering if you have jurisdiction over capping transaction fees as well when an individual rolls over 401k from one plan to the other. I tried contacting XXXX XXXX  and they replied that this is the fees that they charge and they won't reduce or waive off the transaction charges. 

Please refer to Page 11 of the attached document of ADP that mentions the excessive fees - "" {$40.00} Distribution fee on all distributions except installment payments and return of contributions relating to testing results and IRS limits '' If you can provide me information on the agency who I can reach out, that will be great. 

Thanks"
4977,I made a payment prior to the XXXX of the month but the payment was n't credited to the account until days later. I was charged a late payment last month. The payment I submitted on the XXXX of this month has yet to be withdrawn from my account as of the XXXX. I am worried I will be assessed another late fee.
4978,"In XX/XX/XXXX, I lost my self-employed company and was unemployed for over a year, My wife and I started a Loan Modification with XXXX in XX/XX/XXXX. In summer of XX/XX/XXXX XXXX held a one day negotiating with several lenders present. Bank of America was our lender and sat down with XXXX to deliver a Fifteen year, fixed rate at 2.00 percent. We signed loan docs and our payments XXXX were based on fixed rate of 2 percent taxes and ins added. We were told the loan was approved and the payments would begin within 30 days. We were sent loan doc 's on XX/XX/XXXX but ( Loan Modification Agreement ) did not read the docs due to all of our personal issues and did not realize a reputable bank would scam a innocent home buyer. We have now found that we never were issued a fixed rate. In fact a ARM and a Balloon payment in the end of this loan. We now this is an illegal act and XXXX was not aware of the fraud and abuse by Bank Of America. The loan is currently with XXXX XXXX who denies all possible liability. I was given CFPB information directly by XXXX."
4979,"Dear CFPB, We are dealing with a scammer who clearly understands how to easily manipulate PayPal 's ridged and indirect dispute system, along with the carelessness of the PayPal phone support agent who originally opened our dispute with PayPal 's phone claim department. It is shocking how easy it was to abuse PayPal 's process and steal almost {$2000.00} from people trusting PayPal to process payments. 

The PayPal claims case is : Case ID : XXXX The total stolen from us is : {$1800.00} And the Seller : XXXX XXXX XXXX The merchandise XXXX XXXX XXXX shipped us were fake. The box was clearly preopened and resealed after being filled with completely different cards not of the same vintage set. 

The scammer then agreed to take back the fake merchandise and accepted the return request ( Please see attachments titled Image_1 and Image_2 ). 

We proceeded to print the return label and ship back the item ( Please see attachments titled Image_3, Image_4, and XXXX ). 

The scammer then proceeded to REFUSED the incoming shipment ( See attachments titled Screenshot_XX/XX/2019 USPS com - USPS Tracking Results ) knowing that was ALL that is needed to manipulate PayPal 's claim system! 

PayPal will Deny ALL claims as long as the victim does not have a signature from the scammer. 

I just got off the phone with a PayPal Supervisor at XXXX ( Eastern Time ) who outright admitted she was aware of how easy it was to abuse PayPal 's claims process by simply refusing returns. Looking online this scam is well known! 

Even though USPS clearly serves as evidence the scammer received then returned the fake merchandise PayPal 's inflexible system is dangerously easy to abuse in order to steal from consumers, and PayPal 's management admitted they are aware of this and knowingly allow it!"
4980,"Since falling victim to the XXXX, XXXX XXXX, Experian, and several other data breaches I have been unable to obtain my report and dispute anything on my report online. I only receive a message asking me to contact someone at the reporting agency. I would like to have my report unblocked as it has been more than 5 years since these breaches and I am in the process of repairing my credit. The inability to dispute online is hindering my progress tremendously."
4981,On XX/XX/XXXX I was contacted by XXXX XXXX to consoldiate my student loans and to enter in to a student loan forgiveness program. There contact information is XXXX address is XXXX XXXX XXXX XXXX . XXXX XXXX CA XXXX. Starting XX/XX/XXXX through XX/XX/XXXX the company ACH debited my account for each months for a transaction of {$100.00} and a seperate transaction for {$0.00}. i was contacted by XXXX my actual Department of Education Loan Servicer on XX/XX/XXXX stating that i was 177 days past due and was fixing to be in default with my federal student loan. i told them that i was working with a third party servicer paying them a monthly payment towards my loan. They informed me that i was involved in a student loan scam and gave me the number to contact CFPB. I have also contacted my bank that the funds were withdrawn from and have put a hold from this company to withdrawl and more funds. This company has taken {$1600.00} feom my account and refuses to pay it back to me.
4982,"My name is XXXX XXXX and I am filing this complaint in the name of XXXX XXXX, XXXX XXXX XXXX, XXXX NY XXXX She is XXXX XXXX XXXX with signs of XXXX and XXXX  related XXXX XXXX. She and my brother were married over 40 years when in XXXX of 2021 both got XXXX. My brother died, his wife survived XXXX bouts of XXXX and nervous breakdowns. She is unable to XXXXXXXX XXXX XXXX and will often forget vital information when anxious such as her address and name. She is currently receiving social security assistance due to her diagnosis. 
While she has family she has no estate and income other than government assistance. On her behalf, I tried to resolve the debt 's left by my brother after he passed and asked capital one to stop harassing her with daily phone calls and threatening letters and calls. She just does not have the money to pay them back and while I am prepared to go to court if they attempt to sue her, I am concerned at the price she will pay emotionally if subjected to court action. 

currently, she receives food stamps, daily XXXX assistance from social security, Medication for XXXX  XXXX stability and other medication to address XXXX  and other health problems."
4983,"I, XXXX XXXX, consumer, and natural person, am aware of all rights under the FCRA. The list of accounts below has violated my federally protected consumer rights to privacy and confidentiality under 15 U.S.C. 1681 XXXX XXXX account no. is XXXX .... 
XXXX  account no. is XXXX .... 
XXXX XXXX XXXX account no. is XXXX .... 
XXXX account no. is XXXX ..... 
XXXX account no. is XXXX ..... 
XXXX XXXX account no. is XXXX .... 
XXXX account no. is XXXX... 
XXXX account no. is XXXX ..... 

delete all these accounts or be fined {$1000.00} for each violation"
4984,"Subject : Dispute of Charged-Off Account and Missing 1099-C Form Dear Discover Bank, I am writing to dispute the information reported regarding my account, the "" charged off '' status that has been indicated. According to IRS guidelines, when a debt is charged off, the creditor is required to issue a Form 1099-C, Cancellation of Debt. 
As of today, I have not received the 1099-C form for this account, and I believe this constitutes a failure on your part to meet IRS reporting requirements. I am requesting that you either : 1. Provide me with the 1099-C form for the canceled debt, or 2. Remove the charged-off status from my account entirely if no 1099-C is issued. 

If this matter is not resolved promptly, I will have no choice but to contact the IRS and report this as potential fraud and noncompliance with federal tax laws. I expect to hear from you within 30 days to confirm either the issuance of the 1099-C or the removal of the charged-off notation. 
Please treat this matter with the urgency it deserves. 

Sincerely,"
4985,"I am writing to formally express my concerns regarding Zelles handling of disputes, particularly in light of the recent CFPB lawsuit highlighting significant issues with the platform. Despite using Zelle numerous times and reporting discrepancies, my financial institution and Zelle failed to investigate my claims adequately. They informed me that recovering lost funds was impossible and that tracking these transactions was unfeasible. The CFPBs finding indicate that Zelle has not only neglected to protect consumers but has also allowed repeat offenders to exploit the system, leaving users vulnerable to scams. The lack of accountability and transparency is unacceptable and raises serious concerns about consumer safety"
4986,"I'M WRITING YOU TO FORMARLY CONDEMN AND COMPLAIN AGAINST UPROVA FOR SCAM. THIS XXXX XXXX WEBSITE IS A SCAM. THEY BORROW ME A MONEY AND ALL OF A SUDDEN OVERTIME KEEPS WITHDRAWING MONEY FROM MY PRIMARY CHECKING ACCOUNT. IT'S ABOUT 400 % OF WHAT THEY BORROW ME. 
THE INTEREST RATES ARE HIGH AND THEY DIDN'T TELL ME NOTHING ABOUT THAT."
4987,"Unknown individuals attempted to open bank accounts in my name using my personal information with XXXX XXXX XXXX  and XXXX XXXX XXXX  without my knowledge or authorization.

These were fraudulent account applications and constitute identity theft. I did not apply for, authorize, or benefit from any of these attempted accounts.

Early Warning Services , LLC recorded and/or retained this fraudulent application activity in my consumer file. As a result, I have experienced denial of banking services and financial harm.

I disputed this information and requested that Early Warning Services block and delete all identity theftrelated information. However, Early Warning Services failed to properly investigate and failed to block or remove the fraudulent information as required under the Fair Credit Reporting Act."
4988,"First Progress Card did not give me a provisional credit for a dispute that I filed on XX/XX/2020. Violation of Regulation e. The case ID number is XXXX, I still have not received my item from merchant XXXX."
4989,"On XX/XX/XXXX an employee of the Bank of America XXXX XXXX XXXX sent an international wire to XXXX XXXX without first negotiating the correct bank and its destination. The Funds Transfer Request Authorization transaction form records that funds of XXXX dollars were sent mistakenly to XXXX , an "" additional '' or intermediary bank. THE final destination, a building society XXXX, however, was not written into the transaction at all. XXXX only uses XXXX as a clearinghouse for large automated tasks. The employee ignored the absolute necessity of listing two banks. Rather, he omitted XXXX, and gave the name and account number directly allocated to XXXX and its enormous headquarters in XXXX. This account number and name would only have legitimacy or meaning at XXXX XXXX XXXX, and not at XXXX XXXX main headquarters. On XX/XX/XXXX, after our trip, we studied the form and agreed to cancel the transaction using the Bank of America collect call overseas number on our FTRA form. We called again on XX/XX/XXXX and XX/XX/XXXX, but the transaction had not been cancelled because of their completely new requirement for XXXX to respond to their faulty wire transaction. We needed to explain repeatedly that we do not have an account at XXXX, and insisted that the error be corrected and our funds returned. On XX/XX/XXXX we have yet to ascertain the situation, although our funds have been "" floating '' or "" on hold '' now for 19 days because of the seriousness of the bank error. To prove our affiliation we have a checking account, checks, debit card and credit card with the correct XXXX account number ; XXXX is simply not able to recognise this transaction."
4990,"On XX/XX/XXXX, I contacted CFPB for assistance due to my mortgage company, Shellpoint Mortgage, refusing to remove lender placed insurance fees from my mortgage payment even after I provided proof of my own homeowners insurance policy in XXXX, XXXX. 

In my CFPB complaint, I requested that Shellpoint refund me the approximately {$600.00} more per month they have been charging me ( adding on to my mortgage payment ) for a lender placed policy for the past XXXX XXXX months. CFPB gave a complaint case number of XXXX. 
Today, XX/XX/XXXX, I received a letter from Shellpoint falsely alleging that I had recently inquired with them to find out who the owner of my mortgage loan is. 
I never inquired with Shellpoint about who the owner of my loan is as I have been under the impression all this time that Shellpoint / Newrez is the owner of my loan because they have held themselves out to be. 
In the Shellpoint letter I received today ( XX/XX/XXXX ), it states that XXXX XXXX XXXX is the owner of my home loan. 

I want Shellpoint / Newrez and Metropolitan Life to explain to me why I was never informed that XXXX XXXX XXXX owns my home loan. Please see the attached letter I received from Shellpoint today ( XX/XX/XXXX ). 

Shellpoint has never provided me with a refund for continuing to charge me the extra {$600.00} - {$700.00} per month for a lender placed policy I didnt need as they have had my homeowners insurance policy information since XXXX, XXXX. My mortgage payment should only be {$690.00} per month, not {$1300.00} + per month. Please give me guidance on what other Federal Agencies can assist me on this situation in which I am being abused and taken advantage of by Shellpoint Mortgage."
4991,Someone opened a Best Buy credit card in my name and charged {$3900.00} to it on XX/XX/XXXX. I received the Best Buy card in the mail on XX/XX/XXXX and closed the account on XX/XX/XXXX. I received the bill from Best Buy through the mail on XX/XX/XXXX. Prior to this I had not realized the card had actually been used.
4992,"I am filing this complaint regarding a missing federal tax refund deposit that the IRS has confirmed was successfully deposited and accepted by my bank, PNC Bank. On XX/XX/XXXX, the IRS Wheres My Refund tool showed that my XXXX federal tax refund in the amount of approximately {$380.00} ( adjusted to approximately {$340.00} after XXXX fees ) was sent via direct deposit to my PNC Bank account. After not receiving the funds within the expected timeframe, I contacted PNC Bank multiple times ( approximately 23 times ). Each time, I was told that no such deposit was received and that there was no record of the funds. I then contacted the IRS directly. The IRS confirmed that : The refund was successfully issued The funds were deposited to my account on XX/XX/XXXX The receiving bank ( PNC Bank ) accepted the deposit Following this, I also contacted XXXX, as they were the third-party involved in processing the refund. XXXX confirmed that the funds were not held or delayed on their end and that the deposit was successfully sent forward to my bank. Despite this, PNC Bank continues to state that they can not locate the funds and has not provided me with a clear explanation, trace investigation, or resolution. At this point, I have made multiple good-faith attempts to resolve this issue directly with the bank. I am requesting that PNC Bank : Conduct a full ACH trace investigation into this deposit Provide documentation of where the funds were routed after being accepted Locate and credit my missing tax refund immediately As of XX/XX/XXXX I have spoken to a branch manager twice with no results. This situation has caused significant frustration and concern, as federal funds confirmed as deposited and accepted should not be unaccounted for. I am seeking prompt resolution and accountability. If this is not handled I will be seeking legal action"
4993,The account was on automatic payment for almost 22yrs I lost my check book and account number changed in bank On XX/XX/XXXX the total balance amount paid in full {$130.00} On XX/XX/XXXX the bank returned payment and card company charge me {$29.00} fee On XX/XX/XXXX I had a call with the agent and requested to reversal {$29.00} as one time credit and she gave me the balance amount to be paid is {$130.00} I made the balance payment of {$130.00} and was thinking balance is XXXX and did not check the online statements but she never removed the amount and {$29.00} it was showing on my account for past 2 months as I was due Due to the agents wrong communication and miscommunication issues I'm suffering from credit rating loss and I worked very hard to bring my credit to good standing and always respect creditors money - and paid on time or before time Due to this minor communication issue the credit really damaged big time and I'm suffering from mental stress Please let me know how do I go by fixing this problem and request your good self to guide me Thanks a million
4994,"XXXX XXXX Cash app name XXXX XXXXXXXX Email XXXX They suddenly for no reason, shut down my account. They said they shut it down permanently! With absolutely no explanation. I called their XXXX number to find out why. And the person on the other end said they have no reason why. I need this account. I rely on this account. And they just shut it down for no reason. I have a right to know exactly the reason why they shut my account down. There is nothing on my end that I could understand would have been a problem."
4995,"I received a Copy B of a 1099-C form from Nelnet on behalf of a private student loan with their company Firstmark Servicers LLC XXXX XX/XX/2023. This form indicates : "" You received this form because a Federal Government agency or an applicable financial entity ( a creditor ) has discharged ( canceled or forgiven ) a debt you owed, or because an identifiable event has occurred that either is or is deemed to be a discharge of a debt of {$600.00} or more. '' The debt obligation has been discharged, however, this has not reflected on my account with them and they have continued to send me communications stating repayment status has initiated."
4996,"My home went into foreclosure with Ditech XX/XX/2016. In XXXX I was working with Keep your home California with help on getting caught up with my mortgage. I was in Foreclosure at the time and Ditech refused to work with me and Keep your home California. I continued to send in the paperwork they requested but they kept saying they did not receive it. Then I received the sales date where they were going to Auction my house on XX/XX/2016. One week prior I found a cash buyer, they needed a payoff amount and again Ditech refused to disclose it and said it would be mailed. The buyer tried to get them to move the sale date ahead a week to wait on the info and get the finance together, again Ditech refused. No one bid on the house at the Auction so it reverted back to them. They then sold the house the end of XXXX for XXXX I owed approx XXXX, they profited about XXXX. I feel this is Unjust Enrichment, Fraud, Fraudulent Transfer, Robo and Dual tracking. My wife of 35 years and I have been homeless since our home was stolen by these crooks. The FTC found them guilty of tons of stuff and fined them around XXXX XXXX. 

Ditech 's Account number was XXXX. Sales Notice CA XXXX-Property address- XXXX Ca XXXX"
4997,"I have disputed this item with the credit reporting agency and they reported you confirmed the account as valid. I honestly do not believe to ever have any relationship with this collection agency or original creditor. Also, there are several inaccuracies with this account the way it's reporting and that's a total violation of FCRA and FDCPA laws and regulations. In a good faith effort to resolve the matter amicably, I must demand proof of this debt, specifically the alleged contract or other instrument bearing my signature, as well as proof of your authority in this matter. Absent such proof, you must correct any erroneous reports of this past debt as mine. I am writing to request that you please provide the following information : 1. Please evidence your authorization under 15 USC 1692 ( e ) and 15 USC 1692 ( f ) in this alleged matter. 2. What is your authorization of law for your collection of information? 3. What is your authorization of law for your collection of this alleged debt? 4. Please evidence your authorization to do business or operate in this state. 5. Please evidence proof of the alleged debt, including the alleged contract or other instrument bearing my signature. 6. Please provide a complete account history, including any charges added for collection activity."
4998,"I paid the debt in a settlement on XX/XX/year> and I received a delete letter for the amount that I paid in the Settlement. I sent the delete letter to collection agency and they removed the debt from XXXX and XXXX, but I can still see the debt on XXXX. I contacted the collection agency and they say that they can not find the debt and that it may be due to how long ago I settled on the debt. I submitted a dispute with XXXX but their automated response was that the debt was verified and that they could not remove it fro their report. 

I will be calling XXXX directly tomorrow, but I wanted to file a complaint with CFPB to see if I could have some assistance with removing this debt from my XXXX Credit report."
4999,"Loan was with XXXX XXXX XXXX first, was transferred to Nationstar Mortgage now Mr Cooper ( see balance reduction letter XX/XX/2012 ) was transferred in process like so many other people! Faxed plenty of times always missing something even with proof of fax! Bank wont honor letter and always refute a complaint even when you have proof! Do the right thing i guess is not what banks do!"
